symbol,strategy,direction,entry_datetime,exit_datetime,exit_reason,pnl_net,r_multiple,capital_after
XAUT/USDT:USDT,v1_sniper,short,2025-11-23 16:45:00+00:00,2025-11-23 23:00:00+00:00,stop_loss,-3.211674149835966,-1.605837074917983,96.78832585016403
NCSKAMZN2USD/USDT:USDT,v1_sniper,long,2025-11-24 08:30:00+00:00,2025-11-24 09:15:00+00:00,stop_loss,-2.444331027038792,-1.222165513519396,94.34399482312524
ETH/USDT:USDT,v1_sniper,short,2025-11-24 09:15:00+00:00,2025-11-24 14:30:00+00:00,stop_loss,-2.211919426117934,-1.105959713058967,92.13207539700731
NCSKAMZN2USD/USDT:USDT,v1_sniper,short,2025-11-24 09:30:00+00:00,2025-11-24 14:30:00+00:00,stop_loss,-2.475821754229785,-1.2379108771148926,89.65625364277753
SOL/USDT:USDT,v1_sniper,long,2025-11-24 15:45:00+00:00,2025-11-24 17:15:00+00:00,take_profit,3.826275192753075,1.9131375963765376,93.4825288355306
NCSKAMZN2USD/USDT:USDT,v1_sniper,short,2025-11-25 13:45:00+00:00,2025-11-25 14:30:00+00:00,take_profit,3.3694454940420115,1.6847227470210058,96.85197432957261
HYPE/USDT:USDT,v1_sniper,short,2025-11-26 09:30:00+00:00,2025-11-26 10:00:00+00:00,take_profit,3.7343074427588987,1.8671537213794493,100.58628177233152
SOL/USDT:USDT,v1_sniper,short,2025-11-26 08:15:00+00:00,2025-11-26 12:00:00+00:00,take_profit,3.7677368476740116,1.8838684238370058,104.35401862000553
NCSKAMZN2USD/USDT:USDT,v1_sniper,short,2025-11-26 14:15:00+00:00,2025-11-26 14:30:00+00:00,take_profit,3.308268963631389,1.6541344818156944,107.66228758363692
BNB/USDT:USDT,v1_sniper,long,2025-11-26 13:45:00+00:00,2025-11-26 16:45:00+00:00,take_profit,3.6649585707387824,1.8324792853693912,111.3272461543757
ETH/USDT:USDT,v1_sniper,short,2025-11-26 08:00:00+00:00,2025-11-26 17:15:00+00:00,stop_loss,-2.208602714736114,-1.104301357368057,109.11864343963958
XAUT/USDT:USDT,v1_sniper,long,2025-11-26 23:00:00+00:00,2025-11-27 01:00:00+00:00,stop_loss,-3.1772251855677967,-1.5886125927838983,105.94141825407179
ADA/USDT:USDT,v1_sniper,short,2025-11-27 08:00:00+00:00,2025-11-27 09:30:00+00:00,stop_loss,-2.263430085526478,-1.131715042763239,103.67798816854531
ETH/USDT:USDT,v1_sniper,short,2025-11-27 08:00:00+00:00,2025-11-27 09:30:00+00:00,stop_loss,-2.3814394722273518,-1.1907197361136759,101.29654869631796
BNB/USDT:USDT,v1_sniper,short,2025-11-27 08:00:00+00:00,2025-11-27 18:30:00+00:00,stop_loss,-2.37258627395345,-1.186293136976725,98.92396242236451
ADA/USDT:USDT,v1_sniper,long,2025-11-28 08:15:00+00:00,2025-11-28 08:45:00+00:00,take_profit,3.7449240379192563,1.8724620189596282,102.66888646028377
SOL/USDT:USDT,v1_sniper,long,2025-11-28 08:45:00+00:00,2025-11-28 09:00:00+00:00,take_profit,3.596940297215426,1.798470148607713,106.2658267574992
BNB/USDT:USDT,v1_sniper,long,2025-11-28 13:30:00+00:00,2025-11-28 13:45:00+00:00,take_profit,3.5192270059167137,1.7596135029583568,109.78505376341592
HYPE/USDT:USDT,v1_sniper,long,2025-11-28 10:00:00+00:00,2025-11-28 14:00:00+00:00,take_profit,3.8042985846153776,1.9021492923076888,113.5893523480313
SOL/USDT:USDT,v1_sniper,short,2025-11-28 15:45:00+00:00,2025-11-28 16:15:00+00:00,take_profit,3.750476874553248,1.875238437276624,117.33982922258454
HYPE/USDT:USDT,v1_sniper,short,2025-11-28 15:45:00+00:00,2025-11-28 17:30:00+00:00,take_profit,3.8589638885373163,1.9294819442686582,121.19879311112186
BNB/USDT:USDT,v1_sniper,long,2025-11-29 15:15:00+00:00,2025-11-29 17:30:00+00:00,stop_loss,-2.5846057353544167,-1.2923028676772084,118.61418737576744
SOL/USDT:USDT,v1_sniper,long,2025-11-30 08:00:00+00:00,2025-11-30 12:30:00+00:00,take_profit,3.272408066233472,1.636204033116736,121.88659544200091
SOL/USDT:USDT,v1_sniper,long,2025-12-01 08:00:00+00:00,2025-12-01 12:30:00+00:00,stop_loss,-2.3218077646176756,-1.1609038823088378,119.56478767738324
NCSINASDAQ1002USD/USDT:USDT,v1_sniper,long,2025-12-01 08:15:00+00:00,2025-12-01 12:30:00+00:00,stop_loss,-2.8142602505819463,-1.4071301252909731,116.75052742680128
NCSINASDAQ1002USD/USDT:USDT,v1_sniper,long,2025-12-02 08:45:00+00:00,2025-12-02 11:30:00+00:00,take_profit,3.0891338598820615,1.5445669299410307,119.83966128668335
NCSISP5002USD/USDT:USDT,v1_sniper,long,2025-12-02 08:45:00+00:00,2025-12-02 14:00:00+00:00,take_profit,2.8963893027564382,1.4481946513782191,122.73605058943978
ADA/USDT:USDT,v1_sniper,short,2025-12-03 09:30:00+00:00,2025-12-03 11:00:00+00:00,take_profit,3.6832295707576543,1.8416147853788272,126.41928016019745
NCSINASDAQ1002USD/USDT:USDT,v1_sniper,short,2025-12-03 08:15:00+00:00,2025-12-03 14:00:00+00:00,take_profit,2.5278961909329296,1.2639480954664648,128.94717635113037
NCSISP5002USD/USDT:USDT,v1_sniper,short,2025-12-03 08:30:00+00:00,2025-12-03 14:00:00+00:00,take_profit,2.7400916743467523,1.3700458371733761,131.68726802547712
NCSISP5002USD/USDT:USDT,v1_sniper,short,2025-12-03 14:15:00+00:00,2025-12-03 19:45:00+00:00,stop_loss,-2.4239424058547443,-1.2119712029273721,129.26332561962238
SOL/USDT:USDT,v1_sniper,short,2025-12-04 08:00:00+00:00,2025-12-04 14:45:00+00:00,take_profit,3.641681004498101,1.8208405022490506,132.9050066241205
ADA/USDT:USDT,v1_sniper,short,2025-12-04 08:30:00+00:00,2025-12-04 14:45:00+00:00,take_profit,3.644439093917015,1.8222195469585074,136.5494457180375
ETH/USDT:USDT,v1_sniper,long,2025-12-04 15:45:00+00:00,2025-12-04 16:45:00+00:00,stop_loss,-2.2025131822534383,-1.1012565911267191,134.34693253578408
NCSINASDAQ1002USD/USDT:USDT,v1_sniper,short,2025-12-04 14:45:00+00:00,2025-12-05 02:45:00+00:00,time_exit,-1.4983040387318114,-0.7491520193659057,132.84862849705226
NCSKAMZN2USD/USDT:USDT,v1_sniper,short,2025-12-04 14:45:00+00:00,2025-12-05 02:45:00+00:00,time_exit,0.16014690091968162,0.08007345045984081,133.00877539797193
NCSKAAPL2USD/USDT:USDT,v1_sniper,short,2025-12-05 13:30:00+00:00,2025-12-05 14:30:00+00:00,stop_loss,-3.011995744680939,-1.5059978723404694,129.996779653291
NCSINASDAQ1002USD/USDT:USDT,v1_sniper,short,2025-12-08 15:30:00+00:00,2025-12-08 18:45:00+00:00,take_profit,3.1969310827468083,1.5984655413734041,133.1937107360378
SOL/USDT:USDT,v1_sniper,short,2025-12-08 15:15:00+00:00,2025-12-08 23:15:00+00:00,take_profit,3.8497437426420955,1.9248718713210478,137.04345447867988
BNB/USDT:USDT,v1_sniper,long,2025-12-09 15:15:00+00:00,2025-12-09 15:30:00+00:00,take_profit,3.521023672424223,1.7605118362121115,140.5644781511041
NCSKAMZN2USD/USDT:USDT,v1_sniper,long,2025-12-09 15:45:00+00:00,2025-12-10 03:45:00+00:00,time_exit,0.03137131448359873,0.015685657241799364,140.59584946558772
HYPE/USDT:USDT,v1_sniper,long,2025-12-11 13:45:00+00:00,2025-12-11 15:15:00+00:00,take_profit,3.8318344631285135,1.9159172315642568,144.42768392871622
NCSKAMZN2USD/USDT:USDT,v1_sniper,short,2025-12-11 15:45:00+00:00,2025-12-11 16:15:00+00:00,take_profit,3.4518867456019393,1.7259433728009697,147.87957067431816
NCSKAAPL2USD/USDT:USDT,v1_sniper,short,2025-12-11 14:45:00+00:00,2025-12-12 02:45:00+00:00,time_exit,-1.7958651162577335,-0.8979325581288667,146.08370555806042
SOL/USDT:USDT,v1_sniper,short,2025-12-12 08:15:00+00:00,2025-12-12 08:30:00+00:00,take_profit,3.441170100132791,1.7205850500663955,149.5248756581932
HYPE/USDT:USDT,v1_sniper,short,2025-12-12 09:00:00+00:00,2025-12-12 09:45:00+00:00,stop_loss,-2.447084400110856,-1.223542200055428,147.07779125808233
NCSKAMZN2USD/USDT:USDT,v1_sniper,long,2025-12-12 13:30:00+00:00,2025-12-12 14:30:00+00:00,stop_loss,-2.84401244669512,-1.42200622334756,144.2337788113872
NCSINASDAQ1002USD/USDT:USDT,v1_sniper,long,2025-12-12 14:00:00+00:00,2025-12-12 14:30:00+00:00,stop_loss,-3.101344377396725,-1.5506721886983625,141.13243443399048
NCSKAMZN2USD/USDT:USDT,v1_sniper,short,2025-12-12 14:30:00+00:00,2025-12-12 14:45:00+00:00,take_profit,3.516310917282207,1.7581554586411035,144.64874535127268
BNB/USDT:USDT,v1_sniper,long,2025-12-12 13:30:00+00:00,2025-12-12 15:15:00+00:00,stop_loss,-2.753439558127346,-1.376719779063673,141.89530579314533
ADA/USDT:USDT,v1_sniper,long,2025-12-13 08:15:00+00:00,2025-12-13 10:15:00+00:00,take_profit,3.4359225052814697,1.7179612526407348,145.3312282984268
ETH/USDT:USDT,v1_sniper,short,2025-12-13 13:30:00+00:00,2025-12-13 15:00:00+00:00,stop_loss,-2.4647869925501706,-1.2323934962750853,142.86644130587663
HYPE/USDT:USDT,v1_sniper,short,2025-12-14 08:45:00+00:00,2025-12-14 09:30:00+00:00,take_profit,3.6604965928503583,1.8302482964251792,146.526937898727
XAUT/USDT:USDT,v1_sniper,long,2025-12-14 19:00:00+00:00,2025-12-14 23:00:00+00:00,stop_loss,-3.8184747021291967,-1.9092373510645984,142.7084631965978
NCSKAAPL2USD/USDT:USDT,v1_sniper,long,2025-12-15 13:30:00+00:00,2025-12-15 14:15:00+00:00,take_profit,2.8986372393551023,1.4493186196775512,145.6071004359529
NCSINASDAQ1002USD/USDT:USDT,v1_sniper,long,2025-12-15 14:00:00+00:00,2025-12-15 14:30:00+00:00,stop_loss,-3.0218611793862964,-1.5109305896931482,142.5852392565666
ADA/USDT:USDT,v1_sniper,short,2025-12-15 08:00:00+00:00,2025-12-15 14:45:00+00:00,take_profit,3.7816632903177463,1.8908316451588731,146.36690254688435
ETH/USDT:USDT,v1_sniper,short,2025-12-15 14:15:00+00:00,2025-12-15 14:45:00+00:00,take_profit,3.6330592790673095,1.8165296395336548,149.99996182595166
SOL/USDT:USDT,v1_sniper,short,2025-12-15 15:00:00+00:00,2025-12-15 18:30:00+00:00,take_profit,3.9186737698082674,1.9593368849041337,153.91863559575992
NCSKAMZN2USD/USDT:USDT,v1_sniper,short,2025-12-15 14:45:00+00:00,2025-12-16 02:45:00+00:00,time_exit,2.9270293645548517,1.4635146822774259,156.84566496031476
NCSKAAPL2USD/USDT:USDT,v1_sniper,short,2025-12-15 14:45:00+00:00,2025-12-16 02:45:00+00:00,time_exit,0.9562774510686182,0.4781387255343091,157.80194241138338
HYPE/USDT:USDT,v1_sniper,long,2025-12-16 09:30:00+00:00,2025-12-16 10:30:00+00:00,take_profit,3.6605695344987415,1.8302847672493707,161.4625119458821
NCSKAMZN2USD/USDT:USDT,v1_sniper,long,2025-12-16 08:15:00+00:00,2025-12-16 11:30:00+00:00,take_profit,3.4253148581910433,1.7126574290955217,164.88782680407314
NCSISP5002USD/USDT:USDT,v1_sniper,long,2025-12-16 08:15:00+00:00,2025-12-16 13:30:00+00:00,take_profit,2.988949816740631,1.4944749083703155,167.87677662081379
NCSINASDAQ1002USD/USDT:USDT,v1_sniper,long,2025-12-16 08:15:00+00:00,2025-12-16 13:30:00+00:00,take_profit,3.4229067970981486,1.7114533985490743,171.29968341791192
SOL/USDT:USDT,v1_sniper,short,2025-12-16 13:45:00+00:00,2025-12-16 14:45:00+00:00,stop_loss,-2.1972158460151467,-1.0986079230075734,169.10246757189677
BNB/USDT:USDT,v1_sniper,long,2025-12-17 13:45:00+00:00,2025-12-17 14:45:00+00:00,stop_loss,-2.55390702320722,-1.27695351160361,166.54856054868955
SOL/USDT:USDT,v1_sniper,long,2025-12-17 13:45:00+00:00,2025-12-17 14:45:00+00:00,stop_loss,-2.236953358820339,-1.1184766794101695,164.31160718986922
BNB/USDT:USDT,v1_sniper,long,2025-12-17 15:00:00+00:00,2025-12-17 15:45:00+00:00,stop_loss,-2.193523138063397,-1.0967615690316985,162.11808405180582
ETH/USDT:USDT,v1_sniper,long,2025-12-17 15:00:00+00:00,2025-12-17 15:45:00+00:00,stop_loss,-2.1179675214236786,-1.0589837607118393,160.00011653038214
NCSKAAPL2USD/USDT:USDT,v1_sniper,short,2025-12-17 15:45:00+00:00,2025-12-17 16:30:00+00:00,take_profit,3.400579655120942,1.700289827560471,163.40069618550308
ETH/USDT:USDT,v1_sniper,short,2025-12-17 16:00:00+00:00,2025-12-18 04:00:00+00:00,time_exit,1.8556145638535384,0.9278072819267692,165.25631074935663
BTC/USDT:USDT,v1_sniper,short,2025-12-17 16:00:00+00:00,2025-12-18 04:00:00+00:00,time_exit,0.7951907054558492,0.3975953527279246,166.05150145481247
HYPE/USDT:USDT,v1_sniper,long,2025-12-18 09:45:00+00:00,2025-12-18 17:15:00+00:00,stop_loss,-2.087720510726148,-1.043860255363074,163.96378094408632
NCSISP5002USD/USDT:USDT,v1_sniper,short,2025-12-19 13:30:00+00:00,2025-12-19 14:15:00+00:00,stop_loss,-3.525235754696265,-1.7626178773481325,160.43854518939006
SOL/USDT:USDT,v1_sniper,long,2025-12-20 15:45:00+00:00,2025-12-20 18:00:00+00:00,stop_loss,-2.471557416844103,-1.2357787084220515,157.96698777254596
ADA/USDT:USDT,v1_sniper,long,2025-12-21 08:30:00+00:00,2025-12-21 08:45:00+00:00,take_profit,3.5634469863380596,1.7817234931690298,161.530434758884
SOL/USDT:USDT,v1_sniper,long,2025-12-21 08:45:00+00:00,2025-12-21 13:00:00+00:00,stop_loss,-2.391247542138136,-1.195623771069068,159.13918721674588
NCSINASDAQ1002USD/USDT:USDT,v1_sniper,short,2025-12-22 08:45:00+00:00,2025-12-22 12:15:00+00:00,stop_loss,-3.3199920803411223,-1.6599960401705611,155.81919513640477
HYPE/USDT:USDT,v1_sniper,short,2025-12-22 14:15:00+00:00,2025-12-22 15:15:00+00:00,take_profit,3.8127293955570973,1.9063646977785487,159.63192453196186
NCSKAAPL2USD/USDT:USDT,v1_sniper,long,2025-12-23 08:30:00+00:00,2025-12-23 14:30:00+00:00,stop_loss,-3.0439900709218053,-1.5219950354609026,156.58793446104005
NCSKAMZN2USD/USDT:USDT,v1_sniper,long,2025-12-23 14:30:00+00:00,2025-12-23 14:45:00+00:00,take_profit,3.5901920922756387,1.7950960461378194,160.17812655331568
NCSKAAPL2USD/USDT:USDT,v1_sniper,short,2025-12-24 08:00:00+00:00,2025-12-24 14:30:00+00:00,stop_loss,-3.2436242932587818,-1.6218121466293909,156.9345022600569
BNB/USDT:USDT,v1_sniper,long,2025-12-24 13:30:00+00:00,2025-12-24 14:30:00+00:00,stop_loss,-2.518079146754224,-1.259039573377112,154.41642311330267
ADA/USDT:USDT,v1_sniper,short,2025-12-25 08:30:00+00:00,2025-12-25 10:30:00+00:00,take_profit,3.775413268608411,1.8877066343042055,158.1918363819111
ETH/USDT:USDT,v1_sniper,long,2025-12-25 13:45:00+00:00,2025-12-25 15:15:00+00:00,take_profit,3.4288099918965274,1.7144049959482637,161.6206463738076
BNB/USDT:USDT,v1_sniper,long,2025-12-25 15:15:00+00:00,2025-12-25 15:30:00+00:00,take_profit,2.677980901127717,1.3389904505638586,164.2986272749353
ADA/USDT:USDT,v1_sniper,long,2025-12-25 15:30:00+00:00,2025-12-25 15:45:00+00:00,take_profit,3.693341176470572,1.846670588235286,167.99196845140588
BTC/USDT:USDT,v1_sniper,short,2025-12-26 08:00:00+00:00,2025-12-26 15:00:00+00:00,take_profit,3.7691638312235898,1.8845819156117949,171.76113228262946
BNB/USDT:USDT,v1_sniper,short,2025-12-27 09:30:00+00:00,2025-12-27 10:15:00+00:00,stop_loss,-2.637898111334831,-1.3189490556674155,169.12323417129463
SOL/USDT:USDT,v1_sniper,short,2025-12-28 15:45:00+00:00,2025-12-28 18:15:00+00:00,take_profit,3.341835087719277,1.6709175438596384,172.46506925901392
NCSKAMZN2USD/USDT:USDT,v1_sniper,short,2025-12-26 14:15:00+00:00,2025-12-29 07:15:00+00:00,time_exit,-0.5244322499777786,-0.2622161249888893,171.94063700903612
NCSISP5002USD/USDT:USDT,v1_sniper,long,2025-12-29 14:30:00+00:00,2025-12-29 14:45:00+00:00,stop_loss,-3.293829859406474,-1.646914929703237,168.64680714962964
NCSINASDAQ1002USD/USDT:USDT,v1_sniper,long,2025-12-29 14:30:00+00:00,2025-12-29 14:45:00+00:00,stop_loss,-3.041379226886086,-1.520689613443043,165.60542792274356
HYPE/USDT:USDT,v1_sniper,short,2025-12-29 09:45:00+00:00,2025-12-29 15:15:00+00:00,stop_loss,-2.1877778841251767,-1.0938889420625884,163.41765003861838
ETH/USDT:USDT,v1_sniper,short,2025-12-29 09:45:00+00:00,2025-12-29 21:45:00+00:00,time_exit,1.7756629997672808,0.8878314998836404,165.19331303838567
HYPE/USDT:USDT,v1_sniper,short,2025-12-30 09:00:00+00:00,2025-12-30 21:00:00+00:00,time_exit,0.6717904143141964,0.3358952071570982,165.86510345269986
HYPE/USDT:USDT,v1_sniper,short,2025-12-31 08:00:00+00:00,2025-12-31 09:30:00+00:00,stop_loss,-2.441430726018542,-1.220715363009271,163.4236727266813
NCSKAMZN2USD/USDT:USDT,v1_sniper,short,2025-12-31 08:15:00+00:00,2025-12-31 09:45:00+00:00,stop_loss,-3.0183167097775017,-1.5091583548887508,160.4053560169038
SOL/USDT:USDT,v1_sniper,short,2025-12-31 08:45:00+00:00,2025-12-31 09:45:00+00:00,stop_loss,-2.427624540180239,-1.2138122700901195,157.97773147672356
NCSKAMZN2USD/USDT:USDT,v1_sniper,long,2025-12-31 14:00:00+00:00,2025-12-31 14:30:00+00:00,stop_loss,-2.926011562471717,-1.4630057812358586,155.05171991425183
NCSKAAPL2USD/USDT:USDT,v1_sniper,long,2025-12-31 13:45:00+00:00,2025-12-31 15:45:00+00:00,stop_loss,-2.964079056331234,-1.482039528165617,152.0876408579206
BTC/USDT:USDT,v1_sniper,short,2025-12-31 14:45:00+00:00,2025-12-31 16:30:00+00:00,take_profit,3.6615712892119276,1.8307856446059638,155.74921214713254
BNB/USDT:USDT,v1_sniper,short,2025-12-31 15:00:00+00:00,2026-01-01 02:00:00+00:00,stop_loss,-2.247251841533696,-1.123625920766848,153.50196030559886
ETH/USDT:USDT,v1_sniper,short,2025-12-31 15:15:00+00:00,2026-01-01 03:15:00+00:00,time_exit,-0.5668678424111675,-0.28343392120558375,152.9350924631877
ADA/USDT:USDT,v1_sniper,short,2026-01-02 08:00:00+00:00,2026-01-02 09:00:00+00:00,stop_loss,-2.3200966072736278,-1.1600483036368139,150.61499585591406
BTC/USDT:USDT,v1_sniper,short,2026-01-02 14:00:00+00:00,2026-01-02 14:15:00+00:00,take_profit,3.2968438018071877,1.6484219009035939,153.91183965772126
NCSKAMZN2USD/USDT:USDT,v1_sniper,short,2026-01-02 14:15:00+00:00,2026-01-02 14:30:00+00:00,stop_loss,-2.5616203168972222,-1.2808101584486111,151.35021934082403
ETH/USDT:USDT,v1_sniper,short,2026-01-02 14:15:00+00:00,2026-01-02 14:30:00+00:00,stop_loss,-2.474080664200419,-1.2370403321002095,148.8761386766236
HYPE/USDT:USDT,v1_sniper,short,2026-01-02 14:15:00+00:00,2026-01-02 14:30:00+00:00,stop_loss,-2.32656483516485,-1.163282417582425,146.54957384145877
SOL/USDT:USDT,v1_sniper,short,2026-01-02 14:15:00+00:00,2026-01-02 14:45:00+00:00,stop_loss,-2.4244368726399816,-1.2122184363199908,144.1251369688188
NCSKAAPL2USD/USDT:USDT,v1_sniper,short,2026-01-02 15:15:00+00:00,2026-01-02 16:00:00+00:00,take_profit,3.7557959278650292,1.8778979639325146,147.88093289668382
BNB/USDT:USDT,v1_sniper,long,2026-01-03 13:30:00+00:00,2026-01-03 14:30:00+00:00,stop_loss,-3.122019814209019,-1.5610099071045096,144.7589130824748
HYPE/USDT:USDT,v1_sniper,long,2026-01-03 14:30:00+00:00,2026-01-03 16:30:00+00:00,take_profit,3.6136149583939607,1.8068074791969804,148.37252804086876
SOL/USDT:USDT,v1_sniper,long,2026-01-03 14:30:00+00:00,2026-01-03 22:30:00+00:00,take_profit,3.589906954818216,1.794953477409108,151.96243499568698
ADA/USDT:USDT,v1_sniper,short,2026-01-04 14:30:00+00:00,2026-01-04 16:30:00+00:00,stop_loss,-2.4190910259461815,-1.2095455129730908,149.5433439697408
SOL/USDT:USDT,v1_sniper,long,2026-01-05 15:45:00+00:00,2026-01-05 20:00:00+00:00,take_profit,3.8135600119458455,1.9067800059729227,153.35690398168663
NCSKAMZN2USD/USDT:USDT,v1_sniper,short,2026-01-06 08:15:00+00:00,2026-01-06 08:30:00+00:00,take_profit,3.1919815171108885,1.5959907585554443,156.54888549879752
XAUT/USDT:USDT,v1_sniper,long,2026-01-06 02:00:00+00:00,2026-01-06 14:00:00+00:00,time_exit,1.8999473515665906,0.9499736757832953,158.4488328503641
NCSKAMZN2USD/USDT:USDT,v1_sniper,long,2026-01-06 14:45:00+00:00,2026-01-06 17:00:00+00:00,take_profit,3.813515935453118,1.906757967726559,162.26234878581724
ADA/USDT:USDT,v1_sniper,short,2026-01-07 09:45:00+00:00,2026-01-07 14:30:00+00:00,take_profit,3.8357376142385062,1.9178688071192531,166.09808640005573
HYPE/USDT:USDT,v1_sniper,long,2026-01-08 14:45:00+00:00,2026-01-08 15:00:00+00:00,take_profit,3.6908145006515913,1.8454072503257957,169.78890090070732
SOL/USDT:USDT,v1_sniper,long,2026-01-08 15:15:00+00:00,2026-01-08 21:45:00+00:00,take_profit,3.8715035278040264,1.9357517639020132,173.66040442851136
BTC/USDT:USDT,v1_sniper,long,2026-01-08 15:15:00+00:00,2026-01-09 03:15:00+00:00,time_exit,1.249923886889083,0.6249619434445415,174.91032831540045
BNB/USDT:USDT,v1_sniper,short,2026-01-09 08:00:00+00:00,2026-01-09 08:45:00+00:00,take_profit,3.1885252265491344,1.5942626132745672,178.09885354194958
SOL/USDT:USDT,v1_sniper,short,2026-01-09 08:00:00+00:00,2026-01-09 08:45:00+00:00,take_profit,3.72088493258809,1.860442466294045,181.81973847453767
NCSINASDAQ1002USD/USDT:USDT,v1_sniper,short,2026-01-09 14:15:00+00:00,2026-01-09 14:30:00+00:00,take_profit,3.0764303671023714,1.5382151835511857,184.89616884164005
ADA/USDT:USDT,v1_sniper,short,2026-01-09 08:45:00+00:00,2026-01-09 15:15:00+00:00,stop_loss,-2.2181308750687996,-1.1090654375343998,182.67803796657125
SOL/USDT:USDT,v1_sniper,long,2026-01-09 15:30:00+00:00,2026-01-09 18:30:00+00:00,stop_loss,-2.111927553506126,-1.055963776753063,180.56611041306513
HYPE/USDT:USDT,v1_sniper,short,2026-01-09 09:00:00+00:00,2026-01-09 21:00:00+00:00,time_exit,2.545322587761268,1.272661293880634,183.1114330008264
ETH/USDT:USDT,v1_sniper,long,2026-01-09 15:30:00+00:00,2026-01-10 03:30:00+00:00,time_exit,-1.0468808554562683,-0.5234404277281341,182.06455214537013
BNB/USDT:USDT,v1_sniper,short,2026-01-10 08:00:00+00:00,2026-01-10 09:00:00+00:00,take_profit,2.9462787216005104,1.4731393608002552,185.01083086697065
HYPE/USDT:USDT,v1_sniper,long,2026-01-10 09:00:00+00:00,2026-01-10 10:45:00+00:00,take_profit,3.6471637858470918,1.8235818929235459,188.65799465281773
BNB/USDT:USDT,v1_sniper,long,2026-01-11 14:15:00+00:00,2026-01-11 14:45:00+00:00,stop_loss,-2.6845403455402277,-1.3422701727701138,185.9734543072775
BNB/USDT:USDT,v1_sniper,short,2026-01-11 14:45:00+00:00,2026-01-11 15:45:00+00:00,take_profit,3.40241798175993,1.701208990879965,189.37587228903743
HYPE/USDT:USDT,v1_sniper,short,2026-01-12 08:00:00+00:00,2026-01-12 08:30:00+00:00,take_profit,3.7210531337621657,1.8605265668810829,193.0969254227996
ETH/USDT:USDT,v1_sniper,short,2026-01-12 08:00:00+00:00,2026-01-12 08:45:00+00:00,take_profit,3.64995971368169,1.824979856840845,196.74688513648127
NCSISP5002USD/USDT:USDT,v1_sniper,long,2026-01-12 14:45:00+00:00,2026-01-13 03:45:00+00:00,time_exit,0.6783016603475798,0.3391508301737899,197.42518679682885
NCSKAMZN2USD/USDT:USDT,v1_sniper,short,2026-01-13 15:15:00+00:00,2026-01-14 03:15:00+00:00,time_exit,1.4099997641247186,0.7049998820623593,198.83518656095356
ETH/USDT:USDT,v1_sniper,long,2026-01-14 13:30:00+00:00,2026-01-14 14:15:00+00:00,take_profit,3.41261336870853,1.706306684354265,202.24779992966208
SOL/USDT:USDT,v1_sniper,long,2026-01-14 14:15:00+00:00,2026-01-14 14:45:00+00:00,take_profit,3.7345407287485473,1.8672703643742736,205.98234065841064
HYPE/USDT:USDT,v1_sniper,long,2026-01-15 08:45:00+00:00,2026-01-15 09:30:00+00:00,stop_loss,-2.4621724852070623,-1.2310862426035312,203.5201681732036
HYPE/USDT:USDT,v1_sniper,short,2026-01-16 15:30:00+00:00,2026-01-16 16:45:00+00:00,stop_loss,-2.290476074879078,-1.145238037439539,201.2296920983245
BNB/USDT:USDT,v1_sniper,short,2026-01-17 13:30:00+00:00,2026-01-17 14:30:00+00:00,stop_loss,-3.1384397389134477,-1.5692198694567239,198.09125235941104
NCSINASDAQ1002USD/USDT:USDT,v1_sniper,long,2026-01-19 08:15:00+00:00,2026-01-19 09:00:00+00:00,stop_loss,-3.1273418552805725,-1.5636709276402863,194.96391050413047
ADA/USDT:USDT,v1_sniper,long,2026-01-19 08:30:00+00:00,2026-01-19 09:30:00+00:00,take_profit,3.6709333549853813,1.8354666774926907,198.63484385911585
NCSISP5002USD/USDT:USDT,v1_sniper,long,2026-01-19 13:30:00+00:00,2026-01-19 14:30:00+00:00,stop_loss,-3.1054531081269316,-1.5527265540634658,195.5293907509889
ETH/USDT:USDT,v1_sniper,short,2026-01-19 14:15:00+00:00,2026-01-19 16:45:00+00:00,stop_loss,-2.781051871729709,-1.3905259358648545,192.7483388792592
XAUT/USDT:USDT,v1_sniper,long,2026-01-20 03:30:00+00:00,2026-01-20 04:30:00+00:00,take_profit,2.9001480540280222,1.4500740270140111,195.64848693328722
NCSISP5002USD/USDT:USDT,v1_sniper,long,2026-01-20 14:45:00+00:00,2026-01-20 18:30:00+00:00,stop_loss,-2.856159045561836,-1.428079522780918,192.79232788772538
NCSISP5002USD/USDT:USDT,v1_sniper,short,2026-01-21 09:45:00+00:00,2026-01-21 11:45:00+00:00,take_profit,2.9110765316072618,1.4555382658036309,195.70340441933263
ADA/USDT:USDT,v1_sniper,short,2026-01-21 13:30:00+00:00,2026-01-21 14:00:00+00:00,stop_loss,-2.2568207410798995,-1.1284103705399497,193.44658367825272
NCSINASDAQ1002USD/USDT:USDT,v1_sniper,long,2026-01-21 14:15:00+00:00,2026-01-21 15:30:00+00:00,take_profit,3.588521310740823,1.7942606553704115,197.03510498899354
ADA/USDT:USDT,v1_sniper,long,2026-01-21 14:15:00+00:00,2026-01-21 16:30:00+00:00,stop_loss,-2.1170996993385285,-1.0585498496692642,194.918005289655
SOL/USDT:USDT,v1_sniper,long,2026-01-21 14:15:00+00:00,2026-01-21 16:30:00+00:00,stop_loss,-2.162605996193432,-1.081302998096716,192.75539929346158
HYPE/USDT:USDT,v1_sniper,long,2026-01-21 14:15:00+00:00,2026-01-21 17:15:00+00:00,stop_loss,-2.1239756210764416,-1.0619878105382208,190.63142367238513
BNB/USDT:USDT,v1_sniper,short,2026-01-22 13:30:00+00:00,2026-01-22 13:45:00+00:00,take_profit,3.435263786509185,1.7176318932545924,194.0666874588943
NCSKAMZN2USD/USDT:USDT,v1_sniper,short,2026-01-22 14:30:00+00:00,2026-01-22 14:45:00+00:00,take_profit,3.151048531480098,1.575524265740049,197.2177359903744
SOL/USDT:USDT,v1_sniper,short,2026-01-22 13:45:00+00:00,2026-01-22 15:00:00+00:00,take_profit,3.72931783299089,1.864658916495445,200.94705382336528
NCSKAMZN2USD/USDT:USDT,v1_sniper,short,2026-01-22 14:45:00+00:00,2026-01-22 16:00:00+00:00,stop_loss,-2.39266652166642,-1.19633326083321,198.55438730169885
NCSINASDAQ1002USD/USDT:USDT,v1_sniper,short,2026-01-22 14:45:00+00:00,2026-01-23 03:45:00+00:00,time_exit,-1.3177288635609885,-0.6588644317804943,197.23665843813785
NCSKAMZN2USD/USDT:USDT,v1_sniper,long,2026-01-22 16:00:00+00:00,2026-01-23 04:00:00+00:00,time_exit,1.932154464707159,0.9660772323535795,199.16881290284502
NCSINASDAQ1002USD/USDT:USDT,v1_sniper,short,2026-01-23 08:00:00+00:00,2026-01-23 09:30:00+00:00,take_profit,2.979005942714389,1.4895029713571946,202.1478188455594
NCSKAMZN2USD/USDT:USDT,v1_sniper,short,2026-01-23 08:30:00+00:00,2026-01-23 12:30:00+00:00,take_profit,3.502372637204668,1.751186318602334,205.6501914827641
SOL/USDT:USDT,v1_sniper,long,2026-01-23 15:45:00+00:00,2026-01-24 03:45:00+00:00,time_exit,0.9015622616065341,0.45078113080326704,206.55175374437061
SOL/USDT:USDT,v1_sniper,long,2026-01-25 09:30:00+00:00,2026-01-25 14:15:00+00:00,stop_loss,-2.57550710357572,-1.28775355178786,203.9762466407949
ETH/USDT:USDT,v1_sniper,long,2026-01-25 13:30:00+00:00,2026-01-25 14:15:00+00:00,stop_loss,-2.700690880479212,-1.350345440239606,201.27555576031568
HYPE/USDT:USDT,v1_sniper,long,2026-01-25 13:30:00+00:00,2026-01-25 14:15:00+00:00,stop_loss,-2.5243868954791178,-1.2621934477395589,198.75116886483656
NCSKAMZN2USD/USDT:USDT,v1_sniper,short,2026-01-26 14:45:00+00:00,2026-01-27 02:45:00+00:00,time_exit,-1.0706730470449604,-0.5353365235224802,197.6804958177916
BNB/USDT:USDT,v1_sniper,short,2026-01-27 09:15:00+00:00,2026-01-27 10:30:00+00:00,take_profit,3.217643847860251,1.6088219239301256,200.89813966565185
BTC/USDT:USDT,v1_sniper,short,2026-01-27 09:00:00+00:00,2026-01-27 14:15:00+00:00,stop_loss,-2.867523262124737,-1.4337616310623684,198.03061640352712
NCSISP5002USD/USDT:USDT,v1_sniper,short,2026-01-27 13:30:00+00:00,2026-01-27 15:30:00+00:00,stop_loss,-3.240413597141452,-1.620206798570726,194.79020280638568
BNB/USDT:USDT,v1_sniper,long,2026-01-27 13:45:00+00:00,2026-01-27 16:00:00+00:00,take_profit,3.3696287295965153,1.6848143647982576,198.1598315359822
ETH/USDT:USDT,v1_sniper,long,2026-01-27 16:00:00+00:00,2026-01-27 16:15:00+00:00,take_profit,3.719179802888193,1.8595899014440964,201.87901133887038
ADA/USDT:USDT,v1_sniper,long,2026-01-27 16:00:00+00:00,2026-01-27 20:15:00+00:00,take_profit,3.759219393566261,1.8796096967831304,205.63823073243665
NCSKAAPL2USD/USDT:USDT,v1_sniper,short,2026-01-28 09:00:00+00:00,2026-01-28 12:45:00+00:00,take_profit,3.0814761503845096,1.5407380751922548,208.71970688282116
ETH/USDT:USDT,v1_sniper,long,2026-01-28 10:00:00+00:00,2026-01-28 15:00:00+00:00,stop_loss,-2.3023796414828275,-1.1511898207414137,206.41732724133834
BNB/USDT:USDT,v1_sniper,short,2026-01-28 14:45:00+00:00,2026-01-28 15:15:00+00:00,take_profit,3.2432805985677575,1.6216402992838788,209.6606078399061
NCSINASDAQ1002USD/USDT:USDT,v1_sniper,short,2026-01-28 09:00:00+00:00,2026-01-28 15:45:00+00:00,take_profit,2.9762534002467103,1.4881267001233551,212.63686124015283
NCSKAMZN2USD/USDT:USDT,v1_sniper,short,2026-01-28 15:30:00+00:00,2026-01-28 21:00:00+00:00,take_profit,3.80456518883414,1.90228259441707,216.44142642898697
SOL/USDT:USDT,v1_sniper,short,2026-01-28 15:15:00+00:00,2026-01-29 00:30:00+00:00,take_profit,3.6443918708146956,1.8221959354073478,220.08581829980167
NCSISP5002USD/USDT:USDT,v1_sniper,short,2026-01-29 10:00:00+00:00,2026-01-29 14:30:00+00:00,take_profit,2.9533629411673314,1.4766814705836657,223.03918124096901
HYPE/USDT:USDT,v1_sniper,short,2026-01-29 15:00:00+00:00,2026-01-29 21:15:00+00:00,take_profit,3.914822477460492,1.957411238730246,226.9540037184295
NCSKAAPL2USD/USDT:USDT,v1_sniper,long,2026-01-30 13:30:00+00:00,2026-01-30 14:15:00+00:00,stop_loss,-2.2609967800451387,-1.1304983900225694,224.69300693838437
NCSISP5002USD/USDT:USDT,v1_sniper,long,2026-01-30 13:30:00+00:00,2026-01-30 14:30:00+00:00,take_profit,3.0833719061360836,1.5416859530680418,227.77637884452045
NCSINASDAQ1002USD/USDT:USDT,v1_sniper,long,2026-01-30 13:30:00+00:00,2026-01-30 14:30:00+00:00,take_profit,3.0883348007294757,1.5441674003647379,230.86471364524994
NCSISP5002USD/USDT:USDT,v1_sniper,long,2026-02-02 08:00:00+00:00,2026-02-02 11:15:00+00:00,take_profit,3.115490155440513,1.5577450777202566,233.98020380069045
ETH/USDT:USDT,v1_sniper,long,2026-02-02 09:30:00+00:00,2026-02-02 14:30:00+00:00,take_profit,3.868373075724135,1.9341865378620675,237.84857687641457
HYPE/USDT:USDT,v1_sniper,short,2026-02-03 08:00:00+00:00,2026-02-03 08:15:00+00:00,stop_loss,-2.1493999999999938,-1.0746999999999969,235.69917687641458
SOL/USDT:USDT,v1_sniper,long,2026-02-03 08:00:00+00:00,2026-02-03 09:00:00+00:00,stop_loss,-2.3339588333306462,-1.1669794166653231,233.36521804308393
NCSISP5002USD/USDT:USDT,v1_sniper,short,2026-02-03 08:45:00+00:00,2026-02-03 14:30:00+00:00,take_profit,2.8023705921942637,1.4011852960971318,236.16758863527818
ADA/USDT:USDT,v1_sniper,long,2026-02-03 15:30:00+00:00,2026-02-03 17:00:00+00:00,stop_loss,-2.1082512598030947,-1.0541256299015473,234.05933737547508
BNB/USDT:USDT,v1_sniper,short,2026-02-03 09:15:00+00:00,2026-02-03 17:15:00+00:00,take_profit,3.8000225825839973,1.9000112912919986,237.8593599580591
NCSISP5002USD/USDT:USDT,v1_sniper,short,2026-02-04 14:00:00+00:00,2026-02-04 15:00:00+00:00,take_profit,3.1638780356245055,1.5819390178122528,241.02323799368358
NCSKAMZN2USD/USDT:USDT,v1_sniper,short,2026-02-04 14:45:00+00:00,2026-02-04 16:45:00+00:00,take_profit,3.7295343335815843,1.8647671667907921,244.75277232726518
ETH/USDT:USDT,v1_sniper,long,2026-02-05 09:15:00+00:00,2026-02-05 10:45:00+00:00,stop_loss,-2.1692865652970013,-1.0846432826485006,242.58348576196818
HYPE/USDT:USDT,v1_sniper,long,2026-02-05 13:45:00+00:00,2026-02-05 15:00:00+00:00,stop_loss,-2.1490987300215276,-1.0745493650107638,240.43438703194664
NCSINASDAQ1002USD/USDT:USDT,v1_sniper,long,2026-02-06 08:00:00+00:00,2026-02-06 09:30:00+00:00,take_profit,3.5248579834052953,1.7624289917026477,243.95924501535194
NCSISP5002USD/USDT:USDT,v1_sniper,long,2026-02-06 08:00:00+00:00,2026-02-06 11:00:00+00:00,take_profit,3.3775257752285537,1.6887628876142768,247.3367707905805
XAUT/USDT:USDT,v1_sniper,long,2026-02-07 06:30:00+00:00,2026-02-07 14:00:00+00:00,take_profit,3.2157010333949234,1.6078505166974617,250.55247182397542
BNB/USDT:USDT,v1_sniper,long,2026-02-07 15:15:00+00:00,2026-02-07 16:00:00+00:00,take_profit,3.7353964150542485,1.8676982075271242,254.28786823902968
BNB/USDT:USDT,v1_sniper,long,2026-02-08 08:30:00+00:00,2026-02-08 09:30:00+00:00,stop_loss,-2.3285667557829215,-1.1642833778914607,251.95930148324675
ADA/USDT:USDT,v1_sniper,long,2026-02-08 08:30:00+00:00,2026-02-08 10:15:00+00:00,stop_loss,-2.251757295313602,-1.125878647656801,249.70754418793314
SOL/USDT:USDT,v1_sniper,long,2026-02-08 08:45:00+00:00,2026-02-08 10:15:00+00:00,stop_loss,-2.1412754770383486,-1.0706377385191743,247.5662687108948
SOL/USDT:USDT,v1_sniper,short,2026-02-08 15:30:00+00:00,2026-02-08 16:45:00+00:00,take_profit,3.79443933206925,1.897219666034625,251.36070804296406
HYPE/USDT:USDT,v1_sniper,short,2026-02-09 08:00:00+00:00,2026-02-09 09:45:00+00:00,take_profit,3.7417883638090896,1.8708941819045448,255.10249640677316
BNB/USDT:USDT,v1_sniper,long,2026-02-09 13:30:00+00:00,2026-02-09 13:45:00+00:00,stop_loss,-2.4554959534706366,-1.2277479767353183,252.64700045330252
HYPE/USDT:USDT,v1_sniper,long,2026-02-09 14:45:00+00:00,2026-02-09 15:45:00+00:00,stop_loss,-2.132165587633324,-1.066082793816662,250.5148348656692
SOL/USDT:USDT,v1_sniper,long,2026-02-09 14:45:00+00:00,2026-02-09 16:45:00+00:00,take_profit,3.8128765422967206,1.9064382711483603,254.32771140796592
NCSKAAPL2USD/USDT:USDT,v1_sniper,short,2026-02-09 14:45:00+00:00,2026-02-10 02:45:00+00:00,time_exit,0.6782733935107076,0.3391366967553538,255.00598480147664
NCSISP5002USD/USDT:USDT,v1_sniper,long,2026-02-09 15:45:00+00:00,2026-02-10 04:45:00+00:00,time_exit,0.29722399885969114,0.14861199942984557,255.30320880033634
HYPE/USDT:USDT,v1_sniper,long,2026-02-10 09:15:00+00:00,2026-02-10 10:30:00+00:00,stop_loss,-2.327303021370662,-1.163651510685331,252.97590577896568
SOL/USDT:USDT,v1_sniper,long,2026-02-10 13:30:00+00:00,2026-02-10 14:15:00+00:00,take_profit,3.5167931438552626,1.7583965719276313,256.4926989228209
ETH/USDT:USDT,v1_sniper,long,2026-02-10 13:45:00+00:00,2026-02-10 14:30:00+00:00,stop_loss,-2.400989540862141,-1.2004947704310704,254.0917093819588
HYPE/USDT:USDT,v1_sniper,long,2026-02-10 13:30:00+00:00,2026-02-10 14:45:00+00:00,stop_loss,-2.173766800966968,-1.086883400483484,251.91794258099182
NCSKAMZN2USD/USDT:USDT,v1_sniper,short,2026-02-10 14:30:00+00:00,2026-02-10 14:45:00+00:00,take_profit,3.34301981158999,1.671509905794995,255.2609623925818
NCSINASDAQ1002USD/USDT:USDT,v1_sniper,short,2026-02-10 13:30:00+00:00,2026-02-10 15:00:00+00:00,stop_loss,-2.52940396362648,-1.26470198181324,252.7315584289553
BTC/USDT:USDT,v1_sniper,short,2026-02-10 14:45:00+00:00,2026-02-10 16:00:00+00:00,stop_loss,-2.141594327264881,-1.0707971636324405,250.58996410169044
HYPE/USDT:USDT,v1_sniper,short,2026-02-11 09:45:00+00:00,2026-02-11 11:45:00+00:00,stop_loss,-2.2334724603571425,-1.1167362301785713,248.3564916413333
SOL/USDT:USDT,v1_sniper,long,2026-02-11 14:15:00+00:00,2026-02-11 14:30:00+00:00,stop_loss,-2.178373516135034,-1.089186758067517,246.17811812519827
BTC/USDT:USDT,v1_sniper,long,2026-02-11 14:15:00+00:00,2026-02-11 14:45:00+00:00,stop_loss,-2.1360599904405944,-1.0680299952202972,244.04205813475767
HYPE/USDT:USDT,v1_sniper,long,2026-02-11 13:30:00+00:00,2026-02-11 15:00:00+00:00,stop_loss,-2.208461867992568,-1.104230933996284,241.8335962667651
NCSISP5002USD/USDT:USDT,v1_sniper,short,2026-02-11 15:00:00+00:00,2026-02-12 04:00:00+00:00,time_exit,0.12187604897324997,0.060938024486624984,241.95547231573838
NCSINASDAQ1002USD/USDT:USDT,v1_sniper,short,2026-02-11 15:00:00+00:00,2026-02-12 04:00:00+00:00,time_exit,-0.1393606122433082,-0.0696803061216541,241.81611170349507
ETH/USDT:USDT,v1_sniper,short,2026-02-12 15:45:00+00:00,2026-02-12 16:00:00+00:00,take_profit,3.7931377053229114,1.8965688526614557,245.609249408818
BNB/USDT:USDT,v1_sniper,short,2026-02-12 14:15:00+00:00,2026-02-12 16:15:00+00:00,take_profit,3.746673802902482,1.873336901451241,249.35592321172047
NCSISP5002USD/USDT:USDT,v1_sniper,long,2026-02-13 09:30:00+00:00,2026-02-13 11:00:00+00:00,stop_loss,-2.7964225492266954,-1.3982112746133477,246.55950066249378
NCSINASDAQ1002USD/USDT:USDT,v1_sniper,long,2026-02-13 09:30:00+00:00,2026-02-13 11:00:00+00:00,stop_loss,-2.7090813436912367,-1.3545406718456183,243.85041931880255
BNB/USDT:USDT,v1_sniper,long,2026-02-13 08:30:00+00:00,2026-02-13 13:45:00+00:00,stop_loss,-2.348389405968664,-1.174194702984332,241.50202991283388
NCSINASDAQ1002USD/USDT:USDT,v1_sniper,long,2026-02-13 13:45:00+00:00,2026-02-13 14:30:00+00:00,stop_loss,-2.4089128393739836,-1.2044564196869918,239.0931170734599
BNB/USDT:USDT,v1_sniper,short,2026-02-13 14:00:00+00:00,2026-02-13 14:45:00+00:00,stop_loss,-2.2819831346149346,-1.1409915673074673,236.81113393884496
BNB/USDT:USDT,v1_sniper,short,2026-02-15 08:15:00+00:00,2026-02-15 08:30:00+00:00,take_profit,3.473147924528262,1.736573962264131,240.28428186337322
SOL/USDT:USDT,v1_sniper,long,2026-02-16 09:15:00+00:00,2026-02-16 11:00:00+00:00,stop_loss,-2.4869932952076153,-1.2434966476038076,237.7972885681656
BNB/USDT:USDT,v1_sniper,long,2026-02-16 09:00:00+00:00,2026-02-16 12:15:00+00:00,take_profit,3.614026430371159,1.8070132151855796,241.41131499853677
NCSISP5002USD/USDT:USDT,v1_sniper,short,2026-02-16 14:00:00+00:00,2026-02-16 14:30:00+00:00,take_profit,2.723500580226629,1.3617502901133145,244.1348155787634
NCSINASDAQ1002USD/USDT:USDT,v1_sniper,short,2026-02-16 14:00:00+00:00,2026-02-16 14:30:00+00:00,take_profit,2.998744086114166,1.499372043057083,247.13355966487757
BNB/USDT:USDT,v1_sniper,short,2026-02-16 13:30:00+00:00,2026-02-16 15:30:00+00:00,take_profit,3.484587634408601,1.7422938172043005,250.61814729928616
NCCOXAG2USD/USDT:USDT,v1_sniper,long,2026-02-17 08:00:00+00:00,2026-02-17 09:45:00+00:00,stop_loss,-2.243145939854114,-1.121572969927057,248.37500135943205
HYPE/USDT:USDT,v1_sniper,long,2026-02-17 14:00:00+00:00,2026-02-17 14:30:00+00:00,stop_loss,-2.434479598662198,-1.217239799331099,245.94052176076985
ETH/USDT:USDT,v1_sniper,short,2026-02-17 14:45:00+00:00,2026-02-17 16:30:00+00:00,stop_loss,-2.1231371579857052,-1.0615685789928526,243.81738460278416
SOL/USDT:USDT,v1_sniper,long,2026-02-17 16:00:00+00:00,2026-02-17 16:30:00+00:00,take_profit,3.785857805050572,1.892928902525286,247.60324240783473
NCSISP5002USD/USDT:USDT,v1_sniper,short,2026-02-17 15:00:00+00:00,2026-02-17 18:30:00+00:00,stop_loss,-2.299018253592806,-1.149509126796403,245.30422415424192
NCSISP5002USD/USDT:USDT,v1_sniper,short,2026-02-18 13:30:00+00:00,2026-02-18 14:30:00+00:00,take_profit,2.743322706592121,1.3716613532960604,248.04754686083405
NCSINASDAQ1002USD/USDT:USDT,v1_sniper,short,2026-02-18 13:45:00+00:00,2026-02-18 14:45:00+00:00,stop_loss,-2.7484043257039366,-1.3742021628519683,245.2991425351301
ADA/USDT:USDT,v1_sniper,long,2026-02-18 15:00:00+00:00,2026-02-18 15:30:00+00:00,take_profit,3.512890866510494,1.756445433255247,248.8120334016406
NCSINASDAQ1002USD/USDT:USDT,v1_sniper,short,2026-02-19 08:45:00+00:00,2026-02-19 09:45:00+00:00,take_profit,2.7443867975939025,1.3721933987969512,251.5564201992345
SOL/USDT:USDT,v1_sniper,short,2026-02-19 10:00:00+00:00,2026-02-19 13:00:00+00:00,take_profit,3.598050117425986,1.799025058712993,255.1544703166605
NCSISP5002USD/USDT:USDT,v1_sniper,short,2026-02-19 09:45:00+00:00,2026-02-19 21:45:00+00:00,time_exit,0.23884281639695226,0.11942140819847613,255.39331313305746
HYPE/USDT:USDT,v1_sniper,short,2026-02-20 08:00:00+00:00,2026-02-20 09:15:00+00:00,stop_loss,-2.351064184194037,-1.1755320920970185,253.04224894886343
ADA/USDT:USDT,v1_sniper,short,2026-02-20 13:30:00+00:00,2026-02-20 14:30:00+00:00,stop_loss,-2.255666240323112,-1.127833120161556,250.78658270854032
BTC/USDT:USDT,v1_sniper,short,2026-02-20 15:00:00+00:00,2026-02-20 15:15:00+00:00,take_profit,3.5640400767301106,1.7820200383650553,254.35062278527045
HYPE/USDT:USDT,v1_sniper,long,2026-02-20 15:15:00+00:00,2026-02-20 15:45:00+00:00,take_profit,3.830560534317419,1.9152802671587095,258.1811833195879
SOL/USDT:USDT,v1_sniper,long,2026-02-21 09:30:00+00:00,2026-02-21 13:45:00+00:00,take_profit,3.523690398503872,1.761845199251936,261.70487371809173
BNB/USDT:USDT,v1_sniper,short,2026-02-21 16:00:00+00:00,2026-02-22 03:15:00+00:00,take_profit,3.568359761557369,1.7841798807786844,265.2732334796491
BNB/USDT:USDT,v1_sniper,long,2026-02-22 08:00:00+00:00,2026-02-22 12:30:00+00:00,stop_loss,-2.7042064945501507,-1.3521032472750754,262.56902698509896
XAUT/USDT:USDT,v1_sniper,long,2026-02-22 12:00:00+00:00,2026-02-22 14:15:00+00:00,take_profit,2.5943409275099576,1.2971704637549788,265.1633679126089
NCSINASDAQ1002USD/USDT:USDT,v1_sniper,long,2026-02-20 14:45:00+00:00,2026-02-23 03:45:00+00:00,time_exit,-0.4449882512873527,-0.22249412564367635,264.7183796613216
HYPE/USDT:USDT,v1_sniper,long,2026-02-23 09:45:00+00:00,2026-02-23 11:45:00+00:00,stop_loss,-2.160027485916418,-1.080013742958209,262.55835217540516
NCSKAAPL2USD/USDT:USDT,v1_sniper,long,2026-02-20 15:45:00+00:00,2026-02-23 14:30:00+00:00,take_profit,3.7302173219889925,1.8651086609944962,266.2885694973942
NCSKAMZN2USD/USDT:USDT,v1_sniper,short,2026-02-23 14:30:00+00:00,2026-02-23 15:00:00+00:00,take_profit,3.7746839541547343,1.8873419770773672,270.0632534515489
BNB/USDT:USDT,v1_sniper,long,2026-02-24 08:30:00+00:00,2026-02-24 09:30:00+00:00,stop_loss,-2.5121972788039626,-1.2560986394019813,267.55105617274495
NCSKAMZN2USD/USDT:USDT,v1_sniper,long,2026-02-24 14:30:00+00:00,2026-02-24 14:45:00+00:00,take_profit,3.463738707613585,1.7318693538067924,271.0147948803585
NCSINASDAQ1002USD/USDT:USDT,v1_sniper,short,2026-02-26 14:30:00+00:00,2026-02-26 14:45:00+00:00,take_profit,3.2448762047985156,1.6224381023992578,274.25967108515704
HYPE/USDT:USDT,v1_sniper,short,2026-02-26 15:30:00+00:00,2026-02-27 03:30:00+00:00,time_exit,-0.527016783290363,-0.2635083916451815,273.73265430186666
ADA/USDT:USDT,v1_sniper,short,2026-02-27 10:00:00+00:00,2026-02-27 10:15:00+00:00,take_profit,3.6968940366972194,1.8484470183486097,277.4295483385639
ETH/USDT:USDT,v1_sniper,short,2026-02-27 09:45:00+00:00,2026-02-27 11:15:00+00:00,take_profit,3.821526026782268,1.910763013391134,281.2510743653462
NCSKAAPL2USD/USDT:USDT,v1_sniper,short,2026-02-26 15:15:00+00:00,2026-02-27 14:30:00+00:00,take_profit,3.6379889925668176,1.8189944962834088,284.889063357913
BNB/USDT:USDT,v1_sniper,long,2026-02-28 13:30:00+00:00,2026-02-28 13:45:00+00:00,take_profit,3.56822594339624,1.78411297169812,288.45728930130923
ADA/USDT:USDT,v1_sniper,long,2026-02-28 14:00:00+00:00,2026-02-28 19:30:00+00:00,take_profit,3.873817813799175,1.9369089068995875,292.3311071151084
XAUT/USDT:USDT,v1_sniper,long,2026-03-02 06:00:00+00:00,2026-03-02 07:00:00+00:00,take_profit,3.4414887109528376,1.7207443554764188,295.77259582606126
NCSKAMZN2USD/USDT:USDT,v1_sniper,long,2026-02-27 15:30:00+00:00,2026-03-02 14:30:00+00:00,stop_loss,-2.246058288190691,-1.1230291440953455,293.5265375378706
HYPE/USDT:USDT,v1_sniper,long,2026-03-02 14:15:00+00:00,2026-03-02 14:30:00+00:00,take_profit,3.833899698882908,1.916949849441454,297.3604372367535
ADA/USDT:USDT,v1_sniper,long,2026-03-02 14:45:00+00:00,2026-03-02 15:15:00+00:00,take_profit,3.8804227488151786,1.9402113744075893,301.2408599855687
BTC/USDT:USDT,v1_sniper,long,2026-03-02 14:45:00+00:00,2026-03-02 15:30:00+00:00,take_profit,3.8728670410366286,1.9364335205183143,305.1137270266053
BNB/USDT:USDT,v1_sniper,long,2026-03-03 14:00:00+00:00,2026-03-03 14:30:00+00:00,stop_loss,-2.564373419494781,-1.2821867097473905,302.54935360711056
ETH/USDT:USDT,v1_sniper,long,2026-03-03 14:15:00+00:00,2026-03-03 14:30:00+00:00,stop_loss,-2.375054540794544,-1.187527270397272,300.174299066316
HYPE/USDT:USDT,v1_sniper,long,2026-03-03 15:30:00+00:00,2026-03-03 16:00:00+00:00,take_profit,3.8338554663459887,1.9169277331729944,304.008154532662
SOL/USDT:USDT,v1_sniper,long,2026-03-03 15:45:00+00:00,2026-03-04 01:30:00+00:00,take_profit,3.8790109923865925,1.9395054961932963,307.8871655250486
ADA/USDT:USDT,v1_sniper,long,2026-03-04 08:45:00+00:00,2026-03-04 14:30:00+00:00,take_profit,3.848886640595416,1.924443320297708,311.736052165644
BNB/USDT:USDT,v1_sniper,short,2026-03-04 14:30:00+00:00,2026-03-04 14:45:00+00:00,stop_loss,-2.6090644974692134,-1.3045322487346067,309.1269876681748
HYPE/USDT:USDT,v1_sniper,long,2026-03-05 08:00:00+00:00,2026-03-05 09:00:00+00:00,take_profit,3.596847091387202,1.798423545693601,312.723834759562
NCSINASDAQ1002USD/USDT:USDT,v1_sniper,long,2026-03-05 14:45:00+00:00,2026-03-05 15:30:00+00:00,stop_loss,-2.5250899245022094,-1.2625449622511047,310.1987448350598
SOL/USDT:USDT,v1_sniper,long,2026-03-06 08:00:00+00:00,2026-03-06 09:00:00+00:00,stop_loss,-2.246896866008922,-1.123448433004461,307.9518479690509
NCCOXAG2USD/USDT:USDT,v1_sniper,short,2026-03-06 09:30:00+00:00,2026-03-06 09:45:00+00:00,take_profit,3.681875680005549,1.8409378400027745,311.63372364905644
HYPE/USDT:USDT,v1_sniper,short,2026-03-06 09:15:00+00:00,2026-03-06 13:30:00+00:00,stop_loss,-2.28039808922489,-1.140199044612445,309.35332555983155
BNB/USDT:USDT,v1_sniper,long,2026-03-07 08:15:00+00:00,2026-03-07 10:45:00+00:00,stop_loss,-3.0883984956234185,-1.5441992478117093,306.2649270642081
BNB/USDT:USDT,v1_sniper,short,2026-03-07 13:30:00+00:00,2026-03-07 18:00:00+00:00,take_profit,3.582222616034738,1.791111308017369,309.84714968024286
SOL/USDT:USDT,v1_sniper,long,2026-03-08 08:00:00+00:00,2026-03-08 10:15:00+00:00,take_profit,3.6825033651900547,1.8412516825950274,313.5296530454329
NCSINASDAQ1002USD/USDT:USDT,v1_sniper,long,2026-03-09 09:15:00+00:00,2026-03-09 09:30:00+00:00,take_profit,3.4402772210280026,1.7201386105140013,316.9699302664609
NCSISP5002USD/USDT:USDT,v1_sniper,long,2026-03-09 09:15:00+00:00,2026-03-09 15:15:00+00:00,take_profit,3.420764263148878,1.710382131574439,320.3906945296098
NCCOXAG2USD/USDT:USDT,v1_sniper,long,2026-03-09 09:15:00+00:00,2026-03-09 20:00:00+00:00,take_profit,3.8653489930493787,1.9326744965246894,324.2560435226592
NCSISP5002USD/USDT:USDT,v1_sniper,short,2026-03-10 10:00:00+00:00,2026-03-10 11:30:00+00:00,take_profit,2.9871826879518277,1.4935913439759139,327.243226210611
NCSINASDAQ1002USD/USDT:USDT,v1_sniper,short,2026-03-10 10:00:00+00:00,2026-03-10 11:30:00+00:00,take_profit,2.98166186328582,1.49083093164291,330.2248880738968
ETH/USDT:USDT,v1_sniper,long,2026-03-10 08:15:00+00:00,2026-03-10 13:30:00+00:00,stop_loss,-2.4005171389485707,-1.2002585694742853,327.82437093494826
ADA/USDT:USDT,v1_sniper,short,2026-03-10 13:30:00+00:00,2026-03-10 14:00:00+00:00,take_profit,3.6729806035215113,1.8364903017607557,331.4973515384698
SOL/USDT:USDT,v1_sniper,short,2026-03-10 13:30:00+00:00,2026-03-10 14:00:00+00:00,take_profit,3.5524251001979255,1.7762125500989627,335.0497766386677
BNB/USDT:USDT,v1_sniper,short,2026-03-10 13:45:00+00:00,2026-03-10 14:45:00+00:00,stop_loss,-2.340623496182109,-1.1703117480910545,332.7091531424856
HYPE/USDT:USDT,v1_sniper,short,2026-03-10 13:45:00+00:00,2026-03-10 17:15:00+00:00,take_profit,3.8270297227737053,1.9135148613868527,336.5361828652593
NCSINASDAQ1002USD/USDT:USDT,v1_sniper,long,2026-03-11 13:30:00+00:00,2026-03-11 15:30:00+00:00,stop_loss,-2.5022030938906346,-1.2511015469453173,334.0339797713687
SOL/USDT:USDT,v1_sniper,long,2026-03-11 13:45:00+00:00,2026-03-11 15:30:00+00:00,stop_loss,-2.1767907215035738,-1.0883953607517869,331.85718904986516
BTC/USDT:USDT,v1_sniper,long,2026-03-11 13:45:00+00:00,2026-03-11 17:15:00+00:00,take_profit,3.7819021285490844,1.8909510642745422,335.6390911784142
NCCOXAG2USD/USDT:USDT,v1_sniper,short,2026-03-12 13:30:00+00:00,2026-03-12 14:45:00+00:00,take_profit,3.7573399585814715,1.8786699792907358,339.3964311369957
HYPE/USDT:USDT,v1_sniper,short,2026-03-12 14:00:00+00:00,2026-03-13 01:15:00+00:00,stop_loss,-2.1616013293797587,-1.0808006646898793,337.23482980761594
ETH/USDT:USDT,v1_sniper,short,2026-03-13 08:00:00+00:00,2026-03-13 08:30:00+00:00,stop_loss,-2.2616754273152444,-1.1308377136576222,334.9731543803007
NCCO1OILBRENT2USD/USDT:USDT,v1_sniper,long,2026-03-13 14:00:00+00:00,2026-03-13 16:15:00+00:00,take_profit,3.8026006685337452,1.9013003342668726,338.7757550488344
NCSISP5002USD/USDT:USDT,v1_sniper,short,2026-03-13 14:45:00+00:00,2026-03-13 17:45:00+00:00,take_profit,3.3747866166248333,1.6873933083124166,342.15054166545923
BTC/USDT:USDT,v1_sniper,short,2026-03-13 15:45:00+00:00,2026-03-13 17:45:00+00:00,take_profit,3.7574203152247003,1.8787101576123502,345.9079619806839
BNB/USDT:USDT,v1_sniper,short,2026-03-13 15:45:00+00:00,2026-03-14 03:45:00+00:00,time_exit,2.258829956182057,1.1294149780910285,348.166791936866
BNB/USDT:USDT,v1_sniper,short,2026-03-15 13:45:00+00:00,2026-03-15 17:45:00+00:00,stop_loss,-2.5210358907672683,-1.2605179453836342,345.6457560460987
NCSINASDAQ1002USD/USDT:USDT,v1_sniper,short,2026-03-13 14:45:00+00:00,2026-03-15 22:00:00+00:00,take_profit,3.590741258756553,1.7953706293782765,349.2364973048553
XAUT/USDT:USDT,v1_sniper,short,2026-03-16 07:30:00+00:00,2026-03-16 09:00:00+00:00,take_profit,3.0973537340619814,1.5486768670309907,352.33385103891726
NCCO1OILBRENT2USD/USDT:USDT,v1_sniper,short,2026-03-16 09:30:00+00:00,2026-03-16 10:15:00+00:00,take_profit,3.4305667329357026,1.7152833664678513,355.76441777185295
SOL/USDT:USDT,v1_sniper,short,2026-03-16 08:30:00+00:00,2026-03-16 12:00:00+00:00,stop_loss,-2.263536901903481,-1.1317684509517405,353.50088086994947
BTC/USDT:USDT,v1_sniper,short,2026-03-16 08:00:00+00:00,2026-03-16 12:30:00+00:00,stop_loss,-2.4116753710744336,-1.2058376855372168,351.08920549887506
BNB/USDT:USDT,v1_sniper,short,2026-03-16 08:30:00+00:00,2026-03-16 13:30:00+00:00,stop_loss,-2.3323382408289706,-1.1661691204144853,348.7568672580461
SOL/USDT:USDT,v1_sniper,short,2026-03-17 08:45:00+00:00,2026-03-17 10:45:00+00:00,take_profit,3.72979665028654,1.86489832514327,352.4866639083326
NCSISP5002USD/USDT:USDT,v1_sniper,long,2026-03-17 09:30:00+00:00,2026-03-17 13:15:00+00:00,take_profit,3.2598902233016513,1.6299451116508257,355.74655413163424
NCCOXAG2USD/USDT:USDT,v1_sniper,short,2026-03-17 14:15:00+00:00,2026-03-17 15:30:00+00:00,take_profit,3.6339610019748196,1.8169805009874098,359.38051513360904
NCSKAAPL2USD/USDT:USDT,v1_sniper,long,2026-03-16 13:45:00+00:00,2026-03-17 19:00:00+00:00,time_exit,1.6205380112993504,0.8102690056496752,361.0010531449084
ADA/USDT:USDT,v1_sniper,long,2026-03-17 08:00:00+00:00,2026-03-17 20:00:00+00:00,time_exit,0.8328857754426664,0.4164428877213332,361.83393892035104
BNB/USDT:USDT,v1_sniper,long,2026-03-17 14:30:00+00:00,2026-03-18 02:30:00+00:00,time_exit,1.3361888977130318,0.6680944488565159,363.1701278180641
SOL/USDT:USDT,v1_sniper,long,2026-03-18 09:15:00+00:00,2026-03-18 10:30:00+00:00,stop_loss,-2.6341903550138115,-1.3170951775069057,360.5359374630503
HYPE/USDT:USDT,v1_sniper,long,2026-03-18 16:00:00+00:00,2026-03-18 16:45:00+00:00,take_profit,3.801153993791201,1.9005769968956006,364.3370914568415
NCSKAMZN2USD/USDT:USDT,v1_sniper,short,2026-03-18 14:30:00+00:00,2026-03-18 19:30:00+00:00,take_profit,3.711499664534145,1.8557498322670725,368.04859112137564
SOL/USDT:USDT,v1_sniper,long,2026-03-19 10:00:00+00:00,2026-03-19 11:30:00+00:00,stop_loss,-2.364232109197262,-1.182116054598631,365.6843590121784
BNB/USDT:USDT,v1_sniper,short,2026-03-19 08:15:00+00:00,2026-03-19 20:15:00+00:00,time_exit,1.003198721434124,0.501599360717062,366.6875577336125
ETH/USDT:USDT,v1_sniper,long,2026-03-20 08:00:00+00:00,2026-03-20 13:30:00+00:00,stop_loss,-2.199618273707821,-1.0998091368539105,364.4879394599047
XAUT/USDT:USDT,v1_sniper,short,2026-03-23 00:15:00+00:00,2026-03-23 00:30:00+00:00,take_profit,3.8058796970209006,1.9029398485104503,368.29381915692557
SOL/USDT:USDT,v1_sniper,short,2026-03-23 08:45:00+00:00,2026-03-23 11:00:00+00:00,stop_loss,-2.2055728176360727,-1.1027864088180364,366.08824633928947
ADA/USDT:USDT,v1_sniper,short,2026-03-23 15:45:00+00:00,2026-03-24 01:30:00+00:00,take_profit,3.776866567932031,1.8884332839660154,369.8651129072215
SOL/USDT:USDT,v1_sniper,short,2026-03-23 15:30:00+00:00,2026-03-24 03:30:00+00:00,time_exit,1.6529101815964458,0.8264550907982229,371.5180230888179
NCSKAMZN2USD/USDT:USDT,v1_sniper,short,2026-03-23 15:45:00+00:00,2026-03-24 13:30:00+00:00,take_profit,3.6056192074496836,1.8028096037248418,375.12364229626763
ETH/USDT:USDT,v1_sniper,short,2026-03-24 13:30:00+00:00,2026-03-24 13:45:00+00:00,take_profit,3.4359040132409344,1.7179520066204672,378.55954630950856
SOL/USDT:USDT,v1_sniper,short,2026-03-25 08:00:00+00:00,2026-03-25 08:30:00+00:00,stop_loss,-2.3830982892690438,-1.1915491446345219,376.1764480202395
HYPE/USDT:USDT,v1_sniper,short,2026-03-25 14:00:00+00:00,2026-03-25 14:30:00+00:00,take_profit,3.7557160146061586,1.8778580073030793,379.93216403484564
NCSKAAPL2USD/USDT:USDT,v1_sniper,short,2026-03-25 13:45:00+00:00,2026-03-25 14:45:00+00:00,stop_loss,-2.437093864086216,-1.218546932043108,377.49507017075945
BNB/USDT:USDT,v1_sniper,short,2026-03-25 15:15:00+00:00,2026-03-25 16:15:00+00:00,stop_loss,-2.3546109840614737,-1.1773054920307369,375.14045918669797
BTC/USDT:USDT,v1_sniper,short,2026-03-25 15:15:00+00:00,2026-03-25 16:15:00+00:00,stop_loss,-2.318973028042109,-1.1594865140210544,372.82148615865583
NCSISP5002USD/USDT:USDT,v1_sniper,short,2026-03-25 13:45:00+00:00,2026-03-26 01:45:00+00:00,time_exit,1.0201903053708183,0.5100951526854092,373.84167646402665
ETH/USDT:USDT,v1_sniper,short,2026-03-25 14:00:00+00:00,2026-03-26 02:00:00+00:00,time_exit,1.682250656349342,0.841125328174671,375.523927120376
HYPE/USDT:USDT,v1_sniper,long,2026-03-26 09:00:00+00:00,2026-03-26 11:15:00+00:00,stop_loss,-2.372803622192437,-1.1864018110962185,373.15112349818355
NCSINASDAQ1002USD/USDT:USDT,v1_sniper,long,2026-03-26 14:00:00+00:00,2026-03-26 14:45:00+00:00,stop_loss,-2.412158185689684,-1.206079092844842,370.73896531249386
NCSISP5002USD/USDT:USDT,v1_sniper,long,2026-03-26 13:45:00+00:00,2026-03-26 16:15:00+00:00,stop_loss,-2.681602033279096,-1.340801016639548,368.05736327921477
NCCOXAG2USD/USDT:USDT,v1_sniper,short,2026-03-27 08:15:00+00:00,2026-03-27 10:30:00+00:00,take_profit,3.6632210666725626,1.8316105333362813,371.72058434588735
HYPE/USDT:USDT,v1_sniper,short,2026-03-27 13:45:00+00:00,2026-03-27 15:30:00+00:00,stop_loss,-2.2152507556198047,-1.1076253778099023,369.5053335902675
HYPE/USDT:USDT,v1_sniper,long,2026-03-27 15:30:00+00:00,2026-03-27 16:15:00+00:00,stop_loss,-2.233641515702576,-1.116820757851288,367.27169207456495
ETH/USDT:USDT,v1_sniper,short,2026-03-28 08:30:00+00:00,2026-03-28 12:30:00+00:00,take_profit,3.2654120037206136,1.6327060018603068,370.53710407828555
BNB/USDT:USDT,v1_sniper,short,2026-03-30 13:45:00+00:00,2026-03-30 17:15:00+00:00,take_profit,3.528824391008589,1.7644121955042944,374.06592846929414
NCCO1OILBRENT2USD/USDT:USDT,v1_sniper,short,2026-03-30 08:30:00+00:00,2026-03-30 20:30:00+00:00,time_exit,-1.177195936465192,-0.588597968232596,372.88873253282895
BNB/USDT:USDT,v1_sniper,long,2026-03-31 13:45:00+00:00,2026-03-31 14:00:00+00:00,take_profit,3.3853655613994955,1.6926827806997478,376.27409809422846
ADA/USDT:USDT,v1_sniper,long,2026-03-31 13:45:00+00:00,2026-03-31 14:15:00+00:00,take_profit,3.530328888110022,1.765164444055011,379.8044269823385
HYPE/USDT:USDT,v1_sniper,short,2026-04-01 13:45:00+00:00,2026-04-01 15:00:00+00:00,stop_loss,-2.2200465360953285,-1.1100232680476643,377.5843804462432
BTC/USDT:USDT,v1_sniper,long,2026-04-02 08:00:00+00:00,2026-04-02 08:30:00+00:00,stop_loss,-2.4274889861440916,-1.2137444930720458,375.1568914600991
NCSISP5002USD/USDT:USDT,v1_sniper,long,2026-04-02 08:15:00+00:00,2026-04-02 11:15:00+00:00,stop_loss,-2.7783440107669772,-1.3891720053834886,372.3785474493321
NCSISP5002USD/USDT:USDT,v1_sniper,long,2026-04-02 14:00:00+00:00,2026-04-02 14:30:00+00:00,take_profit,3.6595285150422905,1.8297642575211452,376.03807596437434
NCSINASDAQ1002USD/USDT:USDT,v1_sniper,long,2026-04-02 14:00:00+00:00,2026-04-03 02:00:00+00:00,time_exit,2.990601082589512,1.495300541294756,379.0286770469639
ETH/USDT:USDT,v1_sniper,long,2026-04-02 14:45:00+00:00,2026-04-03 02:45:00+00:00,time_exit,-0.5686957324570527,-0.28434786622852637,378.4599813145068
BTC/USDT:USDT,v1_sniper,long,2026-04-02 14:45:00+00:00,2026-04-03 02:45:00+00:00,time_exit,-0.7535840158422307,-0.37679200792111534,377.70639729866457
BNB/USDT:USDT,v1_sniper,short,2026-04-03 08:45:00+00:00,2026-04-03 12:30:00+00:00,stop_loss,-2.489821802906454,-1.244910901453227,375.2165754957581
ETH/USDT:USDT,v1_sniper,short,2026-04-03 14:00:00+00:00,2026-04-04 02:00:00+00:00,time_exit,-0.06583068886075813,-0.032915344430379065,375.1507448068973
ADA/USDT:USDT,v1_sniper,long,2026-04-04 08:00:00+00:00,2026-04-04 08:45:00+00:00,stop_loss,-2.4004743027147715,-1.2002371513573857,372.75027050418254
HYPE/USDT:USDT,v1_sniper,long,2026-04-04 15:15:00+00:00,2026-04-04 16:15:00+00:00,take_profit,3.625808167008628,1.812904083504314,376.3760786711912
ADA/USDT:USDT,v1_sniper,long,2026-04-04 15:00:00+00:00,2026-04-04 19:00:00+00:00,take_profit,3.68826866288075,1.844134331440375,380.06434733407195
SOL/USDT:USDT,v1_sniper,long,2026-04-04 15:00:00+00:00,2026-04-05 03:00:00+00:00,time_exit,0.6180163180694956,0.3090081590347478,380.6823636521415
ADA/USDT:USDT,v1_sniper,long,2026-04-05 15:30:00+00:00,2026-04-05 23:00:00+00:00,take_profit,3.7472420285794366,1.8736210142897183,384.4296056807209
SOL/USDT:USDT,v1_sniper,long,2026-04-05 15:30:00+00:00,2026-04-05 23:15:00+00:00,take_profit,3.773381365348987,1.8866906826744936,388.2029870460699
ETH/USDT:USDT,v1_sniper,short,2026-04-06 13:30:00+00:00,2026-04-06 14:00:00+00:00,stop_loss,-2.4991450729163134,-1.2495725364581567,385.7038419731536
BNB/USDT:USDT,v1_sniper,long,2026-04-07 08:00:00+00:00,2026-04-07 09:30:00+00:00,take_profit,3.4602898039885863,1.7301449019942932,389.1641317771422
SOL/USDT:USDT,v1_sniper,long,2026-04-07 08:00:00+00:00,2026-04-07 10:30:00+00:00,stop_loss,-2.5114585772494444,-1.2557292886247222,386.6526731998927
BTC/USDT:USDT,v1_sniper,long,2026-04-07 08:00:00+00:00,2026-04-07 10:30:00+00:00,stop_loss,-2.4281763913863097,-1.2140881956931548,384.2244968085064
ETH/USDT:USDT,v1_sniper,long,2026-04-07 08:15:00+00:00,2026-04-07 10:30:00+00:00,stop_loss,-2.4067016612913257,-1.2033508306456628,381.81779514721507
NCSISP5002USD/USDT:USDT,v1_sniper,long,2026-04-07 08:15:00+00:00,2026-04-07 10:45:00+00:00,stop_loss,-2.6096633294603864,-1.3048316647301932,379.2081318177547
BNB/USDT:USDT,v1_sniper,short,2026-04-07 13:30:00+00:00,2026-04-07 14:00:00+00:00,take_profit,3.2341062113546646,1.6170531056773323,382.4422380291094
NCSKAMZN2USD/USDT:USDT,v1_sniper,short,2026-04-07 13:45:00+00:00,2026-04-07 14:00:00+00:00,take_profit,3.542139908578418,1.771069954289209,385.9843779376878
HYPE/USDT:USDT,v1_sniper,short,2026-04-07 13:30:00+00:00,2026-04-07 17:15:00+00:00,stop_loss,-2.3673732670762035,-1.1836866335381018,383.61700467061155
BNB/USDT:USDT,v1_sniper,long,2026-04-07 15:30:00+00:00,2026-04-07 17:30:00+00:00,take_profit,3.6866955750331405,1.8433477875165702,387.3037002456447
HYPE/USDT:USDT,v1_sniper,short,2026-04-08 14:15:00+00:00,2026-04-08 18:15:00+00:00,take_profit,3.7912057471829983,1.8956028735914991,391.09490599282765
NCCO1OILBRENT2USD/USDT:USDT,v1_sniper,long,2026-04-08 14:30:00+00:00,2026-04-08 19:15:00+00:00,take_profit,3.8527144644029883,1.9263572322014941,394.94762045723064
NCSKAMZN2USD/USDT:USDT,v1_sniper,short,2026-04-08 13:45:00+00:00,2026-04-09 01:45:00+00:00,time_exit,0.640138239574002,0.320069119787001,395.58775869680466
ETH/USDT:USDT,v1_sniper,long,2026-04-09 08:45:00+00:00,2026-04-09 12:15:00+00:00,stop_loss,-2.53348869576848,-1.26674434788424,393.0542700010362
BNB/USDT:USDT,v1_sniper,long,2026-04-09 08:45:00+00:00,2026-04-09 13:00:00+00:00,take_profit,3.1816580448731715,1.5908290224365857,396.23592804590936
HYPE/USDT:USDT,v1_sniper,short,2026-04-09 13:30:00+00:00,2026-04-09 14:45:00+00:00,stop_loss,-2.455801910841517,-1.2279009554207585,393.78012613506786
ETH/USDT:USDT,v1_sniper,short,2026-04-09 13:45:00+00:00,2026-04-09 14:45:00+00:00,stop_loss,-2.4310790211478075,-1.2155395105739037,391.34904711392005
NCSINASDAQ1002USD/USDT:USDT,v1_sniper,short,2026-04-09 14:30:00+00:00,2026-04-09 15:15:00+00:00,stop_loss,-2.665618911245253,-1.3328094556226264,388.6834282026748
BNB/USDT:USDT,v1_sniper,short,2026-04-09 13:45:00+00:00,2026-04-09 15:30:00+00:00,stop_loss,-2.727135984064928,-1.363567992032464,385.95629221860986
SOL/USDT:USDT,v1_sniper,long,2026-04-09 15:00:00+00:00,2026-04-09 15:30:00+00:00,take_profit,3.6168091020837294,1.8084045510418647,389.5731013206936
ETH/USDT:USDT,v1_sniper,long,2026-04-09 15:45:00+00:00,2026-04-10 00:15:00+00:00,stop_loss,-2.1666419586461867,-1.0833209793230933,387.40645936204737
NCCO1OILBRENT2USD/USDT:USDT,v1_sniper,short,2026-04-09 15:45:00+00:00,2026-04-10 05:45:00+00:00,time_exit,0.8705554889022461,0.43527774445112305,388.2770148509496
NCCO1OILBRENT2USD/USDT:USDT,v1_sniper,short,2026-04-10 09:30:00+00:00,2026-04-10 12:15:00+00:00,take_profit,3.7795134705392095,1.8897567352696047,392.0565283214888
NCSKAAPL2USD/USDT:USDT,v1_sniper,long,2026-04-10 14:15:00+00:00,2026-04-10 17:15:00+00:00,stop_loss,-2.2919265971616585,-1.1459632985808292,389.7646017243272
BNB/USDT:USDT,v1_sniper,long,2026-04-11 15:30:00+00:00,2026-04-11 18:30:00+00:00,take_profit,3.2248146453779682,1.6124073226889841,392.98941636970517
NCSISP5002USD/USDT:USDT,v1_sniper,short,2026-04-10 15:45:00+00:00,2026-04-12 22:00:00+00:00,take_profit,3.2891185082697834,1.6445592541348917,396.27853487797495
NCSINASDAQ1002USD/USDT:USDT,v1_sniper,short,2026-04-10 15:45:00+00:00,2026-04-12 22:00:00+00:00,take_profit,3.5027205571341615,1.7513602785670808,399.78125543510913
XAUT/USDT:USDT,v1_sniper,short,2026-04-13 09:15:00+00:00,2026-04-13 13:45:00+00:00,stop_loss,-2.7776030417165187,-1.3888015208582594,397.0036523933926
BNB/USDT:USDT,v1_sniper,short,2026-04-13 13:30:00+00:00,2026-04-13 14:00:00+00:00,stop_loss,-2.503079825298173,-1.2515399126490865,394.5005725680944
NCSKAAPL2USD/USDT:USDT,v1_sniper,short,2026-04-14 14:45:00+00:00,2026-04-15 02:45:00+00:00,time_exit,-0.6793069576123179,-0.3396534788061589,393.8212656104821
NCCO1OILBRENT2USD/USDT:USDT,v1_sniper,long,2026-04-15 08:00:00+00:00,2026-04-15 08:30:00+00:00,take_profit,3.4491932350809167,1.7245966175404583,397.27045884556304
BNB/USDT:USDT,v1_sniper,long,2026-04-15 09:45:00+00:00,2026-04-15 11:00:00+00:00,take_profit,3.225766867177882,1.612883433588941,400.4962257127409
ETH/USDT:USDT,v1_sniper,long,2026-04-15 08:30:00+00:00,2026-04-15 15:00:00+00:00,take_profit,3.5825110948269425,1.7912555474134713,404.07873680756785
NCSINASDAQ1002USD/USDT:USDT,v1_sniper,short,2026-04-16 13:30:00+00:00,2026-04-16 13:45:00+00:00,take_profit,3.0083485439965694,1.5041742719982847,407.08708535156444
NCSKAAPL2USD/USDT:USDT,v1_sniper,short,2026-04-16 13:30:00+00:00,2026-04-16 13:45:00+00:00,take_profit,3.499686156796559,1.7498430783982795,410.586771508361
BNB/USDT:USDT,v1_sniper,long,2026-04-16 15:45:00+00:00,2026-04-16 18:15:00+00:00,take_profit,3.57387401003386,1.78693700501693,414.16064551839486
HYPE/USDT:USDT,v1_sniper,long,2026-04-18 14:30:00+00:00,2026-04-18 15:45:00+00:00,take_profit,3.5062461066142983,1.7531230533071491,417.66689162500916
SOL/USDT:USDT,v1_sniper,short,2026-04-20 15:00:00+00:00,2026-04-20 15:15:00+00:00,stop_loss,-2.2617494962699283,-1.1308747481349641,415.4051421287392
NCSKAMZN2USD/USDT:USDT,v1_sniper,short,2026-04-20 13:45:00+00:00,2026-04-20 20:30:00+00:00,stop_loss,-2.2573273485410468,-1.1286636742705234,413.1478147801982
NCSINASDAQ1002USD/USDT:USDT,v1_sniper,short,2026-04-20 14:45:00+00:00,2026-04-20 20:30:00+00:00,stop_loss,-2.6917321054665115,-1.3458660527332558,410.4560826747317
HYPE/USDT:USDT,v1_sniper,short,2026-04-20 15:00:00+00:00,2026-04-21 03:00:00+00:00,time_exit,0.9117676024435004,0.4558838012217502,411.3678502771752
BNB/USDT:USDT,v1_sniper,short,2026-04-21 13:30:00+00:00,2026-04-21 14:30:00+00:00,stop_loss,-2.618468290020779,-1.3092341450103895,408.74938198715444
NCSKAAPL2USD/USDT:USDT,v1_sniper,short,2026-04-21 14:15:00+00:00,2026-04-21 15:30:00+00:00,take_profit,3.626412480720154,1.813206240360077,412.3757944678746
NCSISP5002USD/USDT:USDT,v1_sniper,short,2026-04-21 14:45:00+00:00,2026-04-21 16:45:00+00:00,take_profit,3.2858335215773016,1.6429167607886508,415.66162798945186
ADA/USDT:USDT,v1_sniper,short,2026-04-21 13:30:00+00:00,2026-04-21 17:15:00+00:00,take_profit,3.706993687851268,1.853496843925634,419.3686216773031
NCSINASDAQ1002USD/USDT:USDT,v1_sniper,short,2026-04-22 08:30:00+00:00,2026-04-22 12:00:00+00:00,stop_loss,-3.038437230793672,-1.519218615396836,416.33018444650946
SOL/USDT:USDT,v1_sniper,short,2026-04-22 15:15:00+00:00,2026-04-22 19:00:00+00:00,take_profit,3.6064881212830002,1.8032440606415001,419.93667256779247
BNB/USDT:USDT,v1_sniper,long,2026-04-23 14:00:00+00:00,2026-04-23 15:15:00+00:00,take_profit,2.9731488104138073,1.4865744052069036,422.9098213782063
ADA/USDT:USDT,v1_sniper,long,2026-04-23 14:30:00+00:00,2026-04-23 15:15:00+00:00,take_profit,3.5220168817579602,1.7610084408789801,426.43183825996425
BTC/USDT:USDT,v1_sniper,long,2026-04-23 15:30:00+00:00,2026-04-23 17:00:00+00:00,stop_loss,-2.4279250501759497,-1.2139625250879749,424.0039132097883
NCCOXAG2USD/USDT:USDT,v1_sniper,long,2026-04-23 13:30:00+00:00,2026-04-23 17:30:00+00:00,stop_loss,-2.1377122507406208,-1.0688561253703104,421.8662009590477
BNB/USDT:USDT,v1_sniper,long,2026-04-27 09:00:00+00:00,2026-04-27 13:45:00+00:00,stop_loss,-2.4943041206839,-1.24715206034195,419.3718968383638
BTC/USDT:USDT,v1_sniper,long,2026-04-27 09:45:00+00:00,2026-04-27 13:45:00+00:00,stop_loss,-2.635847498942459,-1.3179237494712295,416.73604933942136
NCSINASDAQ1002USD/USDT:USDT,v1_sniper,long,2026-04-28 08:30:00+00:00,2026-04-28 09:45:00+00:00,stop_loss,-2.8657597909662758,-1.4328798954831379,413.8702895484551
NCSISP5002USD/USDT:USDT,v1_sniper,short,2026-04-29 08:00:00+00:00,2026-04-29 13:30:00+00:00,take_profit,2.6394455198828015,1.3197227599414008,416.50973506833793
ADA/USDT:USDT,v1_sniper,short,2026-04-29 13:30:00+00:00,2026-04-29 15:00:00+00:00,take_profit,3.6263164228539555,1.8131582114269778,420.1360514911919
NCSKAMZN2USD/USDT:USDT,v1_sniper,long,2026-05-01 13:30:00+00:00,2026-05-01 13:45:00+00:00,take_profit,3.2478742939973655,1.6239371469986827,423.38392578518926
BNB/USDT:USDT,v1_sniper,long,2026-05-02 08:00:00+00:00,2026-05-02 15:45:00+00:00,take_profit,2.9351524594022558,1.4675762297011279,426.31907824459154
HYPE/USDT:USDT,v1_sniper,long,2026-05-03 09:00:00+00:00,2026-05-03 14:45:00+00:00,stop_loss,-2.4356020295738112,-1.2178010147869056,423.8834762150177
NCSKAMZN2USD/USDT:USDT,v1_sniper,short,2026-05-03 15:45:00+00:00,2026-05-03 16:45:00+00:00,stop_loss,-3.6480061705991216,-1.8240030852995608,420.2354700444186
NCSKAAPL2USD/USDT:USDT,v1_sniper,long,2026-05-03 09:30:00+00:00,2026-05-03 17:00:00+00:00,take_profit,2.3750210116729837,1.1875105058364919,422.6104910560916
NCSKAMZN2USD/USDT:USDT,v1_sniper,long,2026-05-04 13:45:00+00:00,2026-05-04 14:30:00+00:00,take_profit,3.7756238600772543,1.8878119300386271,426.3861149161688
NCCOXAG2USD/USDT:USDT,v1_sniper,long,2026-05-04 13:30:00+00:00,2026-05-04 15:15:00+00:00,stop_loss,-2.254750104239042,-1.127375052119521,424.13136481192976
SOL/USDT:USDT,v1_sniper,short,2026-05-05 08:30:00+00:00,2026-05-05 12:00:00+00:00,stop_loss,-2.6007117355520517,-1.3003558677760259,421.5306530763777
ADA/USDT:USDT,v1_sniper,short,2026-05-05 14:15:00+00:00,2026-05-05 20:30:00+00:00,stop_loss,-2.2765869476547063,-1.1382934738273531,419.25406612872297
NCSKAAPL2USD/USDT:USDT,v1_sniper,long,2026-05-06 13:30:00+00:00,2026-05-06 13:45:00+00:00,take_profit,3.1704962854635688,1.5852481427317844,422.42456241418654
NCSKAMZN2USD/USDT:USDT,v1_sniper,long,2026-05-07 08:00:00+00:00,2026-05-07 11:00:00+00:00,take_profit,2.9617864314649722,1.4808932157324861,425.3863488456515
NCSKAMZN2USD/USDT:USDT,v1_sniper,short,2026-05-07 13:45:00+00:00,2026-05-07 16:15:00+00:00,take_profit,3.546557776856086,1.773278888428043,428.93290662250763
NCCO1OILBRENT2USD/USDT:USDT,v1_sniper,long,2026-05-07 16:00:00+00:00,2026-05-07 17:15:00+00:00,take_profit,3.825707093355406,1.912853546677703,432.758613715863
NCCOXAG2USD/USDT:USDT,v1_sniper,short,2026-05-07 16:00:00+00:00,2026-05-07 18:45:00+00:00,take_profit,3.8017561349762916,1.9008780674881458,436.5603698508393
XAUT/USDT:USDT,v1_sniper,long,2026-05-07 23:15:00+00:00,2026-05-08 02:00:00+00:00,take_profit,3.3530604852734487,1.6765302426367243,439.91343033611275
ETH/USDT:USDT,v1_sniper,long,2026-05-08 08:45:00+00:00,2026-05-08 11:15:00+00:00,take_profit,3.0723265351829383,1.5361632675914692,442.9857568712957
NCSKAMZN2USD/USDT:USDT,v1_sniper,short,2026-05-08 13:30:00+00:00,2026-05-08 13:45:00+00:00,stop_loss,-2.6232702615126593,-1.3116351307563296,440.362486609783
HYPE/USDT:USDT,v1_sniper,short,2026-05-09 08:00:00+00:00,2026-05-09 09:00:00+00:00,stop_loss,-2.531333890565061,-1.2656669452825304,437.8311527192179
ETH/USDT:USDT,v1_sniper,long,2026-05-09 15:45:00+00:00,2026-05-09 18:15:00+00:00,take_profit,3.569037651791217,1.7845188258956084,441.40019037100916
SOL/USDT:USDT,v1_sniper,short,2026-05-09 09:15:00+00:00,2026-05-09 21:15:00+00:00,time_exit,-0.8363874398822247,-0.4181937199411124,440.56380293112693
BNB/USDT:USDT,v1_sniper,long,2026-05-10 08:30:00+00:00,2026-05-10 15:45:00+00:00,take_profit,3.459274518317247,1.7296372591586235,444.0230774494442
NCSKAMZN2USD/USDT:USDT,v1_sniper,short,2026-05-10 15:15:00+00:00,2026-05-10 16:00:00+00:00,stop_loss,-2.831759067916072,-1.415879533958036,441.1913183815281
BNB/USDT:USDT,v1_sniper,long,2026-05-11 14:00:00+00:00,2026-05-11 14:30:00+00:00,stop_loss,-2.5417087254798765,-1.2708543627399382,438.64960965604826
SOL/USDT:USDT,v1_sniper,long,2026-05-11 15:15:00+00:00,2026-05-11 16:00:00+00:00,take_profit,3.794550957522521,1.8972754787612605,442.4441606135708
NCSKAMZN2USD/USDT:USDT,v1_sniper,long,2026-05-11 13:45:00+00:00,2026-05-11 19:45:00+00:00,stop_loss,-2.184280049046013,-1.0921400245230064,440.25988056452474
ETH/USDT:USDT,v1_sniper,long,2026-05-12 09:45:00+00:00,2026-05-12 11:00:00+00:00,stop_loss,-2.463964048553301,-1.2319820242766506,437.79591651597144
BNB/USDT:USDT,v1_sniper,long,2026-05-12 09:45:00+00:00,2026-05-12 13:45:00+00:00,stop_loss,-2.488365036802445,-1.2441825184012225,435.307551479169
NCSINASDAQ1002USD/USDT:USDT,v1_sniper,long,2026-05-12 13:30:00+00:00,2026-05-12 14:00:00+00:00,stop_loss,-2.633838729263256,-1.316919364631628,432.67371274990575
NCSKAMZN2USD/USDT:USDT,v1_sniper,short,2026-05-13 09:00:00+00:00,2026-05-13 09:15:00+00:00,stop_loss,-2.747747284105783,-1.3738736420528914,429.92596546579995
NCSKAAPL2USD/USDT:USDT,v1_sniper,long,2026-05-13 13:30:00+00:00,2026-05-13 13:45:00+00:00,take_profit,3.114987498466978,1.557493749233489,433.0409529642669
NCSISP5002USD/USDT:USDT,v1_sniper,short,2026-05-13 13:45:00+00:00,2026-05-13 15:30:00+00:00,stop_loss,-2.6216512442080133,-1.3108256221040067,430.4193017200589
ETH/USDT:USDT,v1_sniper,long,2026-05-14 08:00:00+00:00,2026-05-14 09:30:00+00:00,stop_loss,-2.4564235940538284,-1.2282117970269142,427.9628781260051
NCSINASDAQ1002USD/USDT:USDT,v1_sniper,short,2026-05-14 08:15:00+00:00,2026-05-14 09:30:00+00:00,take_profit,2.8431546924935556,1.4215773462467778,430.80603281849864
SOL/USDT:USDT,v1_sniper,long,2026-05-14 08:30:00+00:00,2026-05-14 09:30:00+00:00,stop_loss,-2.479653225051817,-1.2398266125259085,428.3263795934468
NCCO1OILBRENT2USD/USDT:USDT,v1_sniper,long,2026-05-14 08:00:00+00:00,2026-05-14 09:45:00+00:00,stop_loss,-2.3662778041428814,-1.1831389020714407,425.9601017893039
NCSKAAPL2USD/USDT:USDT,v1_sniper,long,2026-05-14 09:00:00+00:00,2026-05-14 10:00:00+00:00,take_profit,3.3449157763187007,1.6724578881593504,429.3050175656226
NCSINASDAQ1002USD/USDT:USDT,v1_sniper,long,2026-05-14 13:45:00+00:00,2026-05-14 14:45:00+00:00,take_profit,3.295771818788701,1.6478859093943505,432.6007893844113
HYPE/USDT:USDT,v1_sniper,short,2026-05-15 08:00:00+00:00,2026-05-15 12:45:00+00:00,take_profit,3.8456634702347765,1.9228317351173883,436.4464528546461
BNB/USDT:USDT,v1_sniper,short,2026-05-15 13:30:00+00:00,2026-05-15 13:45:00+00:00,take_profit,3.440529300942002,1.720264650471001,439.8869821555881
NCSKAAPL2USD/USDT:USDT,v1_sniper,long,2026-05-15 13:30:00+00:00,2026-05-15 14:30:00+00:00,take_profit,3.7011273225357133,1.8505636612678567,443.58810947812384
HYPE/USDT:USDT,v1_sniper,short,2026-05-17 13:30:00+00:00,2026-05-17 14:15:00+00:00,stop_loss,-2.2541535657155496,-1.1270767828577748,441.33395591240827
XAUT/USDT:USDT,v1_sniper,short,2026-05-17 17:45:00+00:00,2026-05-17 20:45:00+00:00,take_profit,2.180683411280744,1.090341705640372,443.51463932368904
NCSKAMZN2USD/USDT:USDT,v1_sniper,long,2026-05-17 13:30:00+00:00,2026-05-17 23:30:00+00:00,stop_loss,-3.045024499104067,-1.5225122495520336,440.469614824585
ETH/USDT:USDT,v1_sniper,long,2026-05-18 08:00:00+00:00,2026-05-18 10:00:00+00:00,stop_loss,-2.4703401983080386,-1.2351700991540193,437.99927462627693
NCSISP5002USD/USDT:USDT,v1_sniper,long,2026-05-18 08:00:00+00:00,2026-05-18 12:45:00+00:00,take_profit,3.2461482918458087,1.6230741459229043,441.24542291812276
SOL/USDT:USDT,v1_sniper,short,2026-05-18 14:30:00+00:00,2026-05-18 15:15:00+00:00,take_profit,3.598617143953564,1.799308571976782,444.8440400620763
NCCO1OILBRENT2USD/USDT:USDT,v1_sniper,long,2026-05-18 14:45:00+00:00,2026-05-18 18:15:00+00:00,take_profit,3.792751794356433,1.8963758971782165,448.63679185643275
ETH/USDT:USDT,v1_sniper,short,2026-05-18 15:15:00+00:00,2026-05-18 18:15:00+00:00,take_profit,3.615575632955072,1.807787816477536,452.25236748938784
HYPE/USDT:USDT,v1_sniper,short,2026-05-18 14:45:00+00:00,2026-05-18 19:00:00+00:00,stop_loss,-2.149979413134611,-1.0749897065673055,450.10238807625325
NCSKAAPL2USD/USDT:USDT,v1_sniper,short,2026-05-18 15:15:00+00:00,2026-05-19 03:15:00+00:00,time_exit,-0.6640792710326378,-0.3320396355163189,449.43830880522063
BNB/USDT:USDT,v1_sniper,short,2026-05-19 08:00:00+00:00,2026-05-19 10:30:00+00:00,take_profit,3.3862190343384055,1.6931095171692028,452.82452783955904
NCSKAAPL2USD/USDT:USDT,v1_sniper,long,2026-05-19 13:30:00+00:00,2026-05-19 13:45:00+00:00,take_profit,3.5050855642568877,1.7525427821284438,456.3296134038159
HYPE/USDT:USDT,v1_sniper,short,2026-05-19 14:45:00+00:00,2026-05-19 15:15:00+00:00,stop_loss,-2.226955716387516,-1.113477858193758,454.1026576874284
NCSKAAPL2USD/USDT:USDT,v1_sniper,long,2026-05-20 13:30:00+00:00,2026-05-20 13:45:00+00:00,take_profit,2.62452919254667,1.312264596273335,456.7271868799751
SOL/USDT:USDT,v1_sniper,short,2026-05-20 13:30:00+00:00,2026-05-20 14:15:00+00:00,stop_loss,-2.6870367467464096,-1.3435183733732048,454.0401501332287
BNB/USDT:USDT,v1_sniper,short,2026-05-20 13:45:00+00:00,2026-05-20 14:15:00+00:00,stop_loss,-2.76492452830186,-1.38246226415093,451.27522560492685
NCSKAMZN2USD/USDT:USDT,v1_sniper,short,2026-05-21 13:30:00+00:00,2026-05-21 15:00:00+00:00,stop_loss,-2.423313643108589,-1.2116568215542944,448.85191196181825
BNB/USDT:USDT,v1_sniper,long,2026-05-21 15:15:00+00:00,2026-05-21 17:15:00+00:00,take_profit,3.5230493754349057,1.7615246877174529,452.3749613372531
BNB/USDT:USDT,v1_sniper,short,2026-05-22 09:15:00+00:00,2026-05-22 12:00:00+00:00,stop_loss,-2.8635775668095076,-1.4317887834047538,449.5113837704436
NCSKAMZN2USD/USDT:USDT,v1_sniper,long,2026-05-22 13:30:00+00:00,2026-05-22 14:00:00+00:00,stop_loss,-2.6799257937833567,-1.3399628968916784,446.83145797666026
HYPE/USDT:USDT,v1_sniper,short,2026-05-22 14:15:00+00:00,2026-05-22 15:00:00+00:00,take_profit,3.8626042371393323,1.9313021185696662,450.6940622137996
SOL/USDT:USDT,v1_sniper,short,2026-05-22 14:15:00+00:00,2026-05-22 18:30:00+00:00,take_profit,3.61265637170833,1.806328185854165,454.30671858550795
BNB/USDT:USDT,v1_sniper,long,2026-05-23 13:30:00+00:00,2026-05-23 14:45:00+00:00,take_profit,3.401541882072937,1.7007709410364684,457.7082604675809
BNB/USDT:USDT,v1_sniper,short,2026-05-25 15:15:00+00:00,2026-05-25 15:45:00+00:00,take_profit,3.1406866385880545,1.5703433192940273,460.84894710616896
XAUT/USDT:USDT,v1_sniper,long,2026-05-25 23:00:00+00:00,2026-05-25 23:30:00+00:00,stop_loss,-3.276554728905143,-1.6382773644525714,457.57239237726384
SOL/USDT:USDT,v1_sniper,long,2026-05-26 08:00:00+00:00,2026-05-26 10:15:00+00:00,take_profit,3.183587709776224,1.591793854888112,460.7559800870401
ETH/USDT:USDT,v1_sniper,short,2026-05-26 14:45:00+00:00,2026-05-26 17:15:00+00:00,take_profit,3.808185237465053,1.9040926187325264,464.56416532450515
BNB/USDT:USDT,v1_sniper,short,2026-05-26 15:45:00+00:00,2026-05-27 03:45:00+00:00,time_exit,2.6857754470248545,1.3428877235124272,467.24994077153
NCSKAMZN2USD/USDT:USDT,v1_sniper,long,2026-05-27 13:30:00+00:00,2026-05-27 13:45:00+00:00,take_profit,3.5838650643630805,1.7919325321815402,470.8338058358931
ADA/USDT:USDT,v1_sniper,long,2026-05-27 15:15:00+00:00,2026-05-27 17:45:00+00:00,stop_loss,-2.207368612621132,-1.103684306310566,468.626437223272
NCSISP5002USD/USDT:USDT,v1_sniper,short,2026-05-27 13:45:00+00:00,2026-05-27 21:00:00+00:00,stop_loss,-2.8852872899131032,-1.4426436449565516,465.7411499333589
NCSKAAPL2USD/USDT:USDT,v1_sniper,long,2026-05-27 13:45:00+00:00,2026-05-28 01:45:00+00:00,time_exit,0.5545724117054971,0.27728620585274855,466.2957223450644
NCCO1OILBRENT2USD/USDT:USDT,v1_sniper,short,2026-05-28 09:15:00+00:00,2026-05-28 10:45:00+00:00,stop_loss,-2.396937177483906,-1.198468588741953,463.8987851675805
ETH/USDT:USDT,v1_sniper,long,2026-05-29 15:00:00+00:00,2026-05-29 15:30:00+00:00,take_profit,3.7452994838104203,1.8726497419052102,467.6440846513909
SOL/USDT:USDT,v1_sniper,long,2026-05-29 15:00:00+00:00,2026-05-29 15:30:00+00:00,take_profit,3.781631198441374,1.890815599220687,471.4257158498323
HYPE/USDT:USDT,v1_sniper,short,2026-05-30 15:45:00+00:00,2026-05-31 00:00:00+00:00,stop_loss,-2.1521101011443613,-1.0760550505721806,469.2736057486879
ETH/USDT:USDT,v1_sniper,short,2026-05-31 08:00:00+00:00,2026-05-31 10:15:00+00:00,take_profit,3.169378443686761,1.5846892218433806,472.44298419237464
HYPE/USDT:USDT,v1_sniper,short,2026-05-31 09:00:00+00:00,2026-05-31 11:15:00+00:00,take_profit,3.7501015302069467,1.8750507651034733,476.1930857225816
SOL/USDT:USDT,v1_sniper,short,2026-05-31 08:00:00+00:00,2026-05-31 13:15:00+00:00,stop_loss,-2.6811395376607083,-1.3405697688303542,473.5119461849209
NCSINASDAQ1002USD/USDT:USDT,v1_sniper,short,2026-05-29 14:30:00+00:00,2026-06-01 02:00:00+00:00,stop_loss,-2.531180789419338,-1.265590394709669,470.9807653955015
BNB/USDT:USDT,v1_sniper,long,2026-06-01 09:30:00+00:00,2026-06-01 09:45:00+00:00,take_profit,3.7426615469248463,1.8713307734624232,474.7234269424264
NCSKAAPL2USD/USDT:USDT,v1_sniper,short,2026-06-01 14:30:00+00:00,2026-06-02 02:30:00+00:00,time_exit,2.753671633912661,1.3768358169563304,477.4770985763391
NCSKAMZN2USD/USDT:USDT,v1_sniper,short,2026-06-02 08:15:00+00:00,2026-06-02 11:00:00+00:00,take_profit,3.368478356791202,1.684239178395601,480.8455769331303
NCCOXAG2USD/USDT:USDT,v1_sniper,short,2026-06-02 09:00:00+00:00,2026-06-02 13:15:00+00:00,take_profit,3.4870572197748264,1.7435286098874132,484.33263415290514
NCCO1OILBRENT2USD/USDT:USDT,v1_sniper,long,2026-06-02 15:00:00+00:00,2026-06-02 17:15:00+00:00,take_profit,3.7173209677419594,1.8586604838709797,488.0499551206471
NCSKAMZN2USD/USDT:USDT,v1_sniper,long,2026-06-02 14:30:00+00:00,2026-06-03 02:30:00+00:00,time_exit,-1.3372470463186332,-0.6686235231593166,486.7127080743285
NCSKAMZN2USD/USDT:USDT,v1_sniper,short,2026-06-03 14:15:00+00:00,2026-06-03 15:30:00+00:00,take_profit,3.747984922120061,1.8739924610600305,490.46069299644853
NCSINASDAQ1002USD/USDT:USDT,v1_sniper,short,2026-06-03 13:45:00+00:00,2026-06-04 01:45:00+00:00,time_exit,1.9761846112396215,0.9880923056198108,492.43687760768813
NCSINASDAQ1002USD/USDT:USDT,v1_sniper,short,2026-06-04 08:15:00+00:00,2026-06-04 11:30:00+00:00,take_profit,3.4424645012885917,1.7212322506442959,495.87934210897674
NCSISP5002USD/USDT:USDT,v1_sniper,short,2026-06-04 09:00:00+00:00,2026-06-04 13:30:00+00:00,stop_loss,-2.8892611923161864,-1.4446305961580932,492.99008091666053
ETH/USDT:USDT,v1_sniper,long,2026-06-04 13:30:00+00:00,2026-06-05 01:30:00+00:00,time_exit,-0.8479280770093587,-0.42396403850467934,492.14215283965115
SOL/USDT:USDT,v1_sniper,long,2026-06-05 09:15:00+00:00,2026-06-05 13:45:00+00:00,stop_loss,-2.1418785108392995,-1.0709392554196497,490.0002743288118
NCSKAMZN2USD/USDT:USDT,v1_sniper,long,2026-06-05 13:30:00+00:00,2026-06-05 18:15:00+00:00,stop_loss,-2.266667670906517,-1.1333338354532585,487.7336066579053
ETH/USDT:USDT,v1_sniper,long,2026-06-06 08:30:00+00:00,2026-06-06 09:45:00+00:00,stop_loss,-2.2215512164202336,-1.1107756082101168,485.5120554414851
SOL/USDT:USDT,v1_sniper,long,2026-06-06 08:30:00+00:00,2026-06-06 09:45:00+00:00,stop_loss,-2.18382798134576,-1.09191399067288,483.3282274601393
NCSINASDAQ1002USD/USDT:USDT,v1_sniper,long,2026-06-06 08:45:00+00:00,2026-06-06 12:00:00+00:00,take_profit,3.6640709711898016,1.8320354855949008,486.9922984313291
BNB/USDT:USDT,v1_sniper,short,2026-06-06 10:00:00+00:00,2026-06-06 22:00:00+00:00,time_exit,1.2308593713843359,0.6154296856921679,488.22315780271344
NCSINASDAQ1002USD/USDT:USDT,v1_sniper,short,2026-06-07 09:30:00+00:00,2026-06-07 10:00:00+00:00,take_profit,3.1978986098549904,1.5989493049274952,491.4210564125684
NCSKAAPL2USD/USDT:USDT,v1_sniper,short,2026-06-07 09:45:00+00:00,2026-06-07 12:00:00+00:00,take_profit,3.4017764023553068,1.7008882011776534,494.82283281492374
HYPE/USDT:USDT,v1_sniper,short,2026-06-07 09:45:00+00:00,2026-06-07 12:00:00+00:00,take_profit,3.87427621420632,1.93713810710316,498.69710902913005
NCSINASDAQ1002USD/USDT:USDT,v1_sniper,long,2026-06-07 13:45:00+00:00,2026-06-07 14:15:00+00:00,take_profit,3.2704289893838974,1.6352144946919487,501.96753801851395
SOL/USDT:USDT,v1_sniper,short,2026-06-07 13:30:00+00:00,2026-06-07 14:30:00+00:00,stop_loss,-2.1422433350612065,-1.0711216675306032,499.82529468345274
BNB/USDT:USDT,v1_sniper,short,2026-06-07 13:45:00+00:00,2026-06-07 17:00:00+00:00,stop_loss,-2.2375010961731046,-1.1187505480865523,497.58779358727963
NCSISP5002USD/USDT:USDT,v1_sniper,short,2026-06-07 09:45:00+00:00,2026-06-07 19:30:00+00:00,take_profit,3.3309843772136443,1.6654921886068221,500.9187779644933
NCSKAMZN2USD/USDT:USDT,v1_sniper,short,2026-06-08 08:45:00+00:00,2026-06-08 09:15:00+00:00,stop_loss,-2.7476227173330723,-1.3738113586665361,498.17115524716024
NCSISP5002USD/USDT:USDT,v1_sniper,short,2026-06-09 14:15:00+00:00,2026-06-09 15:15:00+00:00,take_profit,3.696488122128228,1.848244061064114,501.8676433692885
NCSKAMZN2USD/USDT:USDT,v1_sniper,short,2026-06-09 14:30:00+00:00,2026-06-09 15:15:00+00:00,take_profit,3.7159618297460244,1.8579809148730122,505.58360519903454
BNB/USDT:USDT,v1_sniper,long,2026-06-10 13:45:00+00:00,2026-06-10 18:45:00+00:00,stop_loss,-2.2418239423317616,-1.1209119711658808,503.3417812567028
NCSISP5002USD/USDT:USDT,v1_sniper,short,2026-06-10 15:00:00+00:00,2026-06-10 19:15:00+00:00,take_profit,3.6387407193431973,1.8193703596715987,506.980521976046
NCSINASDAQ1002USD/USDT:USDT,v1_sniper,short,2026-06-10 15:00:00+00:00,2026-06-10 22:00:00+00:00,take_profit,3.7878674475645338,1.8939337237822669,510.76838942361053
ADA/USDT:USDT,v1_sniper,short,2026-06-12 08:00:00+00:00,2026-06-12 09:15:00+00:00,stop_loss,-2.3201425252007253,-1.1600712626003626,508.4482468984098
NCSISP5002USD/USDT:USDT,v1_sniper,long,2026-06-12 08:15:00+00:00,2026-06-12 13:30:00+00:00,stop_loss,-2.5388922635267246,-1.2694461317633623,505.9093546348831
BNB/USDT:USDT,v1_sniper,long,2026-06-12 09:30:00+00:00,2026-06-12 13:30:00+00:00,stop_loss,-2.505032584269701,-1.2525162921348505,503.40432205061336
ADA/USDT:USDT,v1_sniper,long,2026-06-12 15:00:00+00:00,2026-06-12 21:45:00+00:00,stop_loss,-2.13033469032101,-1.065167345160505,501.2739873602923
NCSKAMZN2USD/USDT:USDT,v1_sniper,short,2026-06-12 13:45:00+00:00,2026-06-13 01:45:00+00:00,time_exit,-0.7031109047829275,-0.35155545239146374,500.5708764555094
NCSINASDAQ1002USD/USDT:USDT,v1_sniper,short,2026-06-13 08:00:00+00:00,2026-06-13 14:45:00+00:00,stop_loss,-2.5950069763095445,-1.2975034881547722,497.97586947919984
BNB/USDT:USDT,v1_sniper,short,2026-06-14 14:30:00+00:00,2026-06-14 14:45:00+00:00,take_profit,3.277625552507025,1.6388127762535125,501.25349503170685
NCSKAMZN2USD/USDT:USDT,v1_sniper,short,2026-06-15 08:15:00+00:00,2026-06-15 10:15:00+00:00,stop_loss,-2.817769375996092,-1.408884687998046,498.43572565571077
BNB/USDT:USDT,v1_sniper,short,2026-06-15 08:00:00+00:00,2026-06-15 10:45:00+00:00,stop_loss,-2.632370187480861,-1.3161850937404305,495.8033554682299
HYPE/USDT:USDT,v1_sniper,short,2026-06-15 13:45:00+00:00,2026-06-15 15:45:00+00:00,stop_loss,-2.1787327847992253,-1.0893663923996126,493.62462268343063
NCCOXAG2USD/USDT:USDT,v1_sniper,long,2026-06-16 08:15:00+00:00,2026-06-16 14:15:00+00:00,stop_loss,-2.301863769025568,-1.150931884512784,491.3227589144051
NCSKAMZN2USD/USDT:USDT,v1_sniper,long,2026-06-16 15:00:00+00:00,2026-06-16 16:45:00+00:00,stop_loss,-2.247374824487128,-1.123687412243564,489.075384089918
HYPE/USDT:USDT,v1_sniper,short,2026-06-16 14:15:00+00:00,2026-06-16 17:00:00+00:00,take_profit,3.8491027994144313,1.9245513997072157,492.9244868893324
NCSKAAPL2USD/USDT:USDT,v1_sniper,long,2026-06-16 14:00:00+00:00,2026-06-17 02:00:00+00:00,time_exit,1.3723840431374439,0.6861920215687219,494.29687093246986
SOL/USDT:USDT,v1_sniper,long,2026-06-17 13:30:00+00:00,2026-06-17 15:45:00+00:00,take_profit,3.771140731040754,1.885570365520377,498.0680116635106
HYPE/USDT:USDT,v1_sniper,long,2026-06-17 15:30:00+00:00,2026-06-17 15:45:00+00:00,take_profit,3.767137546097099,1.8835687730485495,501.8351492096077
ETH/USDT:USDT,v1_sniper,long,2026-06-17 15:45:00+00:00,2026-06-17 16:15:00+00:00,take_profit,3.6384611880328164,1.8192305940164082,505.4736103976405
XAUT/USDT:USDT,v1_sniper,long,2026-06-17 13:45:00+00:00,2026-06-17 17:30:00+00:00,take_profit,3.234046695912096,1.617023347956048,508.7076570935526
BNB/USDT:USDT,v1_sniper,long,2026-06-18 08:15:00+00:00,2026-06-18 10:15:00+00:00,stop_loss,-2.6358330461305717,-1.3179165230652858,506.071824047422
HYPE/USDT:USDT,v1_sniper,long,2026-06-18 08:30:00+00:00,2026-06-18 11:30:00+00:00,stop_loss,-2.1365873514490152,-1.0682936757245076,503.935236695973
NCCO1OILBRENT2USD/USDT:USDT,v1_sniper,long,2026-06-18 15:30:00+00:00,2026-06-18 16:45:00+00:00,take_profit,3.5805583318989394,1.7902791659494697,507.51579502787195
NCSKAMZN2USD/USDT:USDT,v1_sniper,long,2026-06-18 15:15:00+00:00,2026-06-18 17:15:00+00:00,take_profit,3.700471764272054,1.850235882136027,511.216266792144
SOL/USDT:USDT,v1_sniper,long,2026-06-19 13:30:00+00:00,2026-06-19 13:45:00+00:00,take_profit,3.6775438363783493,1.8387719181891746,514.8938106285224
NCSKAAPL2USD/USDT:USDT,v1_sniper,long,2026-06-19 08:30:00+00:00,2026-06-19 14:00:00+00:00,stop_loss,-2.573580635166519,-1.2867903175832596,512.3202299933558
BNB/USDT:USDT,v1_sniper,long,2026-06-19 13:45:00+00:00,2026-06-20 01:45:00+00:00,time_exit,2.0300798627319554,1.0150399313659777,514.3503098560878
NCSKAMZN2USD/USDT:USDT,v1_sniper,short,2026-06-20 08:00:00+00:00,2026-06-20 14:45:00+00:00,stop_loss,-2.833340238239549,-1.4166701191197746,511.5169696178483
BNB/USDT:USDT,v1_sniper,short,2026-06-20 13:30:00+00:00,2026-06-20 14:45:00+00:00,stop_loss,-2.445271773981957,-1.2226358869909786,509.07169784386633
SOL/USDT:USDT,v1_sniper,short,2026-06-20 13:30:00+00:00,2026-06-20 14:45:00+00:00,stop_loss,-2.3243287400729846,-1.1621643700364923,506.74736910379335
ETH/USDT:USDT,v1_sniper,long,2026-06-20 14:45:00+00:00,2026-06-20 15:15:00+00:00,take_profit,3.683729863464982,1.841864931732491,510.4310989672583
BNB/USDT:USDT,v1_sniper,short,2026-06-21 08:15:00+00:00,2026-06-21 12:00:00+00:00,take_profit,3.230274324589506,1.615137162294753,513.6613732918478
ETH/USDT:USDT,v1_sniper,long,2026-06-21 15:00:00+00:00,2026-06-21 20:45:00+00:00,stop_loss,-2.5678668595326677,-1.2839334297663338,511.0935064323151
HYPE/USDT:USDT,v1_sniper,long,2026-06-21 14:45:00+00:00,2026-06-21 21:00:00+00:00,stop_loss,-2.228289850605125,-1.1141449253025626,508.86521658171
NCSKAAPL2USD/USDT:USDT,v1_sniper,short,2026-06-21 13:30:00+00:00,2026-06-21 23:15:00+00:00,take_profit,2.833495564516043,1.4167477822580214,511.69871214622606
BNB/USDT:USDT,v1_sniper,short,2026-06-22 16:00:00+00:00,2026-06-22 21:30:00+00:00,take_profit,3.635298129827755,1.8176490649138775,515.3340102760538
BTC/USDT:USDT,v1_sniper,short,2026-06-22 14:30:00+00:00,2026-06-22 22:30:00+00:00,take_profit,3.7709130288952086,1.8854565144476043,519.104923304949
NCSISP5002USD/USDT:USDT,v1_sniper,short,2026-06-22 14:30:00+00:00,2026-06-23 02:30:00+00:00,time_exit,1.7939686912030404,0.8969843456015202,520.8988919961521
NCSINASDAQ1002USD/USDT:USDT,v1_sniper,short,2026-06-22 14:30:00+00:00,2026-06-23 02:30:00+00:00,time_exit,2.4876217487885057,1.2438108743942529,523.3865137449405
NCCO1OILBRENT2USD/USDT:USDT,v1_sniper,long,2026-06-23 08:15:00+00:00,2026-06-23 13:30:00+00:00,stop_loss,-2.425420966643983,-1.2127104833219915,520.9610927782966
ETH/USDT:USDT,v1_sniper,long,2026-06-23 13:30:00+00:00,2026-06-23 14:15:00+00:00,take_profit,3.5052939270204213,1.7526469635102107,524.466386705317
NCSKAAPL2USD/USDT:USDT,v1_sniper,long,2026-06-23 13:45:00+00:00,2026-06-23 19:45:00+00:00,stop_loss,-2.1907479520725235,-1.0953739760362617,522.2756387532444
BNB/USDT:USDT,v1_sniper,long,2026-06-23 13:30:00+00:00,2026-06-23 23:45:00+00:00,take_profit,3.490977645764947,1.7454888228824734,525.7666163990093
SOL/USDT:USDT,v1_sniper,short,2026-06-24 08:00:00+00:00,2026-06-24 11:45:00+00:00,stop_loss,-2.4010336833168884,-1.2005168416584442,523.3655827156924
NCSINASDAQ1002USD/USDT:USDT,v1_sniper,long,2026-06-24 14:45:00+00:00,2026-06-24 17:15:00+00:00,stop_loss,-2.229898348744873,-1.1149491743724365,521.1356843669475
BNB/USDT:USDT,v1_sniper,short,2026-06-25 09:30:00+00:00,2026-06-25 10:30:00+00:00,take_profit,3.184527394529492,1.592263697264746,524.320211761477
NCSISP5002USD/USDT:USDT,v1_sniper,short,2026-06-25 13:30:00+00:00,2026-06-25 13:45:00+00:00,take_profit,2.839036915387295,1.4195184576936475,527.1592486768643
HYPE/USDT:USDT,v1_sniper,short,2026-06-25 13:30:00+00:00,2026-06-25 13:45:00+00:00,take_profit,3.734950104163859,1.8674750520819294,530.8941987810282
HYPE/USDT:USDT,v1_sniper,long,2026-06-25 16:00:00+00:00,2026-06-25 18:45:00+00:00,take_profit,3.863193523592625,1.9315967617963126,534.7573923046208
SOL/USDT:USDT,v1_sniper,short,2026-06-25 13:45:00+00:00,2026-06-25 23:30:00+00:00,stop_loss,-2.0850979979377118,-1.0425489989688559,532.672294306683
NCSINASDAQ1002USD/USDT:USDT,v1_sniper,short,2026-06-25 13:45:00+00:00,2026-06-26 01:45:00+00:00,time_exit,1.53909645682643,0.769548228413215,534.2113907635095
HYPE/USDT:USDT,v1_sniper,long,2026-06-26 13:30:00+00:00,2026-06-26 13:45:00+00:00,take_profit,3.6889393528209684,1.8444696764104842,537.9003301163305
NCCO1OILBRENT2USD/USDT:USDT,v1_sniper,long,2026-06-26 13:30:00+00:00,2026-06-26 14:15:00+00:00,stop_loss,-2.3460009553245076,-1.1730004776622538,535.554329161006
BNB/USDT:USDT,v1_sniper,long,2026-06-26 15:30:00+00:00,2026-06-27 03:30:00+00:00,time_exit,0.5337405218656062,0.2668702609328031,536.0880696828716
XAUT/USDT:USDT,v1_sniper,short,2026-06-26 17:45:00+00:00,2026-06-27 05:45:00+00:00,time_exit,-1.5914034429493613,-0.7957017214746807,534.4966662399222
HYPE/USDT:USDT,v1_sniper,long,2026-06-27 08:00:00+00:00,2026-06-27 09:00:00+00:00,stop_loss,-2.246976677362644,-1.123488338681322,532.2496895625595
NCSKAAPL2USD/USDT:USDT,v1_sniper,long,2026-06-27 13:45:00+00:00,2026-06-27 17:00:00+00:00,stop_loss,-2.664795686017553,-1.3323978430087764,529.584893876542
NCSKAAPL2USD/USDT:USDT,v1_sniper,short,2026-06-29 08:00:00+00:00,2026-06-29 13:15:00+00:00,stop_loss,-2.5727620510198452,-1.2863810255099226,527.0121318255221
BNB/USDT:USDT,v1_sniper,long,2026-06-29 08:00:00+00:00,2026-06-29 14:00:00+00:00,stop_loss,-2.1894813941491473,-1.0947406970745737,524.822650431373
NCSINASDAQ1002USD/USDT:USDT,v1_sniper,short,2026-06-29 14:15:00+00:00,2026-06-29 16:00:00+00:00,stop_loss,-2.2073175869468056,-1.1036587934734028,522.6153328444261
NCSISP5002USD/USDT:USDT,v1_sniper,short,2026-06-29 14:15:00+00:00,2026-06-29 17:15:00+00:00,stop_loss,-2.3702575475681575,-1.1851287737840788,520.245075296858
NCCO1OILBRENT2USD/USDT:USDT,v1_sniper,long,2026-06-30 08:15:00+00:00,2026-06-30 10:00:00+00:00,take_profit,3.4958644407345467,1.7479322203672734,523.7409397375925
NCCOXAG2USD/USDT:USDT,v1_sniper,long,2026-06-30 08:00:00+00:00,2026-06-30 20:00:00+00:00,time_exit,0.4694688603410706,0.2347344301705353,524.2104085979336
HYPE/USDT:USDT,v1_sniper,short,2026-07-01 08:00:00+00:00,2026-07-01 10:30:00+00:00,take_profit,3.777266506140747,1.8886332530703736,527.9876751040744
NCCOXAG2USD/USDT:USDT,v1_sniper,long,2026-07-01 09:30:00+00:00,2026-07-01 11:15:00+00:00,take_profit,3.6196960018953686,1.8098480009476843,531.6073711059697
ETH/USDT:USDT,v1_sniper,long,2026-07-01 13:30:00+00:00,2026-07-01 13:45:00+00:00,take_profit,3.59207081546024,1.79603540773012,535.19944192143
HYPE/USDT:USDT,v1_sniper,long,2026-07-01 13:30:00+00:00,2026-07-01 14:00:00+00:00,take_profit,3.776376329391729,1.8881881646958645,538.9758182508217
NCSKAAPL2USD/USDT:USDT,v1_sniper,long,2026-07-01 13:45:00+00:00,2026-07-01 14:00:00+00:00,take_profit,3.288792216375054,1.644396108187527,542.2646104671968
NCSKAMZN2USD/USDT:USDT,v1_sniper,short,2026-07-01 13:45:00+00:00,2026-07-01 14:15:00+00:00,stop_loss,-2.2625640295857137,-1.1312820147928568,540.002046437611
NCSINASDAQ1002USD/USDT:USDT,v1_sniper,long,2026-07-01 15:15:00+00:00,2026-07-01 18:45:00+00:00,stop_loss,-2.4054244208838735,-1.2027122104419368,537.5966220167272
ETH/USDT:USDT,v1_sniper,long,2026-07-02 09:15:00+00:00,2026-07-02 09:30:00+00:00,take_profit,3.5747045160985853,1.7873522580492927,541.1713265328258
NCSINASDAQ1002USD/USDT:USDT,v1_sniper,long,2026-07-02 13:30:00+00:00,2026-07-02 13:45:00+00:00,take_profit,3.325968924591781,1.6629844622958905,544.4972954574175
NCSISP5002USD/USDT:USDT,v1_sniper,short,2026-07-02 14:30:00+00:00,2026-07-02 16:30:00+00:00,take_profit,3.4394583669462024,1.7197291834731012,547.9367538243637
SOL/USDT:USDT,v1_sniper,short,2026-07-02 14:30:00+00:00,2026-07-03 01:45:00+00:00,stop_loss,-2.2524871759114635,-1.1262435879557318,545.6842666484522
BNB/USDT:USDT,v1_sniper,short,2026-07-03 14:15:00+00:00,2026-07-03 15:00:00+00:00,stop_loss,-2.3608145393444775,-1.1804072696722387,543.3234521091077
HYPE/USDT:USDT,v1_sniper,short,2026-07-04 13:45:00+00:00,2026-07-04 15:00:00+00:00,stop_loss,-2.5087792541930725,-1.2543896270965362,540.8146728549146
SOL/USDT:USDT,v1_sniper,long,2026-07-04 15:15:00+00:00,2026-07-04 17:45:00+00:00,take_profit,3.5334601902173457,1.7667300951086728,544.348133045132
SOL/USDT:USDT,v1_sniper,long,2026-07-05 08:00:00+00:00,2026-07-05 09:15:00+00:00,stop_loss,-2.7060959554197868,-1.3530479777098934,541.6420370897123
HYPE/USDT:USDT,v1_sniper,long,2026-07-05 08:45:00+00:00,2026-07-05 09:30:00+00:00,stop_loss,-2.4950301549922083,-1.2475150774961041,539.14700693472
NCSISP5002USD/USDT:USDT,v1_sniper,short,2026-07-05 09:30:00+00:00,2026-07-05 11:45:00+00:00,stop_loss,-3.4199311797226946,-1.7099655898613473,535.7270757549974
NCCO1OILBRENT2USD/USDT:USDT,v1_sniper,short,2026-07-06 08:00:00+00:00,2026-07-06 10:45:00+00:00,stop_loss,-2.297027326390181,-1.1485136631950905,533.4300484286072
HYPE/USDT:USDT,v1_sniper,short,2026-07-06 08:00:00+00:00,2026-07-06 12:00:00+00:00,take_profit,3.808446630236798,1.904223315118399,537.2384950588439
HYPE/USDT:USDT,v1_sniper,long,2026-07-06 15:15:00+00:00,2026-07-06 15:45:00+00:00,take_profit,3.6448395764088697,1.8224197882044348,540.8833346352528
ETH/USDT:USDT,v1_sniper,long,2026-07-06 15:15:00+00:00,2026-07-06 16:00:00+00:00,take_profit,3.7423236573772414,1.8711618286886207,544.6256582926301
SOL/USDT:USDT,v1_sniper,long,2026-07-06 15:45:00+00:00,2026-07-06 21:00:00+00:00,take_profit,3.7630524988507275,1.8815262494253637,548.3887107914808
BNB/USDT:USDT,v1_sniper,long,2026-07-06 16:00:00+00:00,2026-07-07 03:45:00+00:00,stop_loss,-2.247385764131205,-1.1236928820656025,546.1413250273496
NCSKAMZN2USD/USDT:USDT,v1_sniper,long,2026-07-07 08:15:00+00:00,2026-07-07 09:30:00+00:00,take_profit,3.5894665116243845,1.7947332558121922,549.730791538974
NCSKAMZN2USD/USDT:USDT,v1_sniper,short,2026-07-07 15:15:00+00:00,2026-07-07 16:45:00+00:00,stop_loss,-2.248045249945995,-1.1240226249729974,547.482746289028
NCSINASDAQ1002USD/USDT:USDT,v1_sniper,long,2026-07-07 16:00:00+00:00,2026-07-08 04:00:00+00:00,time_exit,0.1933681959254024,0.0966840979627012,547.6761144849534
NCSKAMZN2USD/USDT:USDT,v1_sniper,long,2026-07-08 13:30:00+00:00,2026-07-08 14:30:00+00:00,stop_loss,-2.301240116912193,-1.1506200584560966,545.3748743680412
BNB/USDT:USDT,v1_sniper,long,2026-07-08 13:30:00+00:00,2026-07-08 15:00:00+00:00,stop_loss,-2.4870725964091056,-1.2435362982045528,542.8878017716321
NCSKAAPL2USD/USDT:USDT,v1_sniper,long,2026-07-09 15:15:00+00:00,2026-07-09 19:30:00+00:00,take_profit,3.6318746493401592,1.8159373246700796,546.5196764209722
NCSKAMZN2USD/USDT:USDT,v1_sniper,short,2026-07-10 13:45:00+00:00,2026-07-10 14:00:00+00:00,take_profit,3.244934009558111,1.6224670047790555,549.7646104305304
ETH/USDT:USDT,v1_sniper,short,2026-07-10 14:15:00+00:00,2026-07-11 02:15:00+00:00,time_exit,0.05960238793681766,0.02980119396840883,549.8242128184672
HYPE/USDT:USDT,v1_sniper,short,2026-07-10 14:15:00+00:00,2026-07-11 02:15:00+00:00,time_exit,2.4463141165934132,1.2231570582967066,552.2705269350606
HYPE/USDT:USDT,v1_sniper,long,2026-07-11 09:15:00+00:00,2026-07-11 12:15:00+00:00,take_profit,3.418936608463949,1.7094683042319745,555.6894635435245
NCSINASDAQ1002USD/USDT:USDT,v1_sniper,short,2026-07-11 13:30:00+00:00,2026-07-12 01:30:00+00:00,time_exit,1.2342211210631344,0.6171105605315672,556.9236846645877
BNB/USDT:USDT,v1_sniper,long,2026-07-12 08:00:00+00:00,2026-07-12 11:30:00+00:00,take_profit,3.1402883930631935,1.5701441965315968,560.0639730576509
NCCO1OILBRENT2USD/USDT:USDT,v1_sniper,short,2026-07-12 13:30:00+00:00,2026-07-12 17:00:00+00:00,stop_loss,-2.4330085319950077,-1.2165042659975038,557.6309645256558
ETH/USDT:USDT,v1_sniper,long,2026-07-13 08:00:00+00:00,2026-07-13 12:30:00+00:00,stop_loss,-2.32394346517648,-1.16197173258824,555.3070210604793
BNB/USDT:USDT,v1_sniper,long,2026-07-13 08:00:00+00:00,2026-07-13 13:15:00+00:00,stop_loss,-2.5168861609857003,-1.2584430804928501,552.7901348994936
NCSINASDAQ1002USD/USDT:USDT,v1_sniper,long,2026-07-13 08:15:00+00:00,2026-07-13 13:30:00+00:00,stop_loss,-2.6789284424877433,-1.3394642212438717,550.1112064570059
NCCO1OILBRENT2USD/USDT:USDT,v1_sniper,long,2026-07-13 14:30:00+00:00,2026-07-13 17:30:00+00:00,take_profit,3.8229844748126327,1.9114922374063164,553.9341909318185
BNB/USDT:USDT,v1_sniper,long,2026-07-13 14:45:00+00:00,2026-07-13 17:30:00+00:00,stop_loss,-2.280389123006678,-1.140194561503339,551.6538018088119
ADA/USDT:USDT,v1_sniper,long,2026-07-14 08:00:00+00:00,2026-07-14 12:30:00+00:00,take_profit,3.719728827037755,1.8598644135188775,555.3735306358496
NCSKAAPL2USD/USDT:USDT,v1_sniper,long,2026-07-14 13:30:00+00:00,2026-07-14 13:45:00+00:00,stop_loss,-2.631168643765682,-1.315584321882841,552.7423619920839
HYPE/USDT:USDT,v1_sniper,short,2026-07-15 15:15:00+00:00,2026-07-15 19:15:00+00:00,take_profit,3.715228936745806,1.857614468372903,556.4575909288297
BTC/USDT:USDT,v1_sniper,long,2026-07-16 14:15:00+00:00,2026-07-16 17:45:00+00:00,stop_loss,-2.271076353452624,-1.135538176726312,554.1865145753771
NCCO1OILBRENT2USD/USDT:USDT,v1_sniper,short,2026-07-16 14:45:00+00:00,2026-07-16 18:15:00+00:00,take_profit,3.650987991149769,1.8254939955748846,557.837502566527
NCCO1OILBRENT2USD/USDT:USDT,v1_sniper,long,2026-07-17 09:00:00+00:00,2026-07-17 12:30:00+00:00,take_profit,3.658199539806756,1.829099769903378,561.4957021063337
SOL/USDT:USDT,v1_sniper,long,2026-07-17 09:30:00+00:00,2026-07-17 12:30:00+00:00,stop_loss,-2.6728014196983607,-1.3364007098491804,558.8229006866354
ADA/USDT:USDT,v1_sniper,long,2026-07-17 09:00:00+00:00,2026-07-17 13:30:00+00:00,stop_loss,-2.198326962457315,-1.0991634812286575,556.6245737241782
NCSKAMZN2USD/USDT:USDT,v1_sniper,long,2026-07-17 13:30:00+00:00,2026-07-17 14:00:00+00:00,take_profit,3.6710385627989286,1.8355192813994643,560.2956122869771
HYPE/USDT:USDT,v1_sniper,long,2026-07-18 14:15:00+00:00,2026-07-18 14:30:00+00:00,take_profit,3.400352267250216,1.700176133625108,563.6959645542273
ETH/USDT:USDT,v1_sniper,short,2026-07-19 09:30:00+00:00,2026-07-19 10:45:00+00:00,stop_loss,-2.746078809385897,-1.3730394046929486,560.9498857448414
NCSKAMZN2USD/USDT:USDT,v1_sniper,short,2026-07-20 09:45:00+00:00,2026-07-20 11:30:00+00:00,stop_loss,-3.24536563542486,-1.62268281771243,557.7045201094165
NCSKAAPL2USD/USDT:USDT,v1_sniper,short,2026-07-20 13:30:00+00:00,2026-07-20 13:45:00+00:00,take_profit,3.367974129353221,1.6839870646766104,561.0724942387698
NCCO1OILBRENT2USD/USDT:USDT,v1_sniper,long,2026-07-20 14:00:00+00:00,2026-07-20 14:30:00+00:00,stop_loss,-2.455069061012539,-1.2275345305062695,558.6174251777572
HYPE/USDT:USDT,v1_sniper,long,2026-07-20 08:15:00+00:00,2026-07-20 15:45:00+00:00,take_profit,3.7459270331325345,1.8729635165662673,562.3633522108897
NCSISP5002USD/USDT:USDT,v1_sniper,short,2026-07-20 14:00:00+00:00,2026-07-21 02:00:00+00:00,time_exit,1.8514322172718398,0.9257161086359199,564.2147844281616
BNB/USDT:USDT,v1_sniper,long,2026-07-20 15:00:00+00:00,2026-07-21 03:00:00+00:00,time_exit,1.6954919499105792,0.8477459749552896,565.9102763780721
NCSKAMZN2USD/USDT:USDT,v1_sniper,long,2026-07-21 08:15:00+00:00,2026-07-21 11:00:00+00:00,stop_loss,-2.74390939741462,-1.37195469870731,563.1663669806575
SOL/USDT:USDT,v1_sniper,short,2026-07-21 09:00:00+00:00,2026-07-21 13:00:00+00:00,stop_loss,-2.801114096084225,-1.4005570480421126,560.3652528845732
NCSKAAPL2USD/USDT:USDT,v1_sniper,long,2026-07-21 14:15:00+00:00,2026-07-22 02:15:00+00:00,time_exit,-0.5186981062773679,-0.25934905313868395,559.8465547782959
SOL/USDT:USDT,v1_sniper,long,2026-07-22 08:15:00+00:00,2026-07-22 10:45:00+00:00,take_profit,3.2527605263158192,1.6263802631579096,563.0993153046117
ETH/USDT:USDT,v1_sniper,long,2026-07-22 13:30:00+00:00,2026-07-22 13:45:00+00:00,take_profit,3.250158982016375,1.6250794910081876,566.349474286628
ADA/USDT:USDT,v1_sniper,long,2026-07-22 13:45:00+00:00,2026-07-22 14:00:00+00:00,take_profit,3.737796345853433,1.8688981729267164,570.0872706324815
NCSINASDAQ1002USD/USDT:USDT,v1_sniper,long,2026-07-22 13:30:00+00:00,2026-07-22 15:00:00+00:00,take_profit,3.3643908490514343,1.6821954245257171,573.4516614815329
BNB/USDT:USDT,v1_sniper,long,2026-07-22 10:00:00+00:00,2026-07-22 22:00:00+00:00,time_exit,-0.3663477240840236,-0.1831738620420118,573.085313757449
NCSISP5002USD/USDT:USDT,v1_sniper,long,2026-07-22 13:30:00+00:00,2026-07-23 01:30:00+00:00,time_exit,0.5072646300006791,0.25363231500033956,573.5925783874496
ETH/USDT:USDT,v1_sniper,long,2026-07-23 09:15:00+00:00,2026-07-23 10:00:00+00:00,stop_loss,-2.8085601410921264,-1.4042800705460632,570.7840182463575
BNB/USDT:USDT,v1_sniper,long,2026-07-23 08:15:00+00:00,2026-07-23 12:30:00+00:00,stop_loss,-2.9348174029930796,-1.4674087014965398,567.8492008433644
NCSISP5002USD/USDT:USDT,v1_sniper,short,2026-07-24 13:45:00+00:00,2026-07-24 15:00:00+00:00,stop_loss,-2.8456875108832707,-1.4228437554416353,565.0035133324811
BNB/USDT:USDT,v1_sniper,long,2026-07-25 08:15:00+00:00,2026-07-25 13:00:00+00:00,take_profit,3.0296688069535254,1.5148344034767627,568.0331821394346
ETH/USDT:USDT,v1_sniper,long,2026-07-25 09:45:00+00:00,2026-07-25 13:30:00+00:00,take_profit,3.1762173112812806,1.5881086556406403,571.209399450716
NCCOXAG2USD/USDT:USDT,v1_sniper,long,2026-07-25 13:45:00+00:00,2026-07-26 01:45:00+00:00,time_exit,1.028600443131519,0.5143002215657595,572.2379998938475
XAUT/USDT:USDT,v1_sniper,short,2026-07-25 19:30:00+00:00,2026-07-26 07:30:00+00:00,time_exit,-2.384543366978609,-1.1922716834893046,569.8534565268689
SOL/USDT:USDT,v1_sniper,short,2026-07-26 08:00:00+00:00,2026-07-26 09:30:00+00:00,stop_loss,-2.5520491509045797,-1.2760245754522899,567.3014073759642
NCSKAAPL2USD/USDT:USDT,v1_sniper,short,2026-07-26 08:00:00+00:00,2026-07-26 14:00:00+00:00,stop_loss,-3.1395044968813366,-1.5697522484406683,564.1619028790828
ETH/USDT:USDT,v1_sniper,short,2026-07-27 09:00:00+00:00,2026-07-27 10:30:00+00:00,stop_loss,-2.712109807780312,-1.356054903890156,561.4497930713026
NCSKAAPL2USD/USDT:USDT,v1_sniper,long,2026-07-27 13:30:00+00:00,2026-07-27 13:45:00+00:00,take_profit,3.058676256680421,1.5293381283402105,564.508469327983
BNB/USDT:USDT,v1_sniper,long,2026-07-27 13:30:00+00:00,2026-07-27 14:15:00+00:00,stop_loss,-2.400227605617687,-1.2001138028088436,562.1082417223653
SOL/USDT:USDT,v1_sniper,short,2026-07-27 14:30:00+00:00,2026-07-28 01:00:00+00:00,take_profit,3.8686636308781472,1.9343318154390736,565.9769053532434
NCSKAMZN2USD/USDT:USDT,v1_sniper,long,2026-07-28 08:30:00+00:00,2026-07-28 11:00:00+00:00,take_profit,3.0733213528813956,1.5366606764406978,569.0502267061248
NCSINASDAQ1002USD/USDT:USDT,v1_sniper,long,2026-07-28 08:30:00+00:00,2026-07-28 11:30:00+00:00,stop_loss,-2.5469789515178913,-1.2734894757589457,566.503247754607
ETH/USDT:USDT,v1_sniper,short,2026-07-28 13:30:00+00:00,2026-07-28 13:45:00+00:00,take_profit,3.630512563266758,1.815256281633379,570.1337603178737
BNB/USDT:USDT,v1_sniper,short,2026-07-28 13:30:00+00:00,2026-07-28 15:00:00+00:00,stop_loss,-2.5539952353549924,-1.2769976176774962,567.5797650825186
NCSISP5002USD/USDT:USDT,v1_sniper,short,2026-07-28 13:45:00+00:00,2026-07-28 15:15:00+00:00,stop_loss,-2.503481727062458,-1.251740863531229,565.0762833554562
NCSINASDAQ1002USD/USDT:USDT,v1_sniper,long,2026-07-28 15:30:00+00:00,2026-07-28 23:00:00+00:00,stop_loss,-2.2848820046210436,-1.1424410023105218,562.7914013508351
HYPE/USDT:USDT,v1_sniper,long,2026-07-28 15:30:00+00:00,2026-07-28 23:15:00+00:00,stop_loss,-2.175988303721713,-1.0879941518608565,560.6154130471134
NCSKAMZN2USD/USDT:USDT,v1_sniper,short,2026-07-28 13:45:00+00:00,2026-07-29 01:45:00+00:00,time_exit,-0.7884568462250101,-0.39422842311250506,559.8269562008884
BNB/USDT:USDT,v1_sniper,long,2026-07-29 09:45:00+00:00,2026-07-29 10:45:00+00:00,stop_loss,-2.7476221968453753,-1.3738110984226877,557.0793340040431
NCCOXAG2USD/USDT:USDT,v1_sniper,short,2026-07-29 10:00:00+00:00,2026-07-29 12:15:00+00:00,take_profit,3.360147072788746,1.680073536394373,560.4394810768318
HYPE/USDT:USDT,v1_sniper,long,2026-07-30 13:45:00+00:00,2026-07-30 15:45:00+00:00,take_profit,3.7736313177077547,1.8868156588538774,564.2131123945396
NCCO1OILBRENT2USD/USDT:USDT,v1_sniper,long,2026-07-31 08:00:00+00:00,2026-07-31 09:00:00+00:00,take_profit,3.55374545027151,1.776872725135755,567.7668578448112
NCSINASDAQ1002USD/USDT:USDT,v1_sniper,short,2026-07-31 13:30:00+00:00,2026-07-31 13:45:00+00:00,take_profit,3.2246126647280446,1.6123063323640223,570.9914705095392
NCSISP5002USD/USDT:USDT,v1_sniper,short,2026-07-31 13:30:00+00:00,2026-07-31 14:00:00+00:00,take_profit,3.013542478356151,1.5067712391780754,574.0050129878954
BNB/USDT:USDT,v1_sniper,short,2026-07-31 13:45:00+00:00,2026-08-01 01:45:00+00:00,time_exit,0.5335490152176636,0.2667745076088318,574.538562003113
XAUT/USDT:USDT,v1_sniper,short,2026-08-01 17:00:00+00:00,2026-08-01 20:00:00+00:00,stop_loss,-3.6165820728292735,-1.8082910364146367,570.9219799302838
SOL/USDT:USDT,v1_sniper,short,2026-08-02 08:00:00+00:00,2026-08-02 09:00:00+00:00,take_profit,3.235584347247826,1.617792173623913,574.1575642775316
NCSKAAPL2USD/USDT:USDT,v1_sniper,short,2026-08-02 15:15:00+00:00,2026-08-02 18:30:00+00:00,stop_loss,-3.1025685552409805,-1.5512842776204903,571.0549957222906
NCSINASDAQ1002USD/USDT:USDT,v1_sniper,long,2026-08-02 14:45:00+00:00,2026-08-02 22:00:00+00:00,take_profit,2.8961872519871883,1.4480936259935941,573.9511829742778
ADA/USDT:USDT,v1_sniper,long,2026-08-03 09:30:00+00:00,2026-08-03 09:45:00+00:00,take_profit,3.6543911441609245,1.8271955720804622,577.6055741184388
SOL/USDT:USDT,v1_sniper,long,2026-08-03 14:00:00+00:00,2026-08-03 22:00:00+00:00,time_exit,0.9819483075843294,0.4909741537921647,578.587522426023
BNB/USDT:USDT,v1_sniper,long,2026-08-04 14:30:00+00:00,2026-08-04 20:45:00+00:00,time_exit,1.394776969252504,0.697388484626252,579.9822993952755
