symbol,level_type,rr_ratio,entry_datetime,direction,pnl_net,r_multiple,exit_reason
SILVER/USD,asia,1.0,2026-07-11 00:10:00+00:00,short,-11.041877426185849,-0.5520938713092924,time_exit
SILVER/USD,asia,1.0,2026-07-12 16:20:00+00:00,short,12.60596524039556,0.6373356440810602,take_profit
SILVER/USD,asia,1.0,2026-07-15 10:35:00+00:00,long,-26.84544681063189,-1.340176187288163,stop_loss
SILVER/USD,asia,1.0,2026-07-15 11:05:00+00:00,long,10.62737286646112,0.5451507963118,take_profit
SILVER/USD,asia,1.0,2026-07-23 01:45:00+00:00,short,16.556785583014562,0.8401508378760387,take_profit
SILVER/USD,asia,1.0,2026-07-23 07:15:00+00:00,long,-23.486797378118474,-1.172109579439248,stop_loss
SILVER/USD,asia,1.0,2026-07-29 12:30:00+00:00,long,-23.699566286927514,-1.2111191066309035,stop_loss
SILVER/USD,asia,1.0,2026-07-29 14:50:00+00:00,long,-28.13947769937522,-1.473708665974172,stop_loss
SILVER/USD,asia,1.0,2026-07-29 19:15:00+00:00,short,16.044013367215598,0.8657679875998437,take_profit
SILVER/USD,asia,1.0,2026-08-01 19:25:00+00:00,long,11.522469317321299,0.61119313415684,take_profit
SILVER/USD,asia,1.0,2026-08-03 05:50:00+00:00,long,12.288843385252079,0.6439725339040262,take_profit
SILVER/USD,asia,1.0,2026-08-03 07:45:00+00:00,long,-23.172715544776565,-1.1988794209702747,stop_loss
SILVER/USD,asia,1.0,2026-08-07 01:00:00+00:00,long,14.078061639121891,0.7462453659395745,take_profit
SILVER/USD,asia,1.0,2026-08-07 22:45:00+00:00,short,-27.241420341700174,-1.4227697460564461,stop_loss
SILVER/USD,asia,1.0,2026-08-08 02:30:00+00:00,short,-1.9714915376653088,-0.10598320456836492,time_exit
SILVER/USD,asia,1.0,2026-08-09 12:10:00+00:00,long,0.4837831919746396,0.026062402088724727,take_profit
SILVER/USD,asia,1.0,2026-08-13 00:25:00+00:00,short,14.529573855449193,0.7823304347826004,take_profit
SILVER/USD,asia,1.0,2026-08-16 11:55:00+00:00,short,-33.41460910855098,-1.7714590248963011,stop_loss
SILVER/USD,asia,1.0,2026-08-18 01:05:00+00:00,short,8.967303126812071,0.49285873448788947,take_profit
SILVER/USD,asia,1.0,2026-08-18 05:05:00+00:00,long,-21.9912539227621,-1.1968800958013888,stop_loss
SILVER/USD,asia,1.5,2026-07-11 00:10:00+00:00,short,-11.041877426185849,-0.5520938713092924,time_exit
SILVER/USD,asia,1.5,2026-07-12 16:20:00+00:00,short,22.502469172992182,1.1376856440810836,take_profit
SILVER/USD,asia,1.5,2026-07-15 10:35:00+00:00,long,-27.110707988789287,-1.3401761872881632,stop_loss
SILVER/USD,asia,1.5,2026-07-15 11:05:00+00:00,long,-28.614051093972833,-1.4534492036881792,stop_loss
SILVER/USD,asia,1.5,2026-07-23 01:45:00+00:00,short,25.623293689486182,1.3405008378760432,take_profit
SILVER/USD,asia,1.5,2026-07-29 12:30:00+00:00,long,-23.770855767867438,-1.2111191066309037,stop_loss
SILVER/USD,asia,1.5,2026-07-29 14:50:00+00:00,long,-28.22412265594624,-1.473708665974172,stop_loss
SILVER/USD,asia,1.5,2026-07-29 19:15:00+00:00,short,25.39242159034375,1.366117987599843,take_profit
SILVER/USD,asia,1.5,2026-08-01 19:25:00+00:00,long,21.211695600849477,1.110843134156816,take_profit
SILVER/USD,asia,1.5,2026-08-03 05:50:00+00:00,long,22.322786007349606,1.143622533904015,take_profit
SILVER/USD,asia,1.5,2026-08-03 07:45:00+00:00,long,-23.936611946729094,-1.1988794209702747,stop_loss
SILVER/USD,asia,1.5,2026-08-07 01:00:00+00:00,long,24.278873611178575,1.2458953659395817,take_profit
SILVER/USD,asia,1.5,2026-08-07 22:45:00+00:00,short,-28.416505296911797,-1.4227697460564457,stop_loss
SILVER/USD,asia,1.5,2026-08-08 02:30:00+00:00,short,-2.0565337276898603,-0.10598320456836492,time_exit
SILVER/USD,asia,1.5,2026-08-09 12:10:00+00:00,long,10.179477262589376,0.5257124020886832,take_profit
SILVER/USD,asia,1.5,2026-08-13 00:25:00+00:00,short,25.097945144343036,1.282680434782597,take_profit
SILVER/USD,asia,1.5,2026-08-16 11:55:00+00:00,short,-35.55097525620853,-1.7714590248963011,stop_loss
SILVER/USD,asia,1.5,2026-08-18 01:05:00+00:00,short,19.226270904229054,0.9932087344879177,take_profit
SILVER/USD,asia,1.5,2026-08-18 05:05:00+00:00,long,-23.629117844399595,-1.1968800958013888,stop_loss
SILVER/USD,asia,2.0,2026-07-11 00:10:00+00:00,short,-11.041877426185849,-0.5520938713092924,time_exit
SILVER/USD,asia,2.0,2026-07-12 16:20:00+00:00,short,32.3989731055882,1.6380356440810764,take_profit
SILVER/USD,asia,2.0,2026-07-15 10:35:00+00:00,long,-27.375969166946664,-1.3401761872881632,stop_loss
SILVER/USD,asia,2.0,2026-07-15 11:05:00+00:00,long,-28.89402153621216,-1.4534492036881792,stop_loss
SILVER/USD,asia,2.0,2026-07-23 01:45:00+00:00,short,35.53162811637749,1.8408508378760344,take_profit
SILVER/USD,asia,2.0,2026-07-29 12:30:00+00:00,long,-24.23736932202564,-1.2111191066309037,stop_loss
SILVER/USD,asia,2.0,2026-07-29 14:50:00+00:00,long,-28.778033541688142,-1.473708665974172,stop_loss
SILVER/USD,asia,2.0,2026-07-29 19:15:00+00:00,short,35.37342561630515,1.8664679875998422,take_profit
SILVER/USD,asia,2.0,2026-08-01 19:25:00+00:00,long,31.661546326489294,1.6104931341568254,take_profit
SILVER/USD,asia,2.0,2026-08-03 05:50:00+00:00,long,33.3465450761156,1.6432725339040348,take_profit
SILVER/USD,asia,2.0,2026-08-03 07:45:00+00:00,long,-25.1281493370817,-1.1988794209702747,stop_loss
SILVER/USD,asia,2.0,2026-08-07 01:00:00+00:00,long,35.70885538116667,1.745545365939568,take_profit
SILVER/USD,asia,2.0,2026-08-07 22:45:00+00:00,short,-30.121900868824426,-1.422769746056446,stop_loss
SILVER/USD,asia,2.0,2026-08-08 02:30:00+00:00,short,-2.1799550800358296,-0.10598320456836492,time_exit
SILVER/USD,asia,2.0,2026-08-09 12:10:00+00:00,long,21.04584419768224,1.025362402088719,take_profit
SILVER/USD,asia,2.0,2026-08-13 00:25:00+00:00,short,37.34769574410634,1.7830304347825938,take_profit
SILVER/USD,asia,2.0,2026-08-16 11:55:00+00:00,short,-38.42851703814604,-1.7714590248963007,stop_loss
SILVER/USD,asia,2.0,2026-08-18 01:05:00+00:00,short,31.25208086793163,1.4935587344879457,take_profit
SILVER/USD,asia,2.0,2026-08-18 05:05:00+00:00,long,-25.79230648924439,-1.196880095801389,stop_loss
SILVER/USD,asia,2.3,2026-07-11 00:10:00+00:00,short,-11.041877426185849,-0.5520938713092924,time_exit
SILVER/USD,asia,2.3,2026-07-12 16:20:00+00:00,short,38.33687546514555,1.9382456440810591,take_profit
SILVER/USD,asia,2.3,2026-07-15 10:35:00+00:00,long,-27.535125873841082,-1.3401761872881635,stop_loss
SILVER/USD,asia,2.3,2026-07-15 11:05:00+00:00,long,-29.062003801555747,-1.453449203688179,stop_loss
SILVER/USD,asia,2.3,2026-07-23 01:45:00+00:00,short,41.566463827259476,2.141060837876038,take_profit
SILVER/USD,asia,2.3,2026-07-29 12:30:00+00:00,long,-24.51945347354554,-1.2111191066309037,stop_loss
SILVER/USD,asia,2.3,2026-07-29 14:50:00+00:00,long,-29.112963750745166,-1.473708665974172,stop_loss
SILVER/USD,asia,2.3,2026-07-29 19:15:00+00:00,short,41.54093336737348,2.166677987599849,take_profit
SILVER/USD,asia,2.3,2026-08-01 19:25:00+00:00,long,38.21226646827715,1.9102831341568316,take_profit
SILVER/USD,asia,2.3,2026-08-03 05:50:00+00:00,long,40.352944246714934,1.9430625339040217,take_profit
SILVER/USD,asia,2.3,2026-08-03 07:45:00+00:00,long,-25.865537192222796,-1.1988794209702747,stop_loss
SILVER/USD,asia,2.3,2026-08-07 01:00:00+00:00,long,43.06954809558875,2.0453353659395686,take_profit
SILVER/USD,asia,2.3,2026-08-07 22:45:00+00:00,short,-31.185464411171143,-1.422769746056446,stop_loss
SILVER/USD,asia,2.3,2026-08-08 02:30:00+00:00,short,-2.256926342811588,-0.10598320456836492,time_exit
SILVER/USD,asia,2.3,2026-08-09 12:10:00+00:00,long,28.159480042164322,1.325152402088833,take_profit
SILVER/USD,asia,2.3,2026-08-13 00:25:00+00:00,short,45.442105221913465,2.083240434782585,take_profit
SILVER/USD,asia,2.3,2026-08-16 11:55:00+00:00,short,-40.251136762558886,-1.7714590248963014,stop_loss
SILVER/USD,asia,2.3,2026-08-18 01:05:00+00:00,short,39.314033935049466,1.7937687344879003,take_profit
SILVER/USD,asia,2.3,2026-08-18 05:05:00+00:00,long,-27.173107810556427,-1.1968800958013888,stop_loss
SILVER/USD,london,1.0,2026-07-11 00:10:00+00:00,short,-1.5508285558511559,-0.0775414277925578,time_exit
SILVER/USD,london,1.0,2026-07-14 05:20:00+00:00,long,10.895271060672577,0.5456097001369505,take_profit
SILVER/USD,london,1.0,2026-07-14 06:30:00+00:00,long,-30.513857739037736,-1.511568125510929,stop_loss
SILVER/USD,london,1.0,2026-07-14 09:00:00+00:00,long,-29.580114607545017,-1.51099255928047,stop_loss
SILVER/USD,london,1.0,2026-07-14 11:10:00+00:00,long,10.820081425473154,0.5699276305688562,take_profit
SILVER/USD,london,1.0,2026-07-14 12:15:00+00:00,long,10.475217103993117,0.5455441314554135,take_profit
SILVER/USD,london,1.0,2026-07-17 13:00:00+00:00,long,15.79682751488469,0.8138115699707756,take_profit
SILVER/USD,london,1.0,2026-07-17 14:40:00+00:00,short,-23.920596357150707,-1.2125906581163983,stop_loss
SILVER/USD,london,1.0,2026-07-18 15:40:00+00:00,long,-37.70857588808333,-1.9590458184735577,stop_loss
SILVER/USD,london,1.0,2026-07-20 14:20:00+00:00,long,11.436377462206725,0.6183741452170227,take_profit
SILVER/USD,london,1.0,2026-07-20 16:00:00+00:00,long,-21.775932456509615,-1.1630581143898626,stop_loss
SILVER/USD,london,1.0,2026-07-23 07:15:00+00:00,long,-21.434927420010435,-1.172109579439248,stop_loss
SILVER/USD,london,1.0,2026-07-24 14:15:00+00:00,short,-20.79013722681067,-1.164141032469941,stop_loss
SILVER/USD,london,1.0,2026-07-24 16:25:00+00:00,short,10.253991200052022,0.5878578947368502,take_profit
SILVER/USD,london,1.0,2026-07-24 18:40:00+00:00,short,-4.618356213242748,-0.26169206606720924,time_exit
SILVER/USD,london,1.0,2026-07-25 14:20:00+00:00,short,-26.044039191621042,-1.4835099613009748,stop_loss
SILVER/USD,london,1.0,2026-07-27 14:35:00+00:00,long,12.35934083274023,0.7255344956704797,take_profit
SILVER/USD,london,1.0,2026-07-27 17:30:00+00:00,long,-30.236693791423892,-1.7496066923006894,stop_loss
SILVER/USD,london,1.0,2026-07-27 19:05:00+00:00,long,8.084010424127335,0.48473250204158597,take_profit
SILVER/USD,london,1.0,2026-07-27 20:05:00+00:00,long,-24.537356824214516,-1.457179320445243,stop_loss
SILVER/USD,london,1.0,2026-07-29 02:05:00+00:00,short,-18.758313810598935,-1.1474242227200622,stop_loss
SILVER/USD,london,1.0,2026-07-29 14:50:00+00:00,long,11.021784648853291,0.6900247610571688,take_profit
SILVER/USD,london,1.0,2026-07-29 17:20:00+00:00,short,-20.31973144191854,-1.2548107159085493,stop_loss
SILVER/USD,london,1.0,2026-07-29 19:15:00+00:00,short,13.667938787656006,0.8657679875998436,take_profit
SILVER/USD,london,1.0,2026-07-31 14:00:00+00:00,long,12.119718356493799,0.7546323593864153,take_profit
SILVER/USD,london,1.0,2026-08-01 19:25:00+00:00,long,9.964172840692731,0.61119313415684,take_profit
SILVER/USD,london,1.0,2026-08-06 02:10:00+00:00,short,14.113605019928233,0.8552608697820513,take_profit
SILVER/USD,london,1.0,2026-08-06 13:00:00+00:00,long,-19.608585660037047,-1.1682640989482334,stop_loss
SILVER/USD,london,1.0,2026-08-06 16:00:00+00:00,long,-21.99652318646324,-1.3418891556407078,stop_loss
SILVER/USD,london,1.0,2026-08-07 22:00:00+00:00,long,8.096587319358239,0.5075506254639596,take_profit
SILVER/USD,london,1.0,2026-08-08 03:00:00+00:00,long,-15.83473516551722,-0.9826568005638061,time_exit
SILVER/USD,london,1.0,2026-08-08 17:15:00+00:00,long,-6.9612601601644295,-0.44065546507986636,take_profit
SILVER/USD,london,1.0,2026-08-09 12:10:00+00:00,long,0.4080925761414953,0.0260624020887247,take_profit
SILVER/USD,london,1.0,2026-08-10 00:40:00+00:00,short,-18.20495602688939,-1.1620346133642407,stop_loss
SILVER/USD,london,1.0,2026-08-11 15:00:00+00:00,long,4.7261566997768645,0.30885169477808655,time_exit
SILVER/USD,london,1.0,2026-08-12 03:30:00+00:00,short,11.032043762798697,0.7165119658119792,take_profit
SILVER/USD,london,1.0,2026-08-12 15:05:00+00:00,long,-19.278638645168908,-1.2344242983159661,stop_loss
SILVER/USD,london,1.0,2026-08-14 13:45:00+00:00,short,-20.544162971323306,-1.3487554075652162,stop_loss
SILVER/USD,london,1.0,2026-08-14 14:40:00+00:00,short,11.087543669896078,0.7480939460740091,take_profit
SILVER/USD,london,1.0,2026-08-15 21:00:00+00:00,short,-8.412689548399689,-0.559249917333201,take_profit
SILVER/USD,london,1.0,2026-08-16 15:15:00+00:00,long,-6.617339108588762,-0.44487644356454853,take_profit
SILVER/USD,london,1.0,2026-08-18 01:05:00+00:00,short,7.265826064285097,0.49285873448788936,take_profit
SILVER/USD,london,1.0,2026-08-21 14:20:00+00:00,long,-16.661994232202673,-1.1191917107128968,stop_loss
SILVER/USD,london,1.0,2026-08-21 21:00:00+00:00,long,-22.617429490819976,-1.554004871060215,stop_loss
SILVER/USD,london,1.5,2026-07-11 00:10:00+00:00,short,-1.5508285558511559,-0.0775414277925578,time_exit
SILVER/USD,london,1.5,2026-07-14 05:20:00+00:00,long,20.87277363091349,1.045259700136927,take_profit
SILVER/USD,london,1.5,2026-07-14 06:30:00+00:00,long,-30.815491236185327,-1.5115681255109292,stop_loss
SILVER/USD,london,1.5,2026-07-14 09:00:00+00:00,long,-29.872517931025335,-1.5109925592804703,stop_loss
SILVER/USD,london,1.5,2026-07-14 11:10:00+00:00,long,20.506668275024552,1.0695776305688676,take_profit
SILVER/USD,london,1.5,2026-07-17 13:00:00+00:00,long,25.721271103843286,1.3134615699707652,take_profit
SILVER/USD,london,1.5,2026-07-17 14:40:00+00:00,short,-24.369722453400026,-1.212590658116398,stop_loss
SILVER/USD,london,1.5,2026-07-18 15:40:00+00:00,long,-38.41658104108501,-1.9590458184735573,stop_loss
SILVER/USD,london,1.5,2026-07-20 14:20:00+00:00,long,21.06526471765767,1.1180241452170572,take_profit
SILVER/USD,london,1.5,2026-07-20 16:00:00+00:00,long,-22.403775304061398,-1.1630581143898626,stop_loss
SILVER/USD,london,1.5,2026-07-23 07:15:00+00:00,long,-22.05293842345761,-1.1721095794392482,stop_loss
SILVER/USD,london,1.5,2026-07-24 14:15:00+00:00,short,-21.389557664192278,-1.1641410324699408,stop_loss
SILVER/USD,london,1.5,2026-07-24 16:25:00+00:00,short,19.528860593321028,1.0882078947368259,take_profit
SILVER/USD,london,1.5,2026-07-24 18:40:00+00:00,short,-4.7985083298651885,-0.2616920660672092,time_exit
SILVER/USD,london,1.5,2026-07-25 14:20:00+00:00,short,-27.05996099780714,-1.4835099613009748,stop_loss
SILVER/USD,london,1.5,2026-07-27 14:35:00+00:00,long,21.68490687546349,1.2251844956704843,take_profit
SILVER/USD,london,1.5,2026-07-27 17:30:00+00:00,long,-31.725613366639287,-1.7496066923006894,stop_loss
SILVER/USD,london,1.5,2026-07-27 19:05:00+00:00,long,-26.490387701763083,-1.513867497958437,stop_loss
SILVER/USD,london,1.5,2026-07-29 02:05:00+00:00,short,-19.47027129707526,-1.147424222720062,stop_loss
SILVER/USD,london,1.5,2026-07-29 14:50:00+00:00,long,19.723941238433657,1.189674761057157,take_profit
SILVER/USD,london,1.5,2026-07-29 17:20:00+00:00,short,-21.298844195550554,-1.2548107159085495,stop_loss
SILVER/USD,london,1.5,2026-07-29 19:15:00+00:00,short,22.606211386539144,1.366117987599843,take_profit
SILVER/USD,london,1.5,2026-07-31 14:00:00+00:00,long,21.322672155790983,1.2542823593863917,take_profit
SILVER/USD,london,1.5,2026-08-01 19:25:00+00:00,long,19.357942838953395,1.110843134156816,take_profit
SILVER/USD,london,1.5,2026-08-06 02:10:00+00:00,short,24.148188173163504,1.355610869782051,take_profit
SILVER/USD,london,1.5,2026-08-06 13:00:00+00:00,long,-21.3751137697461,-1.1682640989482336,stop_loss
SILVER/USD,london,1.5,2026-08-06 16:00:00+00:00,long,-23.97817944655482,-1.341889155640708,stop_loss
SILVER/USD,london,1.5,2026-08-07 22:00:00+00:00,long,17.51462280087987,1.0072006254639194,take_profit
SILVER/USD,london,1.5,2026-08-08 03:00:00+00:00,long,-17.432037475350327,-0.982656800563806,time_exit
SILVER/USD,london,1.5,2026-08-08 17:15:00+00:00,long,-2.364891934113711,-0.13598319761986205,take_profit
SILVER/USD,london,1.5,2026-08-09 12:10:00+00:00,long,9.117830810308151,0.5257124020886833,take_profit
SILVER/USD,london,1.5,2026-08-10 00:40:00+00:00,short,-20.365956531924695,-1.162034613364241,stop_loss
SILVER/USD,london,1.5,2026-08-11 15:00:00+00:00,long,5.287170250153393,0.3088516947780865,time_exit
SILVER/USD,london,1.5,2026-08-12 03:30:00+00:00,short,20.959891186922476,1.2168619658120021,take_profit
SILVER/USD,london,1.5,2026-08-12 15:05:00+00:00,long,-21.7798623167559,-1.2344242983159663,stop_loss
SILVER/USD,london,1.5,2026-08-14 13:45:00+00:00,short,-23.20957662851075,-1.3487554075652164,stop_loss
SILVER/USD,london,1.5,2026-08-14 14:40:00+00:00,short,20.903885493683273,1.2484439460740453,take_profit
SILVER/USD,london,1.5,2026-08-15 21:00:00+00:00,short,-5.386729943554801,-0.31387487599985736,take_profit
SILVER/USD,london,1.5,2026-08-16 15:15:00+00:00,long,-2.4270762998462185,-0.14231466534693718,take_profit
SILVER/USD,london,1.5,2026-08-18 01:05:00+00:00,short,16.890262985982435,0.9932087344879176,take_profit
SILVER/USD,london,1.5,2026-08-21 14:20:00+00:00,long,-19.41076728066356,-1.119191710712897,stop_loss
SILVER/USD,london,1.5,2026-08-21 21:00:00+00:00,long,-26.34868637060415,-1.5540048710602152,stop_loss
SILVER/USD,london,2.0,2026-07-11 00:10:00+00:00,short,-1.5508285558511559,-0.0775414277925578,time_exit
SILVER/USD,london,2.0,2026-07-14 05:20:00+00:00,long,30.850276201155197,1.5449097001369436,take_profit
SILVER/USD,london,2.0,2026-07-14 06:30:00+00:00,long,-31.117124733332936,-1.511568125510929,stop_loss
SILVER/USD,london,2.0,2026-07-14 09:00:00+00:00,long,-30.16492125450568,-1.51099255928047,stop_loss
SILVER/USD,london,2.0,2026-07-14 11:10:00+00:00,long,30.380793071047016,1.569227630568841,take_profit
SILVER/USD,london,2.0,2026-07-17 13:00:00+00:00,long,36.20414636600395,1.8131115699707716,take_profit
SILVER/USD,london,2.0,2026-07-18 15:40:00+00:00,long,-40.53666780208332,-1.9590458184735577,stop_loss
SILVER/USD,london,2.0,2026-07-20 14:20:00+00:00,long,32.161486766658435,1.6176741452170236,take_profit
SILVER/USD,london,2.0,2026-07-20 16:00:00+00:00,long,-23.871236514279815,-1.1630581143898626,stop_loss
SILVER/USD,london,2.0,2026-07-23 07:15:00+00:00,long,-23.497419599890968,-1.1721095794392482,stop_loss
SILVER/USD,london,2.0,2026-07-24 14:15:00+00:00,short,-22.790586988488435,-1.1641410324699408,stop_loss
SILVER/USD,london,2.0,2026-07-24 16:25:00+00:00,short,30.37538474771486,1.5885578947368366,take_profit
SILVER/USD,london,2.0,2026-07-24 18:40:00+00:00,short,-5.162887713622354,-0.2616920660672092,time_exit
SILVER/USD,london,2.0,2026-07-25 14:20:00+00:00,short,-29.114785379689756,-1.4835099613009746,stop_loss
SILVER/USD,london,2.0,2026-07-27 14:35:00+00:00,long,-24.24338432385365,-1.273065504329515,stop_loss
SILVER/USD,london,2.0,2026-07-29 02:05:00+00:00,short,-21.294409197912906,-1.1474242227200622,stop_loss
SILVER/USD,london,2.0,2026-07-29 14:50:00+00:00,long,30.631777017592448,1.6893247610571729,take_profit
SILVER/USD,london,2.0,2026-07-29 17:20:00+00:00,short,-23.52166809719457,-1.2548107159085495,stop_loss
SILVER/USD,london,2.0,2026-07-29 19:15:00+00:00,short,34.10925243097932,1.8664679875998424,take_profit
SILVER/USD,london,2.0,2026-07-31 14:00:00+00:00,long,33.24919739181171,1.753932359386411,take_profit
SILVER/USD,london,2.0,2026-08-01 19:25:00+00:00,long,31.60098012425742,1.6104931341568256,take_profit
SILVER/USD,london,2.0,2026-08-06 02:10:00+00:00,short,37.59053397988662,1.8559608697820507,take_profit
SILVER/USD,london,2.0,2026-08-06 16:00:00+00:00,long,-28.187399079208447,-1.3418891556407075,stop_loss
SILVER/USD,london,2.0,2026-08-07 22:00:00+00:00,long,30.8030558211682,1.5068506254638794,take_profit
SILVER/USD,london,2.0,2026-08-08 03:00:00+00:00,long,-20.692856963381292,-0.982656800563806,time_exit
SILVER/USD,london,2.0,2026-08-08 17:15:00+00:00,long,3.482453283271223,0.16868906984022583,take_profit
SILVER/USD,london,2.0,2026-08-09 12:10:00+00:00,long,21.239216547760503,1.025362402088719,take_profit
SILVER/USD,london,2.0,2026-08-10 00:40:00+00:00,short,-24.563840133876546,-1.162034613364241,stop_loss
SILVER/USD,london,2.0,2026-08-11 15:00:00+00:00,long,6.376975448306245,0.30885169477808655,time_exit
SILVER/USD,london,2.0,2026-08-12 03:30:00+00:00,short,-26.69343360081765,-1.2848880341880233,stop_loss
SILVER/USD,london,2.0,2026-08-12 15:05:00+00:00,long,-24.986033555985507,-1.2344242983159663,stop_loss
SILVER/USD,london,2.0,2026-08-14 13:45:00+00:00,short,-26.626213335335937,-1.3487554075652166,stop_loss
SILVER/USD,london,2.0,2026-08-14 14:40:00+00:00,short,33.59222728828109,1.7487939460740423,take_profit
SILVER/USD,london,2.0,2026-08-15 21:00:00+00:00,short,-30.63109956178537,-1.5407500826667384,stop_loss
SILVER/USD,london,2.0,2026-08-16 15:15:00+00:00,long,3.0876444478436973,0.16024711287083812,take_profit
SILVER/USD,london,2.0,2026-08-18 01:05:00+00:00,short,28.87014994195455,1.4935587344879455,take_profit
SILVER/USD,london,2.0,2026-08-21 14:20:00+00:00,long,-22.279945344093463,-1.119191710712897,stop_loss
SILVER/USD,london,2.0,2026-08-21 21:00:00+00:00,long,-30.24338418659628,-1.554004871060215,stop_loss
SILVER/USD,london,2.3,2026-07-11 00:10:00+00:00,short,-1.5508285558511559,-0.0775414277925578,time_exit
SILVER/USD,london,2.3,2026-07-14 05:20:00+00:00,long,36.8367777432999,1.8446997001369372,take_profit
SILVER/USD,london,2.3,2026-07-14 06:30:00+00:00,long,-31.2981048316215,-1.5115681255109292,stop_loss
SILVER/USD,london,2.3,2026-07-14 09:00:00+00:00,long,-30.340363248593874,-1.51099255928047,stop_loss
SILVER/USD,london,2.3,2026-07-14 11:10:00+00:00,long,36.395286162967075,1.8690176305688329,take_profit
SILVER/USD,london,2.3,2026-07-17 13:00:00+00:00,long,42.682418974056525,2.1129015699707687,take_profit
SILVER/USD,london,2.3,2026-07-18 15:40:00+00:00,long,-41.24673748227218,-1.9590458184735577,stop_loss
SILVER/USD,london,2.3,2026-07-20 14:20:00+00:00,long,38.78947318321722,1.9174641452170442,take_profit
SILVER/USD,london,2.3,2026-07-20 16:00:00+00:00,long,-24.430452578034917,-1.1630581143898624,stop_loss
SILVER/USD,london,2.3,2026-07-23 07:15:00+00:00,long,-24.047878495859454,-1.172109579439248,stop_loss
SILVER/USD,london,2.3,2026-07-24 14:15:00+00:00,short,-23.32448737269128,-1.164141032469941,stop_loss
SILVER/USD,london,2.3,2026-07-24 16:25:00+00:00,short,36.96186947217085,1.888767894736836,take_profit
SILVER/USD,london,2.3,2026-07-24 18:40:00+00:00,short,-5.314583649941951,-0.2616920660672092,time_exit
SILVER/USD,london,2.3,2026-07-25 14:20:00+00:00,short,-29.97023583182005,-1.4835099613009748,stop_loss
SILVER/USD,london,2.3,2026-07-27 14:35:00+00:00,long,-24.95570329892246,-1.2730655043295152,stop_loss
SILVER/USD,london,2.3,2026-07-29 02:05:00+00:00,short,-21.920081403242285,-1.1474242227200622,stop_loss
SILVER/USD,london,2.3,2026-07-29 14:50:00+00:00,long,37.12747820304318,1.9891147610571598,take_profit
SILVER/USD,london,2.3,2026-07-29 17:20:00+00:00,short,-24.353211957093052,-1.2548107159085495,stop_loss
SILVER/USD,london,2.3,2026-07-29 19:15:00+00:00,short,40.995308386011466,2.166677987599849,take_profit
SILVER/USD,london,2.3,2026-07-31 14:00:00+00:00,long,20.38708681817547,1.0327428780131442,time_exit
SILVER/USD,london,2.3,2026-08-01 19:25:00+00:00,long,38.48926447245809,1.9102831341568318,take_profit
SILVER/USD,london,2.3,2026-08-06 02:10:00+00:00,short,24.449201845443888,1.16879789869167,time_exit
SILVER/USD,london,2.3,2026-08-06 16:00:00+00:00,long,-28.726129696847572,-1.341889155640708,stop_loss
SILVER/USD,london,2.3,2026-08-07 22:00:00+00:00,long,37.63721541371668,1.8066406254639804,take_profit
SILVER/USD,london,2.3,2026-08-08 03:00:00+00:00,long,-21.211090852628267,-0.9826568005638061,time_exit
SILVER/USD,london,2.3,2026-08-08 17:15:00+00:00,long,7.438012100857829,0.3514924303161949,take_profit
SILVER/USD,london,2.3,2026-08-09 12:10:00+00:00,long,28.238984530279694,1.3251524020888332,take_profit
SILVER/USD,london,2.3,2026-08-10 00:40:00+00:00,short,-25.419239621661877,-1.1620346133642407,stop_loss
SILVER/USD,london,2.3,2026-08-11 15:00:00+00:00,long,6.599044208824593,0.30885169477808655,time_exit
SILVER/USD,london,2.3,2026-08-12 03:30:00+00:00,short,-27.622993038793346,-1.2848880341880236,stop_loss
SILVER/USD,london,2.3,2026-08-12 15:05:00+00:00,long,-25.85613530673339,-1.2344242983159661,stop_loss
SILVER/USD,london,2.3,2026-08-14 13:45:00+00:00,short,-27.553431926752282,-1.3487554075652164,stop_loss
SILVER/USD,london,2.3,2026-08-14 14:40:00+00:00,short,20.740512793165784,1.0434052989074178,time_exit
SILVER/USD,london,2.3,2026-08-15 21:00:00+00:00,short,-31.2657094220707,-1.5407500826667384,stop_loss
SILVER/USD,london,2.3,2026-08-16 15:15:00+00:00,long,-32.551663743321946,-1.6551235564354856,stop_loss
SILVER/USD,london,2.3,2026-08-18 01:05:00+00:00,short,34.11062454109269,1.7937687344879008,take_profit
SILVER/USD,london,2.3,2026-08-21 14:20:00+00:00,long,-22.046274724808057,-1.1191917107128968,stop_loss
SILVER/USD,london,2.3,2026-08-21 21:00:00+00:00,long,-29.926193538099383,-1.5540048710602148,stop_loss
SILVER/USD,newyork,1.0,2026-07-11 00:10:00+00:00,short,-0.5995018361807608,-0.02997509180903804,time_exit
SILVER/USD,newyork,1.0,2026-07-12 03:15:00+00:00,long,-33.485367515735064,-1.6752727048494138,stop_loss
SILVER/USD,newyork,1.0,2026-07-14 05:50:00+00:00,short,11.79839835029462,0.6107368016058742,take_profit
SILVER/USD,newyork,1.0,2026-07-16 08:35:00+00:00,long,-23.77434152496194,-1.2158132632836547,stop_loss
SILVER/USD,newyork,1.0,2026-07-16 11:20:00+00:00,long,11.43487755798766,0.5993504464510906,take_profit
SILVER/USD,newyork,1.0,2026-07-17 08:00:00+00:00,long,-22.656810986668035,-1.173473154467382,stop_loss
SILVER/USD,newyork,1.0,2026-07-17 13:00:00+00:00,long,15.343884171053713,0.8138115699707756,take_profit
SILVER/USD,newyork,1.0,2026-07-19 12:00:00+00:00,long,-37.55417020172112,-1.9599046816395636,stop_loss
SILVER/USD,newyork,1.0,2026-07-20 23:40:00+00:00,long,10.667596770304208,0.5794413915909197,take_profit
SILVER/USD,newyork,1.0,2026-07-21 01:30:00+00:00,long,16.835098155870654,0.9039711130731465,take_profit
SILVER/USD,newyork,1.0,2026-07-23 00:15:00+00:00,long,-22.819438609727598,-1.203544620998551,stop_loss
SILVER/USD,newyork,1.0,2026-07-27 10:25:00+00:00,short,12.117018199848204,0.6548392904073478,take_profit
SILVER/USD,newyork,1.0,2026-07-29 01:10:00+00:00,short,-21.03297218163989,-1.1219892062745114,stop_loss
SILVER/USD,newyork,1.0,2026-07-29 03:10:00+00:00,short,9.578578243128492,0.5226916521121445,take_profit
SILVER/USD,newyork,1.0,2026-07-30 19:35:00+00:00,short,-28.147269354880173,-1.5200725146382539,stop_loss
SILVER/USD,newyork,1.0,2026-07-30 20:20:00+00:00,short,8.636679596590714,0.4810418803418642,take_profit
SILVER/USD,newyork,1.0,2026-08-03 21:30:00+00:00,short,-2.891958045449087,-0.15954006432244228,take_profit
SILVER/USD,newyork,1.0,2026-08-06 05:05:00+00:00,long,-20.766996364185587,-1.1493159250746687,stop_loss
SILVER/USD,newyork,1.0,2026-08-06 07:50:00+00:00,long,11.286545767075674,0.6393315535996053,take_profit
SILVER/USD,newyork,1.0,2026-08-06 10:15:00+00:00,long,-29.706535902023695,-1.6614954014207879,stop_loss
SILVER/USD,newyork,1.0,2026-08-06 11:10:00+00:00,long,-27.192888288082166,-1.5731830703964007,stop_loss
SILVER/USD,newyork,1.0,2026-08-09 00:00:00+00:00,short,-10.3847554957123,-0.6203035714285975,time_exit
SILVER/USD,newyork,1.0,2026-08-10 14:00:00+00:00,long,9.536903405115178,0.576815574853692,take_profit
SILVER/USD,newyork,1.0,2026-08-12 23:30:00+00:00,long,9.515990559271751,0.5689867061812,take_profit
SILVER/USD,newyork,1.0,2026-08-13 03:30:00+00:00,long,-19.439138677065248,-1.1492404091361854,stop_loss
SILVER/USD,newyork,1.0,2026-08-19 09:10:00+00:00,long,2.1096926629127175,0.12765909046162655,take_profit
SILVER/USD,newyork,1.0,2026-08-19 10:10:00+00:00,long,0.5259393071329495,0.031743935177438044,take_profit
SILVER/USD,newyork,1.0,2026-08-22 08:10:00+00:00,long,-1.9307008233627236,-0.11645669979105697,time_exit
SILVER/USD,newyork,1.5,2026-07-11 00:10:00+00:00,short,-0.5995018361807608,-0.02997509180903804,time_exit
SILVER/USD,newyork,1.5,2026-07-12 03:15:00+00:00,long,-33.485367515735064,-1.6752727048494138,stop_loss
SILVER/USD,newyork,1.5,2026-07-14 05:50:00+00:00,short,21.46431106269042,1.111086801605896,take_profit
SILVER/USD,newyork,1.5,2026-07-16 08:35:00+00:00,long,-24.009380422511402,-1.215813263283655,stop_loss
SILVER/USD,newyork,1.5,2026-07-16 11:20:00+00:00,long,-26.959902563199527,-1.3992495535488974,stop_loss
SILVER/USD,newyork,1.5,2026-07-17 08:00:00+00:00,long,-21.977043656688046,-1.173473154467382,stop_loss
SILVER/USD,newyork,1.5,2026-07-17 13:00:00+00:00,long,24.021455099019317,1.313461569970765,take_profit
SILVER/USD,newyork,1.5,2026-07-19 12:00:00+00:00,long,-36.78563011154244,-1.9599046816395638,stop_loss
SILVER/USD,newyork,1.5,2026-07-20 23:40:00+00:00,long,19.4596638255832,1.079091391590898,take_profit
SILVER/USD,newyork,1.5,2026-07-21 01:30:00+00:00,long,25.858311125271644,1.403621113073155,take_profit
SILVER/USD,newyork,1.5,2026-07-23 00:15:00+00:00,long,-22.794820154246693,-1.203544620998551,stop_loss
SILVER/USD,newyork,1.5,2026-07-27 10:25:00+00:00,short,21.352336205054105,1.1551892904073595,take_profit
SILVER/USD,newyork,1.5,2026-07-29 01:10:00+00:00,short,-21.21781291399011,-1.1219892062745114,stop_loss
SILVER/USD,newyork,1.5,2026-07-29 03:10:00+00:00,short,18.912492610335608,1.023041652112142,take_profit
SILVER/USD,newyork,1.5,2026-07-30 19:35:00+00:00,short,-28.675836939775422,-1.520072514638254,stop_loss
SILVER/USD,newyork,1.5,2026-07-30 20:20:00+00:00,short,17.95089941960009,0.9813918803418518,take_profit
SILVER/USD,newyork,1.5,2026-08-03 21:30:00+00:00,short,5.328197683574746,0.28568990351632534,take_profit
SILVER/USD,newyork,1.5,2026-08-06 05:05:00+00:00,long,-21.55754344209982,-1.1493159250746687,stop_loss
SILVER/USD,newyork,1.5,2026-08-06 07:50:00+00:00,long,20.87263032674782,1.138981553599591,take_profit
SILVER/USD,newyork,1.5,2026-08-06 10:15:00+00:00,long,-31.141656130901318,-1.661495401420788,stop_loss
SILVER/USD,newyork,1.5,2026-08-06 11:10:00+00:00,long,-28.506574414009002,-1.5731830703964005,stop_loss
SILVER/USD,newyork,1.5,2026-08-09 00:00:00+00:00,short,-10.886442152581287,-0.6203035714285975,time_exit
SILVER/USD,newyork,1.5,2026-08-10 14:00:00+00:00,long,18.657791890973655,1.076465574853634,take_profit
SILVER/USD,newyork,1.5,2026-08-12 23:30:00+00:00,long,18.92086639693059,1.068636706181182,take_profit
SILVER/USD,newyork,1.5,2026-08-13 03:30:00+00:00,long,-20.78289673491439,-1.1492404091361854,stop_loss
SILVER/USD,newyork,1.5,2026-08-19 09:10:00+00:00,long,11.083529700011418,0.6273090904616058,take_profit
SILVER/USD,newyork,1.5,2026-08-22 08:10:00+00:00,long,-2.0834151953766575,-0.11645669979105697,time_exit
SILVER/USD,newyork,2.0,2026-07-11 00:10:00+00:00,short,-0.5995018361807608,-0.02997509180903804,time_exit
SILVER/USD,newyork,2.0,2026-07-12 03:15:00+00:00,long,-33.485367515735064,-1.6752727048494138,stop_loss
SILVER/USD,newyork,2.0,2026-07-14 05:50:00+00:00,short,31.13022377508556,1.6114368016058835,take_profit
SILVER/USD,newyork,2.0,2026-07-16 08:35:00+00:00,long,-24.244419320060846,-1.2158132632836547,stop_loss
SILVER/USD,newyork,2.0,2026-07-16 11:20:00+00:00,long,-27.223825482699503,-1.3992495535488976,stop_loss
SILVER/USD,newyork,2.0,2026-07-17 08:00:00+00:00,long,-22.192187072368228,-1.173473154467382,stop_loss
SILVER/USD,newyork,2.0,2026-07-17 13:00:00+00:00,long,33.48399773216837,1.8131115699707716,take_profit
SILVER/USD,newyork,2.0,2026-07-19 12:00:00+00:00,long,-37.50743753145155,-1.959904681639564,stop_loss
SILVER/USD,newyork,2.0,2026-07-20 23:40:00+00:00,long,29.028680532997214,1.5787413915909143,take_profit
SILVER/USD,newyork,2.0,2026-07-21 01:30:00+00:00,long,36.100872033937804,1.903271113073147,take_profit
SILVER/USD,newyork,2.0,2026-07-23 00:15:00+00:00,long,-23.697577799509943,-1.2035446209985512,stop_loss
SILVER/USD,newyork,2.0,2026-07-27 10:25:00+00:00,short,31.81262637768716,1.6555392904073414,take_profit
SILVER/USD,newyork,2.0,2026-07-29 01:10:00+00:00,short,-22.27386624422669,-1.1219892062745112,stop_loss
SILVER/USD,newyork,2.0,2026-07-29 03:10:00+00:00,short,-28.696767009261052,-1.4787083478878444,stop_loss
SILVER/USD,newyork,2.0,2026-07-30 19:35:00+00:00,short,-28.627083346549036,-1.5200725146382539,stop_loss
SILVER/USD,newyork,2.0,2026-07-30 20:20:00+00:00,short,27.056854698435952,1.4817418803418394,take_profit
SILVER/USD,newyork,2.0,2026-08-03 21:30:00+00:00,short,13.742247022479726,0.7309198713550927,take_profit
SILVER/USD,newyork,2.0,2026-08-06 05:05:00+00:00,long,-21.9245222718763,-1.149315925074669,stop_loss
SILVER/USD,newyork,2.0,2026-08-06 07:50:00+00:00,long,-25.333581704924185,-1.3592684464003977,stop_loss
SILVER/USD,newyork,2.0,2026-08-09 00:00:00+00:00,short,-11.246716176187338,-0.6203035714285975,time_exit
SILVER/USD,newyork,2.0,2026-08-10 14:00:00+00:00,long,28.222008981574895,1.5761155748536435,take_profit
SILVER/USD,newyork,2.0,2026-08-12 23:30:00+00:00,long,28.96702887452424,1.5682867061811638,take_profit
SILVER/USD,newyork,2.0,2026-08-13 03:30:00+00:00,long,-21.892838714848985,-1.1492404091361854,stop_loss
SILVER/USD,newyork,2.0,2026-08-19 09:10:00+00:00,long,20.974936626601448,1.1269590904615847,take_profit
SILVER/USD,newyork,2.0,2026-08-22 08:10:00+00:00,long,-2.216342851313015,-0.11645669979105697,time_exit
SILVER/USD,newyork,2.3,2026-07-11 00:10:00+00:00,short,-0.5995018361807608,-0.02997509180903804,time_exit
SILVER/USD,newyork,2.3,2026-07-12 03:15:00+00:00,long,-33.485367515735064,-1.6752727048494138,stop_loss
SILVER/USD,newyork,2.3,2026-07-14 05:50:00+00:00,short,36.929771402522256,1.911646801605856,take_profit
SILVER/USD,newyork,2.3,2026-07-16 08:35:00+00:00,long,-24.3854426585905,-1.2158132632836547,stop_loss
SILVER/USD,newyork,2.3,2026-07-16 11:20:00+00:00,long,-27.38217923439948,-1.3992495535488976,stop_loss
SILVER/USD,newyork,2.3,2026-07-17 08:00:00+00:00,long,-22.321273121776322,-1.1734731544673818,stop_loss
SILVER/USD,newyork,2.3,2026-07-17 13:00:00+00:00,long,39.247400507716186,2.1129015699707687,take_profit
SILVER/USD,newyork,2.3,2026-07-19 12:00:00+00:00,long,-37.943888205753325,-1.959904681639563,stop_loss
SILVER/USD,newyork,2.3,2026-07-20 23:40:00+00:00,long,34.94292006248016,1.8785313915909014,take_profit
SILVER/USD,newyork,2.3,2026-07-21 01:30:00+00:00,long,42.51918696526974,2.2030611130731437,take_profit
SILVER/USD,newyork,2.3,2026-07-23 00:15:00+00:00,long,-24.251944679039465,-1.203544620998551,stop_loss
SILVER/USD,newyork,2.3,2026-07-27 10:25:00+00:00,short,38.46057964474881,1.9557492904073304,take_profit
SILVER/USD,newyork,2.3,2026-07-29 01:10:00+00:00,short,-22.927406498754245,-1.1219892062745114,stop_loss
SILVER/USD,newyork,2.3,2026-07-29 03:10:00+00:00,short,-29.53876238670081,-1.4787083478878444,stop_loss
SILVER/USD,newyork,2.3,2026-07-30 19:35:00+00:00,short,-29.467034127053267,-1.5200725146382539,stop_loss
SILVER/USD,newyork,2.3,2026-07-30 20:20:00+00:00,short,33.49346270421685,1.7819518803418497,take_profit
SILVER/USD,newyork,2.3,2026-08-03 21:30:00+00:00,short,19.42800493681777,0.9980578520582984,take_profit
SILVER/USD,newyork,2.3,2026-08-06 05:05:00+00:00,long,-22.818944220044717,-1.1493159250746685,stop_loss
SILVER/USD,newyork,2.3,2026-08-06 07:50:00+00:00,long,-26.367077952715544,-1.3592684464003977,stop_loss
SILVER/USD,newyork,2.3,2026-08-09 00:00:00+00:00,short,-11.705531637161208,-0.6203035714285975,time_exit
SILVER/USD,newyork,2.3,2026-08-10 14:00:00+00:00,long,34.96038823709988,1.8759055748537157,take_profit
SILVER/USD,newyork,2.3,2026-08-12 23:30:00+00:00,long,36.120658955385125,1.8680767061811527,take_profit
SILVER/USD,newyork,2.3,2026-08-13 03:30:00+00:00,long,-23.051648449499325,-1.1492404091361856,stop_loss
SILVER/USD,newyork,2.3,2026-08-19 09:10:00+00:00,long,27.960183719087915,1.426749090461614,take_profit
SILVER/USD,newyork,2.3,2026-08-22 08:10:00+00:00,long,-2.3473397988980023,-0.11645669979105694,time_exit
SILVER/USD,prevday,1.0,2026-07-11 00:10:00+00:00,short,-2.085041398957168,-0.1042520699478584,time_exit
SILVER/USD,prevday,1.0,2026-07-12 03:15:00+00:00,long,-0.9747177304414301,-0.048837715180052386,take_profit
SILVER/USD,prevday,1.0,2026-07-14 12:00:00+00:00,short,-10.812829628987819,-0.5423007912462868,time_exit
SILVER/USD,prevday,1.0,2026-07-15 16:45:00+00:00,long,14.25700561198488,0.7228784764249766,take_profit
SILVER/USD,prevday,1.0,2026-07-16 08:35:00+00:00,long,-24.325612847857787,-1.2158132632836547,stop_loss
SILVER/USD,prevday,1.0,2026-07-16 11:20:00+00:00,long,11.700025598867166,0.5993504464510907,take_profit
SILVER/USD,prevday,1.0,2026-07-17 08:00:00+00:00,long,-23.182169392582566,-1.173473154467382,stop_loss
SILVER/USD,prevday,1.0,2026-07-17 13:00:00+00:00,long,15.699672924086311,0.8138115699707755,take_profit
SILVER/USD,prevday,1.0,2026-07-19 16:40:00+00:00,long,-22.678165476726313,-1.1567230948121567,stop_loss
SILVER/USD,prevday,1.0,2026-07-23 07:15:00+00:00,long,-22.448199711340727,-1.172109579439248,stop_loss
SILVER/USD,prevday,1.0,2026-07-27 14:35:00+00:00,long,13.569671207428993,0.7255344956704797,take_profit
SILVER/USD,prevday,1.0,2026-07-27 18:50:00+00:00,long,10.755761810868476,0.5668567070269035,take_profit
SILVER/USD,prevday,1.0,2026-07-29 19:15:00+00:00,short,16.613661740923657,0.8657679875998436,take_profit
SILVER/USD,prevday,1.0,2026-07-29 23:10:00+00:00,short,13.13530921476655,0.6728540312876091,take_profit
SILVER/USD,prevday,1.0,2026-07-30 19:35:00+00:00,short,-30.073855571379415,-1.5200725146382539,stop_loss
SILVER/USD,prevday,1.0,2026-07-30 20:20:00+00:00,short,9.22783135832376,0.48104188034186424,take_profit
SILVER/USD,prevday,1.0,2026-08-03 05:50:00+00:00,long,12.472181167038874,0.6439725339040262,take_profit
SILVER/USD,prevday,1.0,2026-08-03 07:45:00+00:00,long,-23.5184302823453,-1.1988794209702747,stop_loss
SILVER/USD,prevday,1.0,2026-08-12 09:25:00+00:00,short,13.806943376760799,0.7211156607536366,take_profit
SILVER/USD,prevday,1.0,2026-08-12 13:00:00+00:00,short,15.92576343983858,0.8199527952004367,take_profit
SILVER/USD,prevday,1.0,2026-08-16 20:40:00+00:00,short,-25.312237085726803,-1.282197326203211,stop_loss
SILVER/USD,prevday,1.0,2026-08-16 23:00:00+00:00,short,2.1290016941391787,0.1106834420961353,take_profit
SILVER/USD,prevday,1.0,2026-08-18 05:05:00+00:00,long,-23.073013317303058,-1.1968800958013888,stop_loss
SILVER/USD,prevday,1.5,2026-07-11 00:10:00+00:00,short,-2.085041398957168,-0.1042520699478584,time_exit
SILVER/USD,prevday,1.5,2026-07-12 03:15:00+00:00,long,-40.86337445564223,-2.047437715180048,stop_loss
SILVER/USD,prevday,1.5,2026-07-14 12:00:00+00:00,short,-10.38019662691126,-0.5423007912462868,time_exit
SILVER/USD,prevday,1.5,2026-07-15 16:45:00+00:00,long,23.146654581161943,1.2225284764249764,take_profit
SILVER/USD,prevday,1.5,2026-07-16 08:35:00+00:00,long,-23.582352771130836,-1.2158132632836547,stop_loss
SILVER/USD,prevday,1.5,2026-07-16 11:20:00+00:00,long,-26.480397316899314,-1.3992495535488976,stop_loss
SILVER/USD,prevday,1.5,2026-07-17 08:00:00+00:00,long,-21.5861628770989,-1.173473154467382,stop_loss
SILVER/USD,prevday,1.5,2026-07-17 13:00:00+00:00,long,23.59421268904609,1.313461569970765,take_profit
SILVER/USD,prevday,1.5,2026-07-19 16:40:00+00:00,long,-21.324498908771076,-1.1567230948121567,stop_loss
SILVER/USD,prevday,1.5,2026-07-23 07:15:00+00:00,long,-21.108259869592523,-1.172109579439248,stop_loss
SILVER/USD,prevday,1.5,2026-07-27 14:35:00+00:00,long,21.546843938317444,1.2251844956704843,take_profit
SILVER/USD,prevday,1.5,2026-07-27 18:50:00+00:00,long,19.21583636174116,1.0665067070268945,take_profit
SILVER/USD,prevday,1.5,2026-07-29 19:15:00+00:00,short,25.139119146508072,1.366117987599843,take_profit
SILVER/USD,prevday,1.5,2026-07-29 23:10:00+00:00,short,22.179008832858642,1.1732040312876033,take_profit
SILVER/USD,prevday,1.5,2026-07-30 19:35:00+00:00,short,-29.410709326010455,-1.520072514638254,stop_loss
SILVER/USD,prevday,1.5,2026-07-30 20:20:00+00:00,short,18.410925061371298,0.9813918803418519,take_profit
SILVER/USD,prevday,1.5,2026-08-03 05:50:00+00:00,long,21.87547731042316,1.143622533904015,take_profit
SILVER/USD,prevday,1.5,2026-08-03 07:45:00+00:00,long,-23.456965065054007,-1.1988794209702747,stop_loss
SILVER/USD,prevday,1.5,2026-08-12 09:25:00+00:00,short,23.32584405169694,1.2214656607536907,take_profit
SILVER/USD,prevday,1.5,2026-08-12 13:00:00+00:00,short,25.829241051246463,1.3203027952004618,take_profit
SILVER/USD,prevday,1.5,2026-08-16 20:40:00+00:00,short,-25.74614289279822,-1.282197326203211,stop_loss
SILVER/USD,prevday,1.5,2026-08-16 23:00:00+00:00,short,11.954735619011611,0.6110334420960007,take_profit
SILVER/USD,prevday,1.5,2026-08-18 05:05:00+00:00,long,-23.70286493552603,-1.1968800958013888,stop_loss
SILVER/USD,prevday,2.0,2026-07-11 00:10:00+00:00,short,-2.085041398957168,-0.1042520699478584,time_exit
SILVER/USD,prevday,2.0,2026-07-12 03:15:00+00:00,long,-40.86337445564223,-2.047437715180048,stop_loss
SILVER/USD,prevday,2.0,2026-07-14 12:00:00+00:00,short,-10.38019662691126,-0.5423007912462868,time_exit
SILVER/USD,prevday,2.0,2026-07-15 16:45:00+00:00,long,32.60674175663421,1.7221784764249763,take_profit
SILVER/USD,prevday,2.0,2026-07-16 08:35:00+00:00,long,-23.812386760326017,-1.215813263283655,stop_loss
SILVER/USD,prevday,2.0,2026-07-16 11:20:00+00:00,long,-26.73870027290193,-1.3992495535488976,stop_loss
SILVER/USD,prevday,2.0,2026-07-17 08:00:00+00:00,long,-21.796725037975175,-1.173473154467382,stop_loss
SILVER/USD,prevday,2.0,2026-07-17 13:00:00+00:00,long,32.887317025593795,1.8131115699707714,take_profit
SILVER/USD,prevday,2.0,2026-07-19 16:40:00+00:00,long,-21.742175248500065,-1.1567230948121567,stop_loss
SILVER/USD,prevday,2.0,2026-07-23 07:15:00+00:00,long,-21.52170080239462,-1.172109579439248,stop_loss
SILVER/USD,prevday,2.0,2026-07-27 14:35:00+00:00,long,-22.827433246283725,-1.2730655043295152,stop_loss
SILVER/USD,prevday,2.0,2026-07-29 19:15:00+00:00,short,32.61564430818925,1.8664679875998424,take_profit
SILVER/USD,prevday,2.0,2026-07-29 23:10:00+00:00,short,30.336245126952413,1.6735540312875976,take_profit
SILVER/USD,prevday,2.0,2026-07-30 19:35:00+00:00,short,-28.476376174408827,-1.520072514638254,stop_loss
SILVER/USD,prevday,2.0,2026-07-30 20:20:00+00:00,short,26.91441398908225,1.4817418803418394,take_profit
SILVER/USD,prevday,2.0,2026-08-03 05:50:00+00:00,long,30.733017064364148,1.6432725339040346,take_profit
SILVER/USD,prevday,2.0,2026-08-03 07:45:00+00:00,long,-23.1587362531765,-1.1988794209702747,stop_loss
SILVER/USD,prevday,2.0,2026-08-12 09:25:00+00:00,short,-24.13823852294363,-1.2802843392463663,stop_loss
SILVER/USD,prevday,2.0,2026-08-12 13:00:00+00:00,short,33.44729604930589,1.8206527952004317,take_profit
SILVER/USD,prevday,2.0,2026-08-16 20:40:00+00:00,short,-24.41302659021824,-1.282197326203211,stop_loss
SILVER/USD,prevday,2.0,2026-08-16 23:00:00+00:00,short,20.61808696524165,1.111383442096143,take_profit
SILVER/USD,prevday,2.0,2026-08-18 05:05:00+00:00,long,-22.697745468044005,-1.196880095801389,stop_loss
SILVER/USD,prevday,2.3,2026-07-11 00:10:00+00:00,short,-2.085041398957168,-0.1042520699478584,time_exit
SILVER/USD,prevday,2.3,2026-07-12 03:15:00+00:00,long,-40.86337445564223,-2.047437715180048,stop_loss
SILVER/USD,prevday,2.3,2026-07-14 12:00:00+00:00,short,-10.38019662691126,-0.5423007912462868,time_exit
SILVER/USD,prevday,2.3,2026-07-15 16:45:00+00:00,long,38.28279406191775,2.021968476424986,take_profit
SILVER/USD,prevday,2.3,2026-07-16 08:35:00+00:00,long,-23.950407153843123,-1.2158132632836547,stop_loss
SILVER/USD,prevday,2.3,2026-07-16 11:20:00+00:00,long,-26.893682046503507,-1.3992495535488976,stop_loss
SILVER/USD,prevday,2.3,2026-07-17 08:00:00+00:00,long,-21.923062334500948,-1.173473154467382,stop_loss
SILVER/USD,prevday,2.3,2026-07-17 13:00:00+00:00,long,38.54722815780472,2.112901569970769,take_profit
SILVER/USD,prevday,2.3,2026-07-19 16:40:00+00:00,long,-21.994725469858714,-1.1567230948121567,stop_loss
SILVER/USD,prevday,2.3,2026-07-23 07:15:00+00:00,long,-21.77169006241746,-1.172109579439248,stop_loss
SILVER/USD,prevday,2.3,2026-07-27 14:35:00+00:00,long,-23.092589480814425,-1.2730655043295152,stop_loss
SILVER/USD,prevday,2.3,2026-07-29 19:15:00+00:00,short,38.301461097432195,2.1666779875998494,take_profit
SILVER/USD,prevday,2.3,2026-07-29 23:10:00+00:00,short,-24.503083124147505,-1.3285459687123966,stop_loss
SILVER/USD,prevday,2.3,2026-07-30 19:35:00+00:00,short,-27.290580276944855,-1.520072514638254,stop_loss
SILVER/USD,prevday,2.3,2026-07-30 20:20:00+00:00,short,31.019614282901536,1.7819518803418497,take_profit
SILVER/USD,prevday,2.3,2026-08-03 05:50:00+00:00,long,35.02963493304233,1.943062533904022,take_profit
SILVER/USD,prevday,2.3,2026-08-03 07:45:00+00:00,long,-22.453388274496334,-1.1988794209702747,stop_loss
SILVER/USD,prevday,2.3,2026-08-12 09:25:00+00:00,short,-23.403057744298042,-1.2802843392463663,stop_loss
SILVER/USD,prevday,2.3,2026-08-12 13:00:00+00:00,short,4.765963399417087,0.2675776228135209,time_exit
SILVER/USD,prevday,2.3,2026-08-16 20:40:00+00:00,short,-22.96009768829714,-1.282197326203211,stop_loss
SILVER/USD,prevday,2.3,2026-08-16 23:00:00+00:00,short,24.628966293339793,1.4115934420961178,take_profit
SILVER/USD,prevday,2.3,2026-08-18 05:05:00+00:00,long,-21.47228471800283,-1.1968800958013888,stop_loss
SP500/USD,asia,1.0,2026-07-09 00:15:00+00:00,short,-9.12138941392071,-0.4560694706960355,time_exit
SP500/USD,asia,1.0,2026-07-10 09:55:00+00:00,long,6.628664063542349,0.3344841634850541,take_profit
SP500/USD,asia,1.0,2026-07-12 11:20:00+00:00,short,2.629038908971248,0.1317804378867667,take_profit
SP500/USD,asia,1.0,2026-07-12 19:50:00+00:00,long,-35.13940761126647,-1.7567309143209022,stop_loss
SP500/USD,asia,1.0,2026-07-15 15:05:00+00:00,long,-28.672399923730104,-1.4856213396654747,stop_loss
SP500/USD,asia,1.0,2026-07-15 17:15:00+00:00,long,1.759633652000593,0.09396494701785839,take_profit
SP500/USD,asia,1.0,2026-07-18 22:50:00+00:00,long,3.2659386548848364,0.17407493191464923,take_profit
SP500/USD,asia,1.0,2026-07-21 07:40:00+00:00,short,-33.0746884079322,-1.7567687712201263,stop_loss
SP500/USD,asia,1.0,2026-07-22 11:20:00+00:00,long,6.776367276574959,0.3730348389794418,take_profit
SP500/USD,asia,1.0,2026-07-23 01:05:00+00:00,short,-7.58841235983583,-0.41464388763446286,take_profit
SP500/USD,asia,1.0,2026-07-25 11:50:00+00:00,long,-1.7984786134861945,-0.09909373330140979,take_profit
SP500/USD,asia,1.0,2026-08-01 09:10:00+00:00,short,-4.386777449060721,-0.24218547128486043,take_profit
SP500/USD,asia,1.0,2026-08-01 11:50:00+00:00,long,-29.845472448481804,-1.6557305020578899,stop_loss
SP500/USD,asia,1.0,2026-08-01 14:00:00+00:00,long,-9.8428409031206,-0.5647505451765704,take_profit
SP500/USD,asia,1.0,2026-08-01 15:15:00+00:00,long,-28.704883982532728,-1.6658092285489754,stop_loss
SP500/USD,asia,1.0,2026-08-03 13:45:00+00:00,long,11.073976955794933,0.6647963643940125,take_profit
SP500/USD,asia,1.0,2026-08-06 10:50:00+00:00,short,1.4994355804095765,0.08883345128270805,take_profit
SP500/USD,asia,1.0,2026-08-06 14:20:00+00:00,short,-5.993658307025218,-0.354462087533972,take_profit
SP500/USD,asia,1.0,2026-08-09 11:05:00+00:00,long,-27.323999507286466,-1.6274657692951615,stop_loss
SP500/USD,asia,1.0,2026-08-09 13:25:00+00:00,long,-5.793574222386998,-0.35668539985951564,take_profit
SP500/USD,asia,1.0,2026-08-10 07:00:00+00:00,short,1.140133355511317,0.07069743260586718,take_profit
SP500/USD,asia,1.0,2026-08-10 14:20:00+00:00,short,3.9627495781753748,0.2453753788405095,take_profit
SP500/USD,asia,1.0,2026-08-11 11:15:00+00:00,short,-0.42158474047145944,-0.02597724837731905,take_profit
SP500/USD,asia,1.0,2026-08-15 13:25:00+00:00,short,-15.939672517474973,-0.9826827953512456,time_exit
SP500/USD,asia,1.0,2026-08-16 07:40:00+00:00,short,-20.919330308684376,-1.3155343781995836,time_exit
SP500/USD,asia,1.0,2026-08-16 22:00:00+00:00,short,-17.010223178629758,-1.098611227524625,time_exit
SP500/USD,asia,1.0,2026-08-22 08:10:00+00:00,long,-2.5201692947629084,-0.1664226942446076,take_profit
SP500/USD,asia,1.5,2026-07-09 00:15:00+00:00,short,-9.12138941392071,-0.4560694706960355,time_exit
SP500/USD,asia,1.5,2026-07-10 09:55:00+00:00,long,-32.978735758803865,-1.6641158365149182,stop_loss
SP500/USD,asia,1.5,2026-07-12 11:20:00+00:00,short,12.110353346523642,0.6321304378867014,take_profit
SP500/USD,asia,1.5,2026-07-15 15:05:00+00:00,long,-28.821357893375442,-1.4856213396654747,stop_loss
SP500/USD,asia,1.5,2026-07-15 17:15:00+00:00,long,11.174075627305518,0.5936149470178204,take_profit
SP500/USD,asia,1.5,2026-07-18 22:50:00+00:00,long,-0.32555751297909197,-0.01709209258812522,time_exit
SP500/USD,asia,1.5,2026-07-21 07:40:00+00:00,short,-33.45019105931726,-1.756768771220126,stop_loss
SP500/USD,asia,1.5,2026-07-22 11:20:00+00:00,long,16.03274240790539,0.872684838979464,take_profit
SP500/USD,asia,1.5,2026-07-23 01:05:00+00:00,short,-1.8125239909717479,-0.09696583145173943,take_profit
SP500/USD,asia,1.5,2026-07-25 11:50:00+00:00,long,7.0214167870556246,0.3763594000478877,take_profit
SP500/USD,asia,1.5,2026-08-01 09:10:00+00:00,short,3.039816079593443,0.16172179307267287,take_profit
SP500/USD,asia,1.5,2026-08-01 14:00:00+00:00,long,-28.950771575247305,-1.5352494548233422,stop_loss
SP500/USD,asia,1.5,2026-08-03 13:45:00+00:00,long,21.28416698556623,1.164446364394014,take_profit
SP500/USD,asia,1.5,2026-08-06 10:50:00+00:00,short,11.0201113589568,0.5891834512827012,take_profit
SP500/USD,asia,1.5,2026-08-06 14:20:00+00:00,short,-0.12666378251708998,-0.0066931313009212035,take_profit
SP500/USD,asia,1.5,2026-08-09 11:05:00+00:00,long,-30.79476054145751,-1.6274657692951615,stop_loss
SP500/USD,asia,1.5,2026-08-09 13:25:00+00:00,long,-0.18357454136637052,-0.01002809978928505,take_profit
SP500/USD,asia,1.5,2026-08-10 07:00:00+00:00,short,10.451506055320163,0.5710474326058628,take_profit
SP500/USD,asia,1.5,2026-08-11 11:15:00+00:00,short,8.781291065660872,0.47437275162275083,take_profit
SP500/USD,asia,1.5,2026-08-15 13:25:00+00:00,short,-18.363392485662498,-0.9826827953512455,time_exit
SP500/USD,asia,1.5,2026-08-16 07:40:00+00:00,short,-24.10023622345036,-1.3155343781995839,time_exit
SP500/USD,asia,1.5,2026-08-16 22:00:00+00:00,short,-19.59672660498135,-1.098611227524625,time_exit
SP500/USD,asia,1.5,2026-08-22 08:10:00+00:00,long,4.803977228995777,0.2753659586331132,take_profit
SP500/USD,asia,2.0,2026-07-09 00:15:00+00:00,short,-9.12138941392071,-0.4560694706960355,time_exit
SP500/USD,asia,2.0,2026-07-10 09:55:00+00:00,long,-32.978735758803865,-1.6641158365149182,stop_loss
SP500/USD,asia,2.0,2026-07-12 11:20:00+00:00,short,6.008157300529579,0.31361092419042985,time_exit
SP500/USD,asia,2.0,2026-07-15 15:05:00+00:00,long,-28.640046840080423,-1.485621339665475,stop_loss
SP500/USD,asia,2.0,2026-07-15 17:15:00+00:00,long,20.44991408766169,1.0932649470178597,take_profit
SP500/USD,asia,2.0,2026-07-18 22:50:00+00:00,long,-0.3267043764850541,-0.017092092588125288,time_exit
SP500/USD,asia,2.0,2026-07-21 07:40:00+00:00,short,-33.568028313454946,-1.7567687712201259,stop_loss
SP500/USD,asia,2.0,2026-07-22 11:20:00+00:00,long,25.30100094041664,1.3723348389794863,take_profit
SP500/USD,asia,2.0,2026-07-23 01:05:00+00:00,short,4.180837642663711,0.22071222473098395,take_profit
SP500/USD,asia,2.0,2026-07-25 11:50:00+00:00,long,16.206670531424116,0.8518125333971848,take_profit
SP500/USD,asia,2.0,2026-08-01 09:10:00+00:00,short,10.945054344708904,0.565629057430206,take_profit
SP500/USD,asia,2.0,2026-08-03 13:45:00+00:00,long,32.564925747011685,1.6640963643940152,take_profit
SP500/USD,asia,2.0,2026-08-06 10:50:00+00:00,short,22.03083828130395,1.0895334512826946,take_profit
SP500/USD,asia,2.0,2026-08-09 11:05:00+00:00,long,-33.625151443030134,-1.6274657692951617,stop_loss
SP500/USD,asia,2.0,2026-08-09 13:25:00+00:00,long,6.728728542441843,0.3366292002809458,take_profit
SP500/USD,asia,2.0,2026-08-10 07:00:00+00:00,short,0.7591677893001894,0.03772614462983582,time_exit
SP500/USD,asia,2.0,2026-08-11 11:15:00+00:00,short,19.629263849381427,0.9747227516227347,take_profit
SP500/USD,asia,2.0,2026-08-15 13:25:00+00:00,short,-20.17535243346207,-0.9826827953512455,time_exit
SP500/USD,asia,2.0,2026-08-16 07:40:00+00:00,short,-26.47826429225602,-1.3155343781995834,time_exit
SP500/USD,asia,2.0,2026-08-16 22:00:00+00:00,short,-21.530382586245608,-1.098611227524625,time_exit
SP500/USD,asia,2.0,2026-08-22 08:10:00+00:00,long,13.745853092918871,0.7171546115108343,take_profit
SP500/USD,asia,2.3,2026-07-09 00:15:00+00:00,short,-9.12138941392071,-0.4560694706960355,time_exit
SP500/USD,asia,2.3,2026-07-10 09:55:00+00:00,long,-32.978735758803865,-1.6641158365149182,stop_loss
SP500/USD,asia,2.3,2026-07-12 11:20:00+00:00,short,6.008157300529579,0.31361092419042985,time_exit
SP500/USD,asia,2.3,2026-07-15 15:05:00+00:00,long,-28.640046840080423,-1.485621339665475,stop_loss
SP500/USD,asia,2.3,2026-07-15 17:15:00+00:00,long,26.05759387385115,1.3930549470179303,take_profit
SP500/USD,asia,2.3,2026-07-18 22:50:00+00:00,long,-0.328621316127256,-0.01709209258812527,time_exit
SP500/USD,asia,2.3,2026-07-21 07:40:00+00:00,short,-33.76498889560855,-1.756768771220126,stop_loss
SP500/USD,asia,2.3,2026-07-22 11:20:00+00:00,long,-20.360954787661655,-1.097942881042053,time_exit
SP500/USD,asia,2.3,2026-07-23 01:05:00+00:00,short,7.460266633446171,0.4113190584406545,take_profit
SP500/USD,asia,2.3,2026-07-25 11:50:00+00:00,long,20.793436961658607,1.1370844134067448,take_profit
SP500/USD,asia,2.3,2026-08-01 09:10:00+00:00,short,15.11111825268595,0.8079734160448172,take_profit
SP500/USD,asia,2.3,2026-08-03 13:45:00+00:00,long,35.95171609800409,1.8917259661014785,time_exit
SP500/USD,asia,2.3,2026-08-06 10:50:00+00:00,short,27.41095384557125,1.3897434512826905,take_profit
SP500/USD,asia,2.3,2026-08-09 11:05:00+00:00,long,-32.99193744496223,-1.6274657692951617,stop_loss
SP500/USD,asia,2.3,2026-08-09 13:25:00+00:00,long,10.68122920458852,0.5446235803230315,take_profit
SP500/USD,asia,2.3,2026-08-10 07:00:00+00:00,short,0.7479493365263696,0.0377261446298358,time_exit
SP500/USD,asia,2.3,2026-08-11 11:15:00+00:00,short,25.29557729388318,1.274932751622708,take_profit
SP500/USD,asia,2.3,2026-08-15 13:25:00+00:00,short,-19.99427979208668,-0.9826827953512456,time_exit
SP500/USD,asia,2.3,2026-08-16 07:40:00+00:00,short,-26.240623375189188,-1.3155343781995836,time_exit
SP500/USD,asia,2.3,2026-08-16 22:00:00+00:00,short,-21.337148626265396,-1.098611227524625,time_exit
SP500/USD,asia,2.3,2026-08-22 08:10:00+00:00,long,-8.228953883205584,-0.4332126108709317,time_exit
SP500/USD,london,1.0,2026-07-09 00:15:00+00:00,short,-28.240754500570482,-1.412037725028524,stop_loss
SP500/USD,london,1.0,2026-07-15 15:05:00+00:00,long,-28.87332544262347,-1.4856213396654747,stop_loss
SP500/USD,london,1.0,2026-07-15 17:15:00+00:00,long,1.7719645104404496,0.09396494701785843,take_profit
SP500/USD,london,1.0,2026-07-16 00:15:00+00:00,short,-0.752261112784506,-0.0398165899567504,take_profit
SP500/USD,london,1.0,2026-07-16 04:05:00+00:00,short,-31.022505034206887,-1.643305446188156,stop_loss
SP500/USD,london,1.0,2026-07-16 05:45:00+00:00,short,6.318865719154017,0.3460939079522479,take_profit
SP500/USD,london,1.0,2026-07-16 08:45:00+00:00,long,-28.01973763799683,-1.5241338748974713,stop_loss
SP500/USD,london,1.0,2026-07-16 15:40:00+00:00,short,2.480272094459748,0.13915627831438276,take_profit
SP500/USD,london,1.0,2026-07-16 19:00:00+00:00,long,-24.796835199575654,-1.3873713333382602,stop_loss
SP500/USD,london,1.0,2026-07-17 14:25:00+00:00,short,2.5204823457470535,0.14504441790673425,take_profit
SP500/USD,london,1.0,2026-07-17 17:10:00+00:00,short,0.11977080528954964,0.006872429813454567,take_profit
SP500/USD,london,1.0,2026-07-18 00:10:00+00:00,long,-1.2960836192386855,-0.07435885201042994,time_exit
SP500/USD,london,1.0,2026-07-18 23:15:00+00:00,long,-6.667782821359168,-0.3831134983661308,take_profit
SP500/USD,london,1.0,2026-07-19 13:05:00+00:00,long,0.7756515566760047,0.04491104623195329,take_profit
SP500/USD,london,1.0,2026-07-20 15:00:00+00:00,long,1.8644469212495132,0.10785657140416584,take_profit
SP500/USD,london,1.0,2026-07-21 12:00:00+00:00,long,3.7145000094460094,0.21441794487154428,take_profit
SP500/USD,london,1.0,2026-07-22 11:10:00+00:00,short,-4.060938016687924,-0.2334149654378522,take_profit
SP500/USD,london,1.0,2026-07-24 00:35:00+00:00,long,-32.79297935537805,-1.8937182999775648,stop_loss
SP500/USD,london,1.0,2026-07-24 07:25:00+00:00,long,-24.275962648150283,-1.4570658356091812,stop_loss
SP500/USD,london,1.0,2026-07-24 14:45:00+00:00,long,4.51553781376237,0.2791619214313114,take_profit
SP500/USD,london,1.0,2026-07-24 18:10:00+00:00,short,-1.1078988862812693,-0.06811280968087745,take_profit
SP500/USD,london,1.0,2026-07-25 14:05:00+00:00,short,-31.543038769218434,-1.9418882016674406,stop_loss
SP500/USD,london,1.0,2026-07-28 14:00:00+00:00,long,3.7985076381874467,0.24329713697246513,take_profit
SP500/USD,london,1.0,2026-07-30 14:05:00+00:00,short,6.0287150434074945,0.3842736662194509,take_profit
SP500/USD,london,1.0,2026-07-31 14:55:00+00:00,long,12.622877385475615,0.7984527717965773,take_profit
SP500/USD,london,1.0,2026-08-05 14:45:00+00:00,long,-23.09965946238073,-1.4381890122333412,stop_loss
SP500/USD,london,1.0,2026-08-06 14:20:00+00:00,short,-4.772482773224979,-0.30593550988762425,take_profit
SP500/USD,london,1.0,2026-08-07 07:05:00+00:00,long,-3.6921799468809047,-0.23814083016721624,take_profit
SP500/USD,london,1.0,2026-08-08 02:35:00+00:00,short,-28.719587289886434,-1.8612409763886257,stop_loss
SP500/USD,london,1.0,2026-08-08 05:50:00+00:00,short,-16.517967983040055,-1.1118754585878714,time_exit
SP500/USD,london,1.0,2026-08-10 07:00:00+00:00,short,1.0269220775198882,0.07069743260586711,take_profit
SP500/USD,london,1.0,2026-08-10 13:45:00+00:00,long,-1.8093863224775344,-0.12438952761540453,take_profit
SP500/USD,london,1.0,2026-08-10 14:20:00+00:00,short,3.5603827463417996,0.24537537884050964,take_profit
SP500/USD,london,1.0,2026-08-10 16:45:00+00:00,long,-2.0928789496242484,-0.14353318249580677,take_profit
SP500/USD,london,1.0,2026-08-11 06:00:00+00:00,long,-24.53959221831214,-1.6878119306132044,stop_loss
SP500/USD,london,1.0,2026-08-14 06:30:00+00:00,short,-25.028237528022146,-1.7815592723267162,stop_loss
SP500/USD,london,1.0,2026-08-15 18:55:00+00:00,long,-1.5795791847269065,-0.11659186575802603,take_profit
SP500/USD,london,1.0,2026-08-15 21:25:00+00:00,long,-2.6171874929415617,-0.19363130521305966,take_profit
SP500/USD,london,1.0,2026-08-16 07:40:00+00:00,short,-17.712356301263597,-1.3155343781995836,time_exit
SP500/USD,london,1.0,2026-08-17 00:05:00+00:00,short,-5.6861830633052906,-0.4337368252049138,take_profit
SP500/USD,london,1.0,2026-08-19 12:30:00+00:00,long,3.0797509527319367,0.23697628284421687,take_profit
SP500/USD,london,1.0,2026-08-21 16:15:00+00:00,short,-5.659095471585024,-0.4333939236561954,time_exit
SP500/USD,london,1.0,2026-08-22 17:15:00+00:00,short,-13.65152823411357,-1.0546245829085328,time_exit
SP500/USD,london,1.5,2026-07-09 00:15:00+00:00,short,-28.240754500570482,-1.412037725028524,stop_loss
SP500/USD,london,1.5,2026-07-15 15:05:00+00:00,long,-28.87332544262347,-1.4856213396654747,stop_loss
SP500/USD,london,1.5,2026-07-15 17:15:00+00:00,long,11.194223509567394,0.5936149470178202,take_profit
SP500/USD,london,1.5,2026-07-16 00:15:00+00:00,short,8.787715639423354,0.46053341004324183,take_profit
SP500/USD,london,1.5,2026-07-16 08:45:00+00:00,long,-29.350790425311278,-1.5241338748974713,stop_loss
SP500/USD,london,1.5,2026-07-16 15:40:00+00:00,short,11.939800527974501,0.6395062783143454,take_profit
SP500/USD,london,1.5,2026-07-16 19:00:00+00:00,long,-26.23399514772591,-1.3873713333382605,stop_loss
SP500/USD,london,1.5,2026-07-17 14:25:00+00:00,short,11.865226235911473,0.6453944179067902,take_profit
SP500/USD,london,1.5,2026-07-17 17:10:00+00:00,short,9.445375373070483,0.5072224298133943,take_profit
SP500/USD,london,1.5,2026-07-18 00:10:00+00:00,long,-1.3987397907123107,-0.07435885201042985,time_exit
SP500/USD,london,1.5,2026-07-18 23:15:00+00:00,long,-0.9329410963623719,-0.04967024754918817,take_profit
SP500/USD,london,1.5,2026-07-19 13:05:00+00:00,long,10.218163019961182,0.5445610462320294,take_profit
SP500/USD,london,1.5,2026-07-20 15:00:00+00:00,long,11.52342713753424,0.6075065714041855,take_profit
SP500/USD,london,1.5,2026-07-21 12:00:00+00:00,long,13.709296002971875,0.7140679448714919,take_profit
SP500/USD,london,1.5,2026-07-22 11:10:00+00:00,short,3.405399944127268,0.17487755184317585,take_profit
SP500/USD,london,1.5,2026-07-24 00:35:00+00:00,long,-37.005455362129815,-1.8937182999775652,stop_loss
SP500/USD,london,1.5,2026-07-24 07:25:00+00:00,long,-27.394371289461002,-1.4570658356091815,stop_loss
SP500/USD,london,1.5,2026-07-24 14:45:00+00:00,long,14.215782573385464,0.7788119214312927,take_profit
SP500/USD,london,1.5,2026-07-24 18:10:00+00:00,short,7.838217541320926,0.4228307854786863,take_profit
SP500/USD,london,1.5,2026-07-25 14:05:00+00:00,short,-36.302133977422244,-1.9418882016674406,stop_loss
SP500/USD,london,1.5,2026-07-28 14:00:00+00:00,long,13.349424536649028,0.7429471369724664,take_profit
SP500/USD,london,1.5,2026-07-30 14:05:00+00:00,short,16.131281428338756,0.8846236662194358,take_profit
SP500/USD,london,1.5,2026-07-31 14:55:00+00:00,long,4.1339237361152446,0.22275916618256575,time_exit
SP500/USD,london,1.5,2026-08-05 14:45:00+00:00,long,-26.808555096596354,-1.438189012233341,stop_loss
SP500/USD,london,1.5,2026-08-06 14:20:00+00:00,short,1.1966367023280284,0.06609673516864462,take_profit
SP500/USD,london,1.5,2026-08-07 07:05:00+00:00,long,3.041717606659958,0.16778875474917265,take_profit
SP500/USD,london,1.5,2026-08-08 02:35:00+00:00,short,-33.854281469621306,-1.861240976388626,stop_loss
SP500/USD,london,1.5,2026-08-08 05:50:00+00:00,short,-19.47116898859316,-1.1118754585878716,time_exit
SP500/USD,london,1.5,2026-08-10 07:00:00+00:00,short,9.777806478442493,0.5710474326058628,take_profit
SP500/USD,london,1.5,2026-08-10 16:45:00+00:00,long,5.363431290428133,0.3097002262563855,take_profit
SP500/USD,london,1.5,2026-08-11 06:00:00+00:00,long,-29.4108093813343,-1.6878119306132042,stop_loss
SP500/USD,london,1.5,2026-08-14 06:30:00+00:00,short,-29.996452937719063,-1.7815592723267162,stop_loss
SP500/USD,london,1.5,2026-08-15 18:55:00+00:00,long,-10.007540790529564,-0.6163318117526408,time_exit
SP500/USD,london,1.5,2026-08-16 07:40:00+00:00,short,-21.09737041567847,-1.3155343781995836,time_exit
SP500/USD,london,1.5,2026-08-17 00:05:00+00:00,short,-1.961346295103029,-0.12560523780725444,take_profit
SP500/USD,london,1.5,2026-08-19 12:30:00+00:00,long,11.473644086136066,0.7366262828442168,take_profit
SP500/USD,london,1.5,2026-08-21 16:15:00+00:00,short,-6.84996831652561,-0.4333939236561954,time_exit
SP500/USD,london,1.5,2026-08-22 17:15:00+00:00,short,-16.524290205982577,-1.0546245829085326,time_exit
SP500/USD,london,2.0,2026-07-09 00:15:00+00:00,short,-28.240754500570482,-1.412037725028524,stop_loss
SP500/USD,london,2.0,2026-07-15 15:05:00+00:00,long,-28.87332544262347,-1.4856213396654747,stop_loss
SP500/USD,london,2.0,2026-07-15 17:15:00+00:00,long,20.616482508695803,1.09326494701786,take_profit
SP500/USD,london,2.0,2026-07-16 00:15:00+00:00,short,18.516269483241484,0.9608834100433231,take_profit
SP500/USD,london,2.0,2026-07-16 08:45:00+00:00,long,-29.934558477026403,-1.5241338748974713,stop_loss
SP500/USD,london,2.0,2026-07-16 15:40:00+00:00,short,21.704781086762104,1.1398562783143824,take_profit
SP500/USD,london,2.0,2026-07-16 19:00:00+00:00,long,-27.02013594344649,-1.3873713333382602,stop_loss
SP500/USD,london,2.0,2026-07-17 14:25:00+00:00,short,21.69510040692403,1.1457444179066976,take_profit
SP500/USD,london,2.0,2026-07-18 00:10:00+00:00,long,-1.4402772155579875,-0.07435885201042988,time_exit
SP500/USD,london,2.0,2026-07-18 23:15:00+00:00,long,5.488303721366405,0.2837730032677547,take_profit
SP500/USD,london,2.0,2026-07-19 13:05:00+00:00,long,20.3101530712889,1.0442110462320222,take_profit
SP500/USD,london,2.0,2026-07-20 15:00:00+00:00,long,21.98418888761001,1.1071565714041276,take_profit
SP500/USD,london,2.0,2026-07-21 12:00:00+00:00,long,24.63377057978586,1.2137179448715076,take_profit
SP500/USD,london,2.0,2026-07-22 11:10:00+00:00,short,-38.80406289805599,-1.866585034562146,stop_loss
SP500/USD,london,2.0,2026-07-24 00:35:00+00:00,long,-37.89845164465847,-1.8937182999775652,stop_loss
SP500/USD,london,2.0,2026-07-24 07:25:00+00:00,long,-28.05543792096996,-1.4570658356091812,stop_loss
SP500/USD,london,2.0,2026-07-24 14:45:00+00:00,long,23.899108081530606,1.2784619214313375,take_profit
SP500/USD,london,2.0,2026-07-24 18:10:00+00:00,short,17.51853800181312,0.9137743806381583,take_profit
SP500/USD,london,2.0,2026-07-25 14:05:00+00:00,short,-37.9095295026134,-1.9418882016674406,stop_loss
SP500/USD,london,2.0,2026-07-28 14:00:00+00:00,long,23.315848191784124,1.2425971369724675,take_profit
SP500/USD,london,2.0,2026-07-30 14:05:00+00:00,short,-31.097533792556888,-1.6171263337805424,stop_loss
SP500/USD,london,2.0,2026-07-31 14:55:00+00:00,long,4.14514032950069,0.2227591661825658,time_exit
SP500/USD,london,2.0,2026-08-05 14:45:00+00:00,long,-26.88129486659811,-1.438189012233341,stop_loss
SP500/USD,london,2.0,2026-08-06 14:20:00+00:00,short,7.953550977599235,0.43812898022482516,take_profit
SP500/USD,london,2.0,2026-08-07 07:05:00+00:00,long,10.506227113661726,0.5737183396655614,take_profit
SP500/USD,london,2.0,2026-08-08 02:35:00+00:00,short,-34.475100290195016,-1.861240976388626,stop_loss
SP500/USD,london,2.0,2026-08-08 05:50:00+00:00,short,-19.828230714376257,-1.1118754585878714,time_exit
SP500/USD,london,2.0,2026-08-10 07:00:00+00:00,short,0.6578147648102011,0.0377261446298358,time_exit
SP500/USD,london,2.0,2026-08-10 23:35:00+00:00,long,9.26885497928546,0.5311746420685365,take_profit
SP500/USD,london,2.0,2026-08-11 06:00:00+00:00,long,-29.764746995749384,-1.6878119306132044,stop_loss
SP500/USD,london,2.0,2026-08-14 06:30:00+00:00,short,-30.35743834468404,-1.7815592723267162,stop_loss
SP500/USD,london,2.0,2026-08-15 18:55:00+00:00,long,-10.127974236193575,-0.6163318117526407,time_exit
SP500/USD,london,2.0,2026-08-16 07:40:00+00:00,short,-21.351261862817474,-1.3155343781995839,time_exit
SP500/USD,london,2.0,2026-08-17 00:05:00+00:00,short,-26.332090836766543,-1.6662631747952001,stop_loss
SP500/USD,london,2.0,2026-08-19 12:30:00+00:00,long,18.885898645916612,1.2362762828442169,take_profit
SP500/USD,london,2.0,2026-08-21 16:15:00+00:00,short,-6.784416310063228,-0.4333939236561954,time_exit
SP500/USD,london,2.0,2026-08-22 17:15:00+00:00,short,-16.36615803247228,-1.0546245829085326,time_exit
SP500/USD,london,2.3,2026-07-09 00:15:00+00:00,short,-28.240754500570482,-1.412037725028524,stop_loss
SP500/USD,london,2.3,2026-07-15 15:05:00+00:00,long,-28.87332544262347,-1.4856213396654747,stop_loss
SP500/USD,london,2.3,2026-07-15 17:15:00+00:00,long,26.269837908173734,1.3930549470179305,take_profit
SP500/USD,london,2.3,2026-07-16 00:15:00+00:00,short,24.44391879350243,1.261093410043265,take_profit
SP500/USD,london,2.3,2026-07-16 08:45:00+00:00,long,-30.287578508695614,-1.5241338748974713,stop_loss
SP500/USD,london,2.3,2026-07-16 15:40:00+00:00,short,27.744665363636777,1.440066278314434,take_profit
SP500/USD,london,2.3,2026-07-16 19:00:00+00:00,long,-27.499274870965124,-1.3873713333382602,stop_loss
SP500/USD,london,2.3,2026-07-17 14:25:00+00:00,short,27.865204155084605,1.4459544179066868,take_profit
SP500/USD,london,2.3,2026-07-18 00:10:00+00:00,long,-1.474421066019005,-0.07435885201042985,time_exit
SP500/USD,london,2.3,2026-07-18 23:15:00+00:00,long,2.1600959120426175,0.10910145375809278,time_exit
SP500/USD,london,2.3,2026-07-19 13:05:00+00:00,long,26.667893684456548,1.3440010462319516,take_profit
SP500/USD,london,2.3,2026-07-20 15:00:00+00:00,long,-38.52489043008934,-1.8907434285958349,stop_loss
SP500/USD,london,2.3,2026-07-21 12:00:00+00:00,long,29.6723647595322,1.5135079448715583,take_profit
SP500/USD,london,2.3,2026-07-22 11:10:00+00:00,short,-37.702170624279624,-1.866585034562146,stop_loss
SP500/USD,london,2.3,2026-07-24 00:35:00+00:00,long,-36.82227539051091,-1.8937182999775655,stop_loss
SP500/USD,london,2.3,2026-07-24 07:25:00+00:00,long,-27.258766954742924,-1.4570658356091815,stop_loss
SP500/USD,london,2.3,2026-07-24 14:45:00+00:00,long,28.66549050039385,1.5782519214313138,take_profit
SP500/USD,london,2.3,2026-07-24 18:10:00+00:00,short,22.639613636983977,1.2083405377339334,take_profit
SP500/USD,london,2.3,2026-07-25 14:05:00+00:00,short,-37.26272286135363,-1.941888201667441,stop_loss
SP500/USD,london,2.3,2026-07-28 14:00:00+00:00,long,28.447260983283748,1.542387136972495,take_profit
SP500/USD,london,2.3,2026-07-30 14:05:00+00:00,short,-30.745781471680722,-1.6171263337805426,stop_loss
SP500/USD,london,2.3,2026-07-31 14:55:00+00:00,long,4.0982535653931045,0.2227591661825658,time_exit
SP500/USD,london,2.3,2026-08-05 14:45:00+00:00,long,-26.577233524610097,-1.4381890122333412,stop_loss
SP500/USD,london,2.3,2026-08-06 14:20:00+00:00,short,11.869951251090333,0.6613483272586217,take_profit
SP500/USD,london,2.3,2026-08-07 07:05:00+00:00,long,14.862580146380271,0.8172760906154298,take_profit
SP500/USD,london,2.3,2026-08-08 02:35:00+00:00,short,-34.40086784965757,-1.8612409763886257,stop_loss
SP500/USD,london,2.3,2026-08-08 05:50:00+00:00,short,-19.785536191515476,-1.1118754585878716,time_exit
SP500/USD,london,2.3,2026-08-10 07:00:00+00:00,short,0.6563983455684177,0.03772614462983577,time_exit
SP500/USD,london,2.3,2026-08-10 23:35:00+00:00,long,13.378646647816518,0.7683508383787416,take_profit
SP500/USD,london,2.3,2026-08-14 06:30:00+00:00,short,-31.49748962049235,-1.7815592723267162,stop_loss
SP500/USD,london,2.3,2026-08-15 18:55:00+00:00,long,-10.508322861733912,-0.6163318117526406,time_exit
SP500/USD,london,2.3,2026-08-16 07:40:00+00:00,short,-22.153092802913406,-1.3155343781995836,time_exit
SP500/USD,london,2.3,2026-08-17 00:05:00+00:00,short,-27.320973146673726,-1.6662631747952001,stop_loss
SP500/USD,london,2.3,2026-08-19 12:30:00+00:00,long,24.346856340210053,1.536066282844191,take_profit
SP500/USD,london,2.3,2026-08-21 16:15:00+00:00,short,-7.080387335322862,-0.4333939236561954,time_exit
SP500/USD,london,2.3,2026-08-22 17:15:00+00:00,short,-17.080133760236386,-1.0546245829085328,time_exit
SP500/USD,newyork,1.0,2026-07-09 00:15:00+00:00,short,-8.192728570466315,-0.4096364285233157,time_exit
SP500/USD,newyork,1.0,2026-07-11 22:50:00+00:00,long,-39.83026888183777,-2.0079641493467135,stop_loss
SP500/USD,newyork,1.0,2026-07-14 11:10:00+00:00,long,0.24080700342144112,0.012647732181396695,take_profit
SP500/USD,newyork,1.0,2026-07-14 13:05:00+00:00,long,3.5928424484127515,0.18865654540248752,time_exit
SP500/USD,newyork,1.0,2026-07-16 19:00:00+00:00,long,-33.51443395647853,-1.753194206737874,stop_loss
SP500/USD,newyork,1.0,2026-07-18 10:55:00+00:00,long,-6.5152361918576664,-0.35320735705074446,take_profit
SP500/USD,newyork,1.0,2026-07-18 14:40:00+00:00,long,-34.19053777494753,-1.8667420732975641,stop_loss
SP500/USD,newyork,1.0,2026-07-18 23:15:00+00:00,long,-6.75498398312403,-0.38311349836613084,take_profit
SP500/USD,newyork,1.0,2026-07-19 02:00:00+00:00,long,-3.7056527111431325,-0.21179140993831475,take_profit
SP500/USD,newyork,1.0,2026-07-19 04:45:00+00:00,long,-12.64252905160793,-0.7256397923980314,take_profit
SP500/USD,newyork,1.0,2026-07-19 13:05:00+00:00,long,0.7711112369327822,0.044911046231953355,take_profit
SP500/USD,newyork,1.0,2026-07-20 23:00:00+00:00,long,-2.7764221990530125,-0.16155921389671463,take_profit
SP500/USD,newyork,1.0,2026-07-21 00:25:00+00:00,long,4.98424426281874,0.29097193243507746,take_profit
SP500/USD,newyork,1.0,2026-07-26 02:00:00+00:00,short,-27.51492536998706,-1.5969822726936251,stop_loss
SP500/USD,newyork,1.0,2026-07-26 21:55:00+00:00,long,3.613254564056854,0.2166346298388982,take_profit
SP500/USD,newyork,1.0,2026-07-29 09:15:00+00:00,short,3.7613177227859076,0.22453897815924656,take_profit
SP500/USD,newyork,1.0,2026-08-09 08:00:00+00:00,short,-4.193715090337593,-0.24923250888637108,take_profit
SP500/USD,newyork,1.0,2026-08-09 12:25:00+00:00,short,-30.34360281923076,-1.8123544207670288,stop_loss
SP500/USD,newyork,1.0,2026-08-09 15:10:00+00:00,short,-27.993435752314575,-1.7348682053766695,stop_loss
SP500/USD,newyork,1.0,2026-08-10 15:10:00+00:00,long,-29.410139505046203,-1.8881820982522515,stop_loss
SP500/USD,newyork,1.0,2026-08-10 23:35:00+00:00,long,-3.8879992289231575,-0.25941267896577375,take_profit
SP500/USD,newyork,1.0,2026-08-14 17:30:00+00:00,long,-3.8935748471490195,-0.26113955012090373,take_profit
SP500/USD,newyork,1.0,2026-08-15 06:30:00+00:00,long,-12.047789992539887,-0.8122798610279152,time_exit
SP500/USD,newyork,1.0,2026-08-15 18:55:00+00:00,long,-1.7012049746245896,-0.11659186575802605,take_profit
SP500/USD,newyork,1.0,2026-08-16 07:40:00+00:00,short,-19.15034961412056,-1.3155343781995836,time_exit
SP500/USD,newyork,1.0,2026-08-17 02:40:00+00:00,long,0.10388453845789591,0.007329190438389436,take_profit
SP500/USD,newyork,1.0,2026-08-17 11:10:00+00:00,short,-6.833943291576231,-0.4820729982103737,take_profit
SP500/USD,newyork,1.5,2026-07-09 00:15:00+00:00,short,-8.192728570466315,-0.4096364285233157,time_exit
SP500/USD,newyork,1.5,2026-07-11 22:50:00+00:00,long,-39.83026888183777,-2.0079641493467135,stop_loss
SP500/USD,newyork,1.5,2026-07-14 11:10:00+00:00,long,9.753913189881247,0.5122977321814325,take_profit
SP500/USD,newyork,1.5,2026-07-14 13:05:00+00:00,long,3.6287366433964436,0.18865654540248758,time_exit
SP500/USD,newyork,1.5,2026-07-16 19:00:00+00:00,long,-33.849258999456225,-1.7531942067378745,stop_loss
SP500/USD,newyork,1.5,2026-07-18 10:55:00+00:00,long,-32.54311003979056,-1.746792642949177,stop_loss
SP500/USD,newyork,1.5,2026-07-18 23:15:00+00:00,long,-0.8930385500440927,-0.049670247549188036,take_profit
SP500/USD,newyork,1.5,2026-07-19 04:45:00+00:00,long,-10.12057268614841,-0.5634596885971259,take_profit
SP500/USD,newyork,1.5,2026-07-19 13:05:00+00:00,long,9.670899613747245,0.5445610462320295,take_profit
SP500/USD,newyork,1.5,2026-07-20 23:00:00+00:00,long,5.0744723976129755,0.28266117915497196,take_profit
SP500/USD,newyork,1.5,2026-07-26 02:00:00+00:00,short,-28.83188742064322,-1.5969822726936251,stop_loss
SP500/USD,newyork,1.5,2026-07-26 21:55:00+00:00,long,12.518752257250538,0.7162846298388778,take_profit
SP500/USD,newyork,1.5,2026-07-29 09:15:00+00:00,short,12.850627515920788,0.7248889781592245,take_profit
SP500/USD,newyork,1.5,2026-08-09 08:00:00+00:00,short,2.718414290931962,0.15115123667044184,take_profit
SP500/USD,newyork,1.5,2026-08-09 12:25:00+00:00,short,-32.693240846864725,-1.8123544207670286,stop_loss
SP500/USD,newyork,1.5,2026-08-09 15:10:00+00:00,short,-30.161090053605427,-1.7348682053766695,stop_loss
SP500/USD,newyork,1.5,2026-08-10 15:10:00+00:00,long,-31.68749538103604,-1.8881820982522521,stop_loss
SP500/USD,newyork,1.5,2026-08-10 23:35:00+00:00,long,2.1942417574330726,0.13588098155138142,take_profit
SP500/USD,newyork,1.5,2026-08-14 17:30:00+00:00,long,-16.533692300580043,-1.0210932477950514,time_exit
SP500/USD,newyork,1.5,2026-08-15 06:30:00+00:00,long,-12.883955472987793,-0.8122798610279152,time_exit
SP500/USD,newyork,1.5,2026-08-15 18:55:00+00:00,long,-9.61711485381814,-0.6163318117526407,time_exit
SP500/USD,newyork,1.5,2026-08-16 07:40:00+00:00,short,-20.27429501892525,-1.3155343781995836,time_exit
SP500/USD,newyork,1.5,2026-08-17 02:40:00+00:00,long,-29.88094240717344,-1.9912708095616303,stop_loss
SP500/USD,newyork,2.0,2026-07-09 00:15:00+00:00,short,-8.192728570466315,-0.4096364285233157,time_exit
SP500/USD,newyork,2.0,2026-07-11 22:50:00+00:00,long,-39.83026888183777,-2.0079641493467135,stop_loss
SP500/USD,newyork,2.0,2026-07-14 11:10:00+00:00,long,19.267019376339427,1.0119477321813828,take_profit
SP500/USD,newyork,2.0,2026-07-14 13:05:00+00:00,long,3.6646308383801274,0.18865654540248755,time_exit
SP500/USD,newyork,2.0,2026-07-16 19:00:00+00:00,long,-34.18408404243385,-1.7531942067378739,stop_loss
SP500/USD,newyork,2.0,2026-07-18 10:55:00+00:00,long,-32.865015113632026,-1.746792642949177,stop_loss
SP500/USD,newyork,2.0,2026-07-18 23:15:00+00:00,long,5.152520641443939,0.2837730032677546,take_profit
SP500/USD,newyork,2.0,2026-07-19 04:45:00+00:00,long,-7.327462121360133,-0.40127958479612846,take_profit
SP500/USD,newyork,2.0,2026-07-19 13:05:00+00:00,long,18.914517527695732,1.0442110462320224,take_profit
SP500/USD,newyork,2.0,2026-07-20 23:00:00+00:00,long,13.441481380476331,0.7268815722065666,take_profit
SP500/USD,newyork,2.0,2026-07-26 02:00:00+00:00,short,-29.960684537779223,-1.596982272693625,stop_loss
SP500/USD,newyork,2.0,2026-07-26 21:55:00+00:00,long,22.08331658578154,1.2159346298389253,take_profit
SP500/USD,newyork,2.0,2026-07-29 09:15:00+00:00,short,22.793445229515687,1.2252389781592026,take_profit
SP500/USD,newyork,2.0,2026-08-09 08:00:00+00:00,short,-35.27402518334752,-1.8507674911136232,stop_loss
SP500/USD,newyork,2.0,2026-08-10 15:10:00+00:00,long,-34.65503952792413,-1.8881820982522515,stop_loss
SP500/USD,newyork,2.0,2026-08-10 23:35:00+00:00,long,9.380837638056256,0.5311746420685365,take_profit
SP500/USD,newyork,2.0,2026-08-14 17:30:00+00:00,long,-18.224645080924418,-1.0210932477950512,time_exit
SP500/USD,newyork,2.0,2026-08-15 06:30:00+00:00,long,-14.201638174033189,-0.812279861027915,time_exit
SP500/USD,newyork,2.0,2026-08-15 18:55:00+00:00,long,-10.600687476636605,-0.6163318117526408,time_exit
SP500/USD,newyork,2.0,2026-08-16 07:40:00+00:00,short,-22.3478110193755,-1.3155343781995836,time_exit
SP500/USD,newyork,2.0,2026-08-17 02:40:00+00:00,long,-32.93696048977362,-1.9912708095616303,stop_loss
SP500/USD,newyork,2.3,2026-07-09 00:15:00+00:00,short,-8.192728570466315,-0.4096364285233157,time_exit
SP500/USD,newyork,2.3,2026-07-11 22:50:00+00:00,long,-39.83026888183777,-2.0079641493467135,stop_loss
SP500/USD,newyork,2.3,2026-07-14 11:10:00+00:00,long,24.97488308821596,1.3117377321814385,take_profit
SP500/USD,newyork,2.3,2026-07-14 13:05:00+00:00,long,3.686167355370344,0.18865654540248752,time_exit
SP500/USD,newyork,2.3,2026-07-16 19:00:00+00:00,long,-34.38497906822049,-1.7531942067378743,stop_loss
SP500/USD,newyork,2.3,2026-07-18 10:55:00+00:00,long,-33.05815815793696,-1.746792642949177,stop_loss
SP500/USD,newyork,2.3,2026-07-18 23:15:00+00:00,long,1.992617857489483,0.10910145375809274,time_exit
SP500/USD,newyork,2.3,2026-07-19 13:05:00+00:00,long,24.60026005374466,1.3440010462319516,take_profit
SP500/USD,newyork,2.3,2026-07-20 23:00:00+00:00,long,18.671963417265662,0.9934138080375969,take_profit
SP500/USD,newyork,2.3,2026-07-26 02:00:00+00:00,short,-30.612864823375126,-1.596982272693625,stop_loss
SP500/USD,newyork,2.3,2026-07-26 21:55:00+00:00,long,28.12720774667019,1.5157246298389129,take_profit
SP500/USD,newyork,2.3,2026-07-29 09:15:00+00:00,short,29.165794280349214,1.5254489781591896,take_profit
SP500/USD,newyork,2.3,2026-08-09 08:00:00+00:00,short,-36.465297811289915,-1.8507674911136227,stop_loss
SP500/USD,newyork,2.3,2026-08-10 15:10:00+00:00,long,-35.82540780303008,-1.888182098252252,stop_loss
SP500/USD,newyork,2.3,2026-08-10 23:35:00+00:00,long,14.027768788757953,0.7683508383787414,take_profit
SP500/USD,newyork,2.3,2026-08-14 17:30:00+00:00,long,-18.928556056223613,-1.0210932477950512,time_exit
SP500/USD,newyork,2.3,2026-08-15 06:30:00+00:00,long,-14.750164026445729,-0.8122798610279152,time_exit
SP500/USD,newyork,2.3,2026-08-15 18:55:00+00:00,long,-11.010129758085016,-0.6163318117526408,time_exit
SP500/USD,newyork,2.3,2026-08-16 07:40:00+00:00,short,-23.21097567254705,-1.3155343781995836,time_exit
SP500/USD,newyork,2.3,2026-08-17 02:40:00+00:00,long,-34.20912177899483,-1.9912708095616305,stop_loss
SP500/USD,prevday,1.0,2026-07-09 00:15:00+00:00,short,-8.1460043122674,-0.40730021561337004,time_exit
SP500/USD,prevday,1.0,2026-07-12 03:45:00+00:00,long,-3.763652070174457,-0.18972812967118274,take_profit
SP500/USD,prevday,1.0,2026-07-12 19:50:00+00:00,long,-34.71617705549854,-1.756730914320902,stop_loss
SP500/USD,prevday,1.0,2026-07-15 14:10:00+00:00,short,-0.005398187420730949,-0.0002831095917040225,take_profit
SP500/USD,prevday,1.0,2026-07-15 15:10:00+00:00,short,5.251532496523399,0.27541978879151513,take_profit
SP500/USD,prevday,1.0,2026-07-16 19:00:00+00:00,long,-33.6129511589728,-1.7531942067378745,stop_loss
SP500/USD,prevday,1.0,2026-07-18 22:50:00+00:00,long,3.220411828433992,0.17407493191464934,take_profit
SP500/USD,prevday,1.0,2026-07-21 16:35:00+00:00,short,-6.770344271069827,-0.3646919727887025,take_profit
SP500/USD,prevday,1.0,2026-07-26 02:00:00+00:00,short,-29.43102320843059,-1.5969822726936247,stop_loss
SP500/USD,prevday,1.0,2026-07-29 00:30:00+00:00,short,0.8240239379303329,0.04618831591847884,take_profit
SP500/USD,prevday,1.0,2026-07-30 20:30:00+00:00,short,4.202585057032859,0.23534653578654177,take_profit
SP500/USD,prevday,1.0,2026-08-09 08:00:00+00:00,short,-4.471495411114439,-0.2492325088863712,take_profit
SP500/USD,prevday,1.0,2026-08-09 14:25:00+00:00,short,-34.59458536874702,-1.9378950310108356,stop_loss
SP500/USD,prevday,1.0,2026-08-15 06:30:00+00:00,long,-13.938509959806005,-0.812279861027915,time_exit
SP500/USD,prevday,1.0,2026-08-15 18:55:00+00:00,long,-1.9681835836414194,-0.11659186575802613,take_profit
SP500/USD,prevday,1.0,2026-08-15 21:25:00+00:00,long,-3.261061875672789,-0.19363130521305963,take_profit
SP500/USD,prevday,1.0,2026-08-16 07:40:00+00:00,short,-22.069909021865076,-1.3155343781995836,time_exit
SP500/USD,prevday,1.0,2026-08-17 10:05:00+00:00,short,2.6379606405750486,0.16149146235938164,take_profit
SP500/USD,prevday,1.5,2026-07-09 00:15:00+00:00,short,-8.1460043122674,-0.40730021561337004,time_exit
SP500/USD,prevday,1.5,2026-07-12 03:45:00+00:00,long,-2.342774383178755,-0.11810076852865427,time_exit
SP500/USD,prevday,1.5,2026-07-12 19:50:00+00:00,long,-34.766099050662824,-1.756730914320902,stop_loss
SP500/USD,prevday,1.5,2026-07-15 14:10:00+00:00,short,9.548728488359872,0.500066890408298,take_profit
SP500/USD,prevday,1.5,2026-07-15 15:10:00+00:00,short,14.961400738465459,0.7757697887915151,take_profit
SP500/USD,prevday,1.5,2026-07-16 19:00:00+00:00,long,-34.33649267627265,-1.7531942067378745,stop_loss
SP500/USD,prevday,1.5,2026-07-18 22:50:00+00:00,long,-0.32301277827483865,-0.017092092588125236,time_exit
SP500/USD,prevday,1.5,2026-07-21 16:35:00+00:00,short,-0.4163392499088836,-0.022037959183088963,take_profit
SP500/USD,prevday,1.5,2026-07-26 02:00:00+00:00,short,-30.15675549728141,-1.5969822726936251,stop_loss
SP500/USD,prevday,1.5,2026-07-29 00:30:00+00:00,short,9.990968010826421,0.5465383159184406,take_profit
SP500/USD,prevday,1.5,2026-07-30 20:30:00+00:00,short,13.59587237462177,0.7356965357865357,take_profit
SP500/USD,prevday,1.5,2026-08-09 08:00:00+00:00,short,2.83441668358045,0.1511512366704419,take_profit
SP500/USD,prevday,1.5,2026-08-09 14:25:00+00:00,short,-36.449631538640276,-1.9378950310108365,stop_loss
SP500/USD,prevday,1.5,2026-08-15 06:30:00+00:00,long,-14.685926910734867,-0.8122798610279152,time_exit
SP500/USD,prevday,1.5,2026-08-15 18:55:00+00:00,long,-10.962180529995507,-0.6163318117526407,time_exit
SP500/USD,prevday,1.5,2026-08-16 07:40:00+00:00,short,-23.109891635287113,-1.3155343781995839,time_exit
SP500/USD,prevday,1.5,2026-08-17 10:05:00+00:00,short,11.320616574356013,0.6618414623593423,take_profit
SP500/USD,prevday,2.0,2026-07-09 00:15:00+00:00,short,-8.1460043122674,-0.40730021561337004,time_exit
SP500/USD,prevday,2.0,2026-07-12 03:45:00+00:00,long,-2.342774383178755,-0.11810076852865427,time_exit
SP500/USD,prevday,2.0,2026-07-12 19:50:00+00:00,long,-34.766099050662824,-1.756730914320902,stop_loss
SP500/USD,prevday,2.0,2026-07-15 14:10:00+00:00,short,19.102862926754597,1.0004168904083,take_profit
SP500/USD,prevday,2.0,2026-07-15 15:10:00+00:00,short,24.854933703275364,1.2761197887915152,take_profit
SP500/USD,prevday,2.0,2026-07-16 19:00:00+00:00,long,-35.01840343278991,-1.753194206737874,stop_loss
SP500/USD,prevday,2.0,2026-07-18 22:50:00+00:00,long,-0.3294276992766676,-0.01709209258812528,time_exit
SP500/USD,prevday,2.0,2026-07-21 16:35:00+00:00,short,6.177342144859043,0.3206160544226156,take_profit
SP500/USD,prevday,2.0,2026-07-26 02:00:00+00:00,short,-30.96652206693252,-1.5969822726936247,stop_loss
SP500/USD,prevday,2.0,2026-07-29 00:30:00+00:00,short,19.651473652528473,1.0468883159184852,take_profit
SP500/USD,prevday,2.0,2026-07-30 20:30:00+00:00,short,-33.84526252072717,-1.7660534642134345,stop_loss
SP500/USD,prevday,2.0,2026-08-09 08:00:00+00:00,short,-34.21595734931822,-1.8507674911136227,stop_loss
SP500/USD,prevday,2.0,2026-08-15 06:30:00+00:00,long,-14.461118464951042,-0.812279861027915,time_exit
SP500/USD,prevday,2.0,2026-08-15 18:55:00+00:00,long,-10.794374249715807,-0.6163318117526408,time_exit
SP500/USD,prevday,2.0,2026-08-16 07:40:00+00:00,short,-22.75613127325209,-1.3155343781995839,time_exit
SP500/USD,prevday,2.0,2026-08-17 10:05:00+00:00,short,19.57466383399191,1.1621914623593728,take_profit
SP500/USD,prevday,2.3,2026-07-09 00:15:00+00:00,short,-8.1460043122674,-0.40730021561337004,time_exit
SP500/USD,prevday,2.3,2026-07-12 03:45:00+00:00,long,-2.342774383178755,-0.11810076852865427,time_exit
SP500/USD,prevday,2.3,2026-07-12 19:50:00+00:00,long,-34.766099050662824,-1.756730914320902,stop_loss
SP500/USD,prevday,2.3,2026-07-15 14:10:00+00:00,short,24.835343589791762,1.3006268904083185,take_profit
SP500/USD,prevday,2.3,2026-07-16 19:00:00+00:00,long,-34.34789595501465,-1.753194206737874,stop_loss
SP500/USD,prevday,2.3,2026-07-18 22:50:00+00:00,long,-0.32312005203697325,-0.017092092588125225,time_exit
SP500/USD,prevday,2.3,2026-07-21 16:35:00+00:00,short,1.31540245565993,0.06960468306711055,time_exit
SP500/USD,prevday,2.3,2026-07-26 02:00:00+00:00,short,-30.222086301858653,-1.596982272693625,stop_loss
SP500/USD,prevday,2.3,2026-07-29 00:30:00+00:00,short,24.678915668847296,1.3470983159184622,take_profit
SP500/USD,prevday,2.3,2026-07-30 20:30:00+00:00,short,-33.2258828523298,-1.7660534642134347,stop_loss
SP500/USD,prevday,2.3,2026-08-09 08:00:00+00:00,short,-33.58979384108894,-1.8507674911136227,stop_loss
SP500/USD,prevday,2.3,2026-08-15 06:30:00+00:00,long,-14.196475141413778,-0.8122798610279152,time_exit
SP500/USD,prevday,2.3,2026-08-15 18:55:00+00:00,long,-10.596833576504846,-0.6163318117526407,time_exit
SP500/USD,prevday,2.3,2026-08-16 07:40:00+00:00,short,-22.339686430095615,-1.3155343781995836,time_exit
SP500/USD,prevday,2.3,2026-08-17 10:05:00+00:00,short,24.180311250767765,1.4624014623593773,take_profit
NASDAQ100/USD,asia,1.0,2026-07-09 00:15:00+00:00,short,-25.39832471458265,-1.2699162357291325,stop_loss
NASDAQ100/USD,asia,1.0,2026-07-09 00:45:00+00:00,long,1.5010372856867884,0.07700773165853636,time_exit
NASDAQ100/USD,asia,1.0,2026-07-10 08:05:00+00:00,long,-34.110016108951726,-1.7472554716656923,stop_loss
NASDAQ100/USD,asia,1.0,2026-07-10 09:05:00+00:00,long,7.480799913565924,0.3970731377038065,take_profit
NASDAQ100/USD,asia,1.0,2026-07-10 12:35:00+00:00,long,11.349947116286119,0.5976968898874248,take_profit
NASDAQ100/USD,asia,1.0,2026-07-14 11:00:00+00:00,short,-26.45873943660429,-1.3768783232662904,stop_loss
NASDAQ100/USD,asia,1.0,2026-07-18 17:50:00+00:00,long,-34.410932837789986,-1.841408000989178,stop_loss
NASDAQ100/USD,asia,1.0,2026-07-18 19:00:00+00:00,long,-30.32258464888427,-1.684674569887003,stop_loss
NASDAQ100/USD,asia,1.0,2026-07-19 09:10:00+00:00,short,-5.16768278325356,-0.29711921922001844,take_profit
NASDAQ100/USD,asia,1.0,2026-07-20 20:45:00+00:00,long,-33.76314008789674,-1.9528377970873536,stop_loss
NASDAQ100/USD,asia,1.0,2026-07-20 23:15:00+00:00,long,9.759518072985234,0.5874270976326598,take_profit
NASDAQ100/USD,asia,1.0,2026-07-22 12:10:00+00:00,long,-32.805743738743026,-1.9516543531877197,stop_loss
NASDAQ100/USD,asia,1.0,2026-07-22 13:00:00+00:00,long,0.5718520651523082,0.035402038956047543,take_profit
NASDAQ100/USD,asia,1.0,2026-07-22 16:20:00+00:00,short,-0.5024446770074658,-0.031083179900412698,take_profit
NASDAQ100/USD,asia,1.0,2026-07-22 23:10:00+00:00,long,3.415433826659891,0.21142344097967902,take_profit
NASDAQ100/USD,asia,1.0,2026-07-23 04:10:00+00:00,long,-21.59748427895956,-1.3313060296411279,stop_loss
NASDAQ100/USD,asia,1.0,2026-07-28 23:10:00+00:00,long,10.58354882357741,0.6702338566772148,take_profit
NASDAQ100/USD,asia,1.0,2026-08-06 15:00:00+00:00,short,8.615889334255458,0.5384089275240471,take_profit
NASDAQ100/USD,asia,1.0,2026-08-06 23:05:00+00:00,short,-28.216679338072474,-1.7444819584576396,stop_loss
NASDAQ100/USD,asia,1.0,2026-08-07 00:05:00+00:00,short,2.1729791926168396,0.13919997886501634,take_profit
NASDAQ100/USD,asia,1.0,2026-08-07 07:00:00+00:00,short,-24.055290630761185,-1.5366919427562757,stop_loss
NASDAQ100/USD,asia,1.0,2026-08-07 09:15:00+00:00,short,-1.9515934755598234,-0.12862414840368194,take_profit
NASDAQ100/USD,asia,1.0,2026-08-07 10:45:00+00:00,short,-25.778497536086675,-1.7033716350721384,stop_loss
NASDAQ100/USD,asia,1.0,2026-08-07 11:45:00+00:00,short,-7.62754492607883,-0.5217828190991675,take_profit
NASDAQ100/USD,asia,1.0,2026-08-08 17:20:00+00:00,short,-25.021948576788763,-1.7297450224608568,stop_loss
NASDAQ100/USD,asia,1.0,2026-08-10 13:15:00+00:00,long,-19.19881985844897,-1.3747568978215015,stop_loss
NASDAQ100/USD,asia,1.0,2026-08-11 11:10:00+00:00,short,-4.0090926937504126,-0.2951927521906087,take_profit
NASDAQ100/USD,asia,1.0,2026-08-11 12:00:00+00:00,short,3.530287558673681,0.26148169109500247,take_profit
NASDAQ100/USD,asia,1.0,2026-08-15 15:55:00+00:00,short,-23.098976442339968,-1.701996473279349,stop_loss
NASDAQ100/USD,asia,1.0,2026-08-16 17:30:00+00:00,short,-21.964020952582167,-1.6754003224454395,stop_loss
NASDAQ100/USD,asia,1.0,2026-08-17 13:25:00+00:00,long,-19.590981095711832,-1.546196444381656,stop_loss
NASDAQ100/USD,asia,1.0,2026-08-19 08:50:00+00:00,short,-1.0038794706031915,-0.08175836309626323,take_profit
NASDAQ100/USD,asia,1.0,2026-08-19 13:00:00+00:00,short,5.707281060015799,0.46557601680732,take_profit
NASDAQ100/USD,asia,1.0,2026-08-19 15:20:00+00:00,short,-0.4176125635367587,-0.03375278906983355,take_profit
NASDAQ100/USD,asia,1.0,2026-08-19 16:20:00+00:00,short,2.316700264708526,0.18736964333367118,take_profit
NASDAQ100/USD,asia,1.0,2026-08-22 06:30:00+00:00,long,-6.526515678437603,-0.5258796160654549,time_exit
NASDAQ100/USD,asia,1.5,2026-07-09 00:15:00+00:00,short,-25.39832471458265,-1.2699162357291325,stop_loss
NASDAQ100/USD,asia,1.5,2026-07-09 00:45:00+00:00,long,1.5010372856867884,0.07700773165853636,time_exit
NASDAQ100/USD,asia,1.5,2026-07-10 08:05:00+00:00,long,-34.110016108951726,-1.7472554716656923,stop_loss
NASDAQ100/USD,asia,1.5,2026-07-10 09:05:00+00:00,long,16.894132929311727,0.8967231377037806,take_profit
NASDAQ100/USD,asia,1.5,2026-07-10 12:35:00+00:00,long,21.044629599734513,1.097346889887413,take_profit
NASDAQ100/USD,asia,1.5,2026-07-14 11:00:00+00:00,short,-26.984927683433828,-1.3768783232662904,stop_loss
NASDAQ100/USD,asia,1.5,2026-07-18 17:50:00+00:00,long,-35.09526734530005,-1.841408000989178,stop_loss
NASDAQ100/USD,asia,1.5,2026-07-18 19:00:00+00:00,long,-30.92561366672415,-1.6846745698870031,stop_loss
NASDAQ100/USD,asia,1.5,2026-07-19 09:10:00+00:00,short,1.4070396264432485,0.0793211711699892,take_profit
NASDAQ100/USD,asia,1.5,2026-07-20 20:45:00+00:00,long,-34.69539306536642,-1.9528377970873534,stop_loss
NASDAQ100/USD,asia,1.5,2026-07-20 23:15:00+00:00,long,18.55939110196224,1.0870770976326758,take_profit
NASDAQ100/USD,asia,1.5,2026-07-22 12:10:00+00:00,long,-34.04452925781328,-1.95165435318772,stop_loss
NASDAQ100/USD,asia,1.5,2026-07-22 13:00:00+00:00,long,8.969100429368225,0.5350520389561029,take_profit
NASDAQ100/USD,asia,1.5,2026-07-22 16:20:00+00:00,short,7.950517990216557,0.4692668200995603,take_profit
NASDAQ100/USD,asia,1.5,2026-07-22 23:10:00+00:00,long,12.160376616833283,0.711073440979614,take_profit
NASDAQ100/USD,asia,1.5,2026-07-23 04:10:00+00:00,long,-23.09102790738484,-1.331306029641128,stop_loss
NASDAQ100/USD,asia,1.5,2026-07-28 23:10:00+00:00,long,19.750941517317223,1.1698838566772323,take_profit
NASDAQ100/USD,asia,1.5,2026-08-06 15:00:00+00:00,short,17.94751194748474,1.038758927524054,take_profit
NASDAQ100/USD,asia,1.5,2026-08-06 23:05:00+00:00,short,-30.767064726673137,-1.7444819584576399,stop_loss
NASDAQ100/USD,asia,1.5,2026-08-07 00:05:00+00:00,short,10.886068174091516,0.6395499788649374,take_profit
NASDAQ100/USD,asia,1.5,2026-08-07 07:00:00+00:00,short,-26.49129618179177,-1.5366919427562757,stop_loss
NASDAQ100/USD,asia,1.5,2026-08-07 09:15:00+00:00,short,-32.94040067047732,-1.9713758515962416,stop_loss
NASDAQ100/USD,asia,1.5,2026-08-07 11:45:00+00:00,short,-4.135809925831503,-0.2576742286487482,take_profit
NASDAQ100/USD,asia,1.5,2026-08-08 17:20:00+00:00,short,-27.620259792522074,-1.7297450224608566,stop_loss
NASDAQ100/USD,asia,1.5,2026-08-10 13:15:00+00:00,long,-21.192449923428246,-1.3747568978215017,stop_loss
NASDAQ100/USD,asia,1.5,2026-08-11 11:10:00+00:00,short,1.2324698181468676,0.08221087171416734,take_profit
NASDAQ100/USD,asia,1.5,2026-08-11 12:00:00+00:00,short,11.439829778656533,0.7618316910949656,take_profit
NASDAQ100/USD,asia,1.5,2026-08-15 15:55:00+00:00,short,-25.946958900459578,-1.7019964732793487,stop_loss
NASDAQ100/USD,asia,1.5,2026-08-16 17:30:00+00:00,short,-24.67206936065219,-1.6754003224454392,stop_loss
NASDAQ100/USD,asia,1.5,2026-08-17 13:25:00+00:00,long,-22.006446154833217,-1.546196444381656,stop_loss
NASDAQ100/USD,asia,1.5,2026-08-19 08:50:00+00:00,short,5.549585705968983,0.4023624553555854,take_profit
NASDAQ100/USD,asia,1.5,2026-08-19 13:00:00+00:00,short,13.42974806925901,0.9659260168073586,take_profit
NASDAQ100/USD,asia,1.5,2026-08-19 15:20:00+00:00,short,-28.842369516339012,-2.0351527890698398,stop_loss
NASDAQ100/USD,asia,1.5,2026-08-19 16:20:00+00:00,short,9.349715745229224,0.6877196433337295,take_profit
NASDAQ100/USD,asia,1.5,2026-08-22 06:30:00+00:00,long,-7.247797727508199,-0.525879616065455,time_exit
NASDAQ100/USD,asia,2.0,2026-07-09 00:15:00+00:00,short,-25.39832471458265,-1.2699162357291325,stop_loss
NASDAQ100/USD,asia,2.0,2026-07-09 00:45:00+00:00,long,1.5010372856867884,0.07700773165853636,time_exit
NASDAQ100/USD,asia,2.0,2026-07-10 08:05:00+00:00,long,-34.110016108951726,-1.7472554716656923,stop_loss
NASDAQ100/USD,asia,2.0,2026-07-10 09:05:00+00:00,long,26.30746594505853,1.396373137703808,take_profit
NASDAQ100/USD,asia,2.0,2026-07-14 11:00:00+00:00,short,-26.664630080674353,-1.3768783232662907,stop_loss
NASDAQ100/USD,asia,2.0,2026-07-18 17:50:00+00:00,long,-34.67870406483577,-1.841408000989178,stop_loss
NASDAQ100/USD,asia,2.0,2026-07-18 19:00:00+00:00,long,-30.55854209115723,-1.684674569887003,stop_loss
NASDAQ100/USD,asia,2.0,2026-07-19 09:10:00+00:00,short,7.988573029071844,0.45576156155999714,take_profit
NASDAQ100/USD,asia,2.0,2026-07-20 20:45:00+00:00,long,-34.54128171784762,-1.9528377970873536,stop_loss
NASDAQ100/USD,asia,2.0,2026-07-20 23:15:00+00:00,long,26.969460131872495,1.586727097632692,take_profit
NASDAQ100/USD,asia,2.0,2026-07-22 12:10:00+00:00,long,-34.22479770198231,-1.9516543531877197,stop_loss
NASDAQ100/USD,asia,2.0,2026-07-22 13:00:00+00:00,long,17.436596784821567,1.0347020389560717,take_profit
NASDAQ100/USD,asia,2.0,2026-07-22 16:20:00+00:00,short,16.677929731959605,0.9696168200996252,take_profit
NASDAQ100/USD,asia,2.0,2026-07-22 23:10:00+00:00,long,21.228940230670716,1.2107234409796905,take_profit
NASDAQ100/USD,asia,2.0,2026-07-23 04:10:00+00:00,long,-23.908491157865623,-1.331306029641128,stop_loss
NASDAQ100/USD,asia,2.0,2026-07-28 23:10:00+00:00,long,29.184293777378603,1.669533856677219,take_profit
NASDAQ100/USD,asia,2.0,2026-08-06 15:00:00+00:00,short,5.944680826711739,0.3290864835701103,time_exit
NASDAQ100/USD,asia,2.0,2026-08-07 07:00:00+00:00,short,-27.941798373159504,-1.5366919427562757,stop_loss
NASDAQ100/USD,asia,2.0,2026-08-07 09:15:00+00:00,short,-34.74401658376356,-1.9713758515962418,stop_loss
NASDAQ100/USD,asia,2.0,2026-08-07 11:45:00+00:00,short,0.1089296755875484,0.006434361801670955,take_profit
NASDAQ100/USD,asia,2.0,2026-08-08 17:20:00+00:00,short,-29.2872575829528,-1.7297450224608568,stop_loss
NASDAQ100/USD,asia,2.0,2026-08-10 13:15:00+00:00,long,-22.471502599309787,-1.3747568978215012,stop_loss
NASDAQ100/USD,asia,2.0,2026-08-11 11:10:00+00:00,short,7.306202490080427,0.4596144956188515,take_profit
NASDAQ100/USD,asia,2.0,2026-08-11 12:00:00+00:00,short,20.24854339607962,1.2621816910949935,take_profit
NASDAQ100/USD,asia,2.0,2026-08-15 15:55:00+00:00,short,-27.993528803952273,-1.701996473279349,stop_loss
NASDAQ100/USD,asia,2.0,2026-08-16 17:30:00+00:00,short,-26.61808217872855,-1.675400322445439,stop_loss
NASDAQ100/USD,asia,2.0,2026-08-17 13:25:00+00:00,long,-23.742207580906026,-1.546196444381656,stop_loss
NASDAQ100/USD,asia,2.0,2026-08-19 08:50:00+00:00,short,13.191216345667998,0.8864832738074342,take_profit
NASDAQ100/USD,asia,2.0,2026-08-19 13:00:00+00:00,short,22.20559743878212,1.4662760168073499,take_profit
NASDAQ100/USD,asia,2.0,2026-08-19 15:20:00+00:00,short,-31.724624555760883,-2.0351527890698398,stop_loss
NASDAQ100/USD,asia,2.0,2026-08-19 16:20:00+00:00,short,17.766195304743203,1.1880696433337161,take_profit
NASDAQ100/USD,asia,2.0,2026-08-22 06:30:00+00:00,long,-8.050773673786376,-0.525879616065455,time_exit
NASDAQ100/USD,asia,2.3,2026-07-09 00:15:00+00:00,short,-25.39832471458265,-1.2699162357291325,stop_loss
NASDAQ100/USD,asia,2.3,2026-07-09 00:45:00+00:00,long,1.5010372856867884,0.07700773165853636,time_exit
NASDAQ100/USD,asia,2.3,2026-07-10 08:05:00+00:00,long,-34.110016108951726,-1.7472554716656923,stop_loss
NASDAQ100/USD,asia,2.3,2026-07-10 09:05:00+00:00,long,31.95546575450602,1.696163137703793,take_profit
NASDAQ100/USD,asia,2.3,2026-07-14 11:00:00+00:00,short,-26.820162250823156,-1.3768783232662904,stop_loss
NASDAQ100/USD,asia,2.3,2026-07-18 17:50:00+00:00,long,-34.88098154195934,-1.841408000989178,stop_loss
NASDAQ100/USD,asia,2.3,2026-07-18 19:00:00+00:00,long,-30.73678706787888,-1.684674569887003,stop_loss
NASDAQ100/USD,asia,2.3,2026-07-19 09:10:00+00:00,short,12.017202258970709,0.6816257957939442,take_profit
NASDAQ100/USD,asia,2.3,2026-07-20 20:45:00+00:00,long,-34.89828290195541,-1.9528377970873538,stop_loss
NASDAQ100/USD,asia,2.3,2026-07-20 23:15:00+00:00,long,32.396371466918225,1.886517097632664,take_profit
NASDAQ100/USD,asia,2.3,2026-07-22 12:10:00+00:00,long,-34.77947678327645,-1.9516543531877197,stop_loss
NASDAQ100/USD,asia,2.3,2026-07-22 13:00:00+00:00,long,22.853070619389356,1.3344920389560875,take_profit
NASDAQ100/USD,asia,2.3,2026-07-22 16:20:00+00:00,short,22.326072700860273,1.2698268200995908,take_profit
NASDAQ100/USD,asia,2.3,2026-07-22 23:10:00+00:00,long,27.232297271890552,1.5105134409796797,take_profit
NASDAQ100/USD,asia,2.3,2026-07-23 04:10:00+00:00,long,-24.72654621136507,-1.331306029641128,stop_loss
NASDAQ100/USD,asia,2.3,2026-07-28 23:10:00+00:00,long,35.60265528984686,1.969323856677211,take_profit
NASDAQ100/USD,asia,2.3,2026-08-06 15:00:00+00:00,short,6.183756139933476,0.3290864835701103,time_exit
NASDAQ100/USD,asia,2.3,2026-08-07 07:00:00+00:00,short,-29.06552467449852,-1.5366919427562757,stop_loss
NASDAQ100/USD,asia,2.3,2026-08-07 09:15:00+00:00,short,-36.141305502963476,-1.9713758515962416,stop_loss
NASDAQ100/USD,asia,2.3,2026-08-07 11:45:00+00:00,short,2.903915176280183,0.1648995160718855,take_profit
NASDAQ100/USD,asia,2.3,2026-08-08 17:20:00+00:00,short,-30.561634475948807,-1.7297450224608566,stop_loss
NASDAQ100/USD,asia,2.3,2026-08-10 13:15:00+00:00,long,-23.44930544009639,-1.3747568978215015,stop_loss
NASDAQ100/USD,asia,2.3,2026-08-11 11:10:00+00:00,short,11.380356014385,0.6860566699616438,take_profit
NASDAQ100/USD,asia,2.3,2026-08-11 12:00:00+00:00,short,26.27267409694418,1.562391691095023,take_profit
NASDAQ100/USD,asia,2.3,2026-08-15 15:55:00+00:00,short,-29.514543001377508,-1.7019964732793489,stop_loss
NASDAQ100/USD,asia,2.3,2026-08-16 17:30:00+00:00,short,-28.06436218099685,-1.6754003224454392,stop_loss
NASDAQ100/USD,asia,2.3,2026-08-17 13:25:00+00:00,long,-25.032228394704838,-1.5461964443816558,stop_loss
NASDAQ100/USD,asia,2.3,2026-08-19 08:50:00+00:00,short,18.4651505463373,1.176955764878506,take_profit
NASDAQ100/USD,asia,2.3,2026-08-19 13:00:00+00:00,short,28.366604952225828,1.7664860168073353,take_profit
NASDAQ100/USD,asia,2.3,2026-08-19 15:20:00+00:00,short,-33.83552013798321,-2.0351527890698398,stop_loss
NASDAQ100/USD,asia,2.3,2026-08-19 16:20:00+00:00,short,23.736322839485744,1.4882796433336365,take_profit
NASDAQ100/USD,asia,2.3,2026-08-22 06:30:00+00:00,long,-8.6368149121215,-0.525879616065455,time_exit
NASDAQ100/USD,london,1.0,2026-07-09 00:15:00+00:00,short,-35.649964229574955,-1.7824982114787478,stop_loss
NASDAQ100/USD,london,1.0,2026-07-09 00:45:00+00:00,long,1.461726510501385,0.07578817111431964,time_exit
NASDAQ100/USD,london,1.0,2026-07-12 14:50:00+00:00,short,-9.656911688072189,-0.499937568852225,take_profit
NASDAQ100/USD,london,1.0,2026-07-14 12:45:00+00:00,short,12.78636890804978,0.6686348398547433,take_profit
NASDAQ100/USD,london,1.0,2026-07-14 23:35:00+00:00,short,-35.445964972876055,-1.829108116131857,stop_loss
NASDAQ100/USD,london,1.0,2026-07-17 14:25:00+00:00,short,7.881556945703813,0.4221530268886423,take_profit
NASDAQ100/USD,london,1.0,2026-07-17 19:20:00+00:00,short,-2.3507124153482195,-0.12485502015224718,time_exit
NASDAQ100/USD,london,1.0,2026-07-19 07:15:00+00:00,short,-6.889782759630187,-0.36685789492640164,time_exit
NASDAQ100/USD,london,1.0,2026-07-19 19:45:00+00:00,long,0.49863971365423687,0.02674714550518708,take_profit
NASDAQ100/USD,london,1.0,2026-07-21 09:35:00+00:00,short,-35.020413025891244,-1.8774984145793339,stop_loss
NASDAQ100/USD,london,1.0,2026-07-22 03:30:00+00:00,short,5.540240368059985,0.3086091023896884,take_profit
NASDAQ100/USD,london,1.0,2026-07-23 01:05:00+00:00,short,-1.8659972226490105,-0.10330439793044999,take_profit
NASDAQ100/USD,london,1.0,2026-07-23 08:45:00+00:00,long,-23.00578923816311,-1.2762718005677929,stop_loss
NASDAQ100/USD,london,1.0,2026-07-24 00:20:00+00:00,long,-27.5231344359783,-1.5668716423589975,stop_loss
NASDAQ100/USD,london,1.0,2026-07-24 09:55:00+00:00,long,-23.746634262732865,-1.3956132224039393,stop_loss
NASDAQ100/USD,london,1.0,2026-07-24 14:00:00+00:00,long,9.855730191139779,0.5958629109627299,take_profit
NASDAQ100/USD,london,1.0,2026-07-24 20:10:00+00:00,long,-32.312900818178626,-1.9305830676579516,stop_loss
NASDAQ100/USD,london,1.0,2026-07-25 02:05:00+00:00,long,-2.6765545393192465,-0.16633735549825124,take_profit
NASDAQ100/USD,london,1.0,2026-07-25 03:05:00+00:00,long,0.281239428077404,0.01753626492603714,take_profit
NASDAQ100/USD,london,1.0,2026-07-25 08:00:00+00:00,long,1.9307812628481429,0.1203487755418416,take_profit
NASDAQ100/USD,london,1.0,2026-07-28 16:05:00+00:00,short,6.706357268434481,0.4170145481332624,take_profit
NASDAQ100/USD,london,1.0,2026-07-29 04:20:00+00:00,long,7.414885270855532,0.45725855017156675,take_profit
NASDAQ100/USD,london,1.0,2026-07-29 10:20:00+00:00,short,7.334709255273772,0.4482152783321898,take_profit
NASDAQ100/USD,london,1.0,2026-07-29 18:10:00+00:00,short,14.431960705068933,0.874084237013754,take_profit
NASDAQ100/USD,london,1.0,2026-07-31 14:15:00+00:00,long,10.771555131444408,0.6411796924414702,take_profit
NASDAQ100/USD,london,1.0,2026-07-31 16:00:00+00:00,long,5.8548539077374855,0.34409915282273174,take_profit
NASDAQ100/USD,london,1.0,2026-08-01 01:00:00+00:00,long,-7.480584272849161,-0.4366409775427281,take_profit
NASDAQ100/USD,london,1.0,2026-08-01 04:00:00+00:00,long,-6.485342454515551,-0.3818837309696784,take_profit
NASDAQ100/USD,london,1.0,2026-08-01 07:55:00+00:00,long,-33.56196885600305,-1.9914775052735365,stop_loss
NASDAQ100/USD,london,1.0,2026-08-05 15:05:00+00:00,long,-23.482865437378596,-1.4512115579722271,stop_loss
NASDAQ100/USD,london,1.0,2026-08-06 15:00:00+00:00,short,8.459428135451551,0.5384089275240471,take_profit
NASDAQ100/USD,london,1.0,2026-08-06 17:20:00+00:00,short,-24.46659602107487,-1.5406118622733536,stop_loss
NASDAQ100/USD,london,1.0,2026-08-07 01:05:00+00:00,short,-3.733931805688046,-0.2425929335914803,take_profit
NASDAQ100/USD,london,1.0,2026-08-07 02:05:00+00:00,short,2.640966721889189,0.17241972851087656,take_profit
NASDAQ100/USD,london,1.0,2026-08-07 05:30:00+00:00,short,-30.687640061081407,-1.9966064845602967,stop_loss
NASDAQ100/USD,london,1.0,2026-08-07 14:15:00+00:00,long,7.667718657116996,0.5196288069151302,time_exit
NASDAQ100/USD,london,1.0,2026-08-11 08:20:00+00:00,long,0.8881128763105082,0.059566909737551514,take_profit
NASDAQ100/USD,london,1.0,2026-08-14 00:30:00+00:00,short,-24.334274897498425,-1.6301900176999653,stop_loss
NASDAQ100/USD,london,1.0,2026-08-17 14:10:00+00:00,long,-21.657794043315583,-1.4997872666790302,stop_loss
NASDAQ100/USD,london,1.0,2026-08-19 08:15:00+00:00,long,-25.034530582619844,-1.787233333809555,stop_loss
NASDAQ100/USD,london,1.0,2026-08-19 12:05:00+00:00,long,2.2847810489555584,0.16915870108785186,take_profit
NASDAQ100/USD,london,1.0,2026-08-19 14:25:00+00:00,long,8.580966886450195,0.6331683035317257,take_profit
NASDAQ100/USD,london,1.0,2026-08-21 14:05:00+00:00,long,9.18981976811735,0.6696144771450414,take_profit
NASDAQ100/USD,london,1.0,2026-08-22 06:30:00+00:00,long,-7.313850726118499,-0.5258796160654549,time_exit
NASDAQ100/USD,london,1.5,2026-07-09 00:15:00+00:00,short,-35.649964229574955,-1.7824982114787478,stop_loss
NASDAQ100/USD,london,1.5,2026-07-09 00:45:00+00:00,long,1.461726510501385,0.07578817111431964,time_exit
NASDAQ100/USD,london,1.5,2026-07-12 14:50:00+00:00,short,-4.344344028157597,-0.22490635327828787,take_profit
NASDAQ100/USD,london,1.5,2026-07-14 12:45:00+00:00,short,22.47881671903546,1.16898483985475,take_profit
NASDAQ100/USD,london,1.5,2026-07-14 23:35:00+00:00,short,-35.99488088448621,-1.8291081161318568,stop_loss
NASDAQ100/USD,london,1.5,2026-07-17 14:25:00+00:00,short,17.48975986977444,0.9225030268886252,take_profit
NASDAQ100/USD,london,1.5,2026-07-17 19:20:00+00:00,short,-2.4108033947784144,-0.12485502015224714,time_exit
NASDAQ100/USD,london,1.5,2026-07-19 07:15:00+00:00,short,-7.065905449664186,-0.3668578949264016,time_exit
NASDAQ100/USD,london,1.5,2026-07-19 19:45:00+00:00,long,10.064338681116535,0.5263971455051489,take_profit
NASDAQ100/USD,london,1.5,2026-07-21 09:35:00+00:00,short,-36.27434869821723,-1.8774984145793336,stop_loss
NASDAQ100/USD,london,1.5,2026-07-22 03:30:00+00:00,short,15.04266561798757,0.8089591023897049,take_profit
NASDAQ100/USD,london,1.5,2026-07-23 01:05:00+00:00,short,6.992318391786393,0.3700434031042392,take_profit
NASDAQ100/USD,london,1.5,2026-07-23 08:45:00+00:00,long,-24.294838892641053,-1.276271800567793,stop_loss
NASDAQ100/USD,london,1.5,2026-07-24 00:20:00+00:00,long,-29.065297870040972,-1.5668716423589977,stop_loss
NASDAQ100/USD,london,1.5,2026-07-24 09:55:00+00:00,long,-25.07719460015486,-1.395613222403939,stop_loss
NASDAQ100/USD,london,1.5,2026-07-24 14:00:00+00:00,long,19.135368882352566,1.0955129109627255,take_profit
NASDAQ100/USD,london,1.5,2026-07-24 20:10:00+00:00,long,-34.46042189267404,-1.9305830676579516,stop_loss
NASDAQ100/USD,london,1.5,2026-07-25 02:05:00+00:00,long,4.727625207192464,0.2754939667526546,take_profit
NASDAQ100/USD,london,1.5,2026-07-25 08:00:00+00:00,long,10.698136159108532,0.6199987755417931,take_profit
NASDAQ100/USD,london,1.5,2026-07-28 16:05:00+00:00,short,16.025491858280226,0.9173645481332503,take_profit
NASDAQ100/USD,london,1.5,2026-07-29 04:20:00+00:00,long,17.022986813229508,0.9569085501716117,take_profit
NASDAQ100/USD,london,1.5,2026-07-29 10:20:00+00:00,short,17.197511921360608,0.9485652783321619,take_profit
NASDAQ100/USD,london,1.5,2026-07-29 18:10:00+00:00,short,25.39126364278537,1.374434237013755,take_profit
NASDAQ100/USD,london,1.5,2026-07-31 14:15:00+00:00,long,21.655001291775147,1.1408296924414802,take_profit
NASDAQ100/USD,london,1.5,2026-08-01 01:00:00+00:00,long,-2.5231889025598786,-0.12996146631409417,take_profit
NASDAQ100/USD,london,1.5,2026-08-01 07:55:00+00:00,long,-38.563839601369345,-1.9914775052735365,stop_loss
NASDAQ100/USD,london,1.5,2026-08-05 15:05:00+00:00,long,-26.98260820135498,-1.4512115579722271,stop_loss
NASDAQ100/USD,london,1.5,2026-08-06 15:00:00+00:00,short,18.753242087098183,1.0387589275240543,take_profit
NASDAQ100/USD,london,1.5,2026-08-06 17:20:00+00:00,short,-28.391277152004204,-1.5406118622733536,stop_loss
NASDAQ100/USD,london,1.5,2026-08-07 01:05:00+00:00,short,2.8775556260147575,0.16111059961276095,take_profit
NASDAQ100/USD,london,1.5,2026-08-07 02:05:00+00:00,short,-32.77221337538596,-1.8289802714891117,stop_loss
NASDAQ100/USD,london,1.5,2026-08-07 05:30:00+00:00,short,-34.46712552388553,-1.9966064845602969,stop_loss
NASDAQ100/USD,london,1.5,2026-08-07 14:15:00+00:00,long,8.612073815733398,0.5196288069151301,time_exit
NASDAQ100/USD,london,1.5,2026-08-11 08:20:00+00:00,long,9.364508024655233,0.5592169097375663,take_profit
NASDAQ100/USD,london,1.5,2026-08-14 00:30:00+00:00,short,-27.604077290424815,-1.6301900176999653,stop_loss
NASDAQ100/USD,london,1.5,2026-08-17 14:10:00+00:00,long,-24.56795705769084,-1.4997872666790302,stop_loss
NASDAQ100/USD,london,1.5,2026-08-19 08:15:00+00:00,long,-28.398426501016587,-1.787233333809555,stop_loss
NASDAQ100/USD,london,1.5,2026-08-19 12:05:00+00:00,long,10.247241834105512,0.6688087010878552,take_profit
NASDAQ100/USD,london,1.5,2026-08-19 14:25:00+00:00,long,17.588792189323485,1.1328183035317245,take_profit
NASDAQ100/USD,london,1.5,2026-08-21 14:05:00+00:00,long,9.188971908628584,0.5787106002549686,time_exit
NASDAQ100/USD,london,1.5,2026-08-22 06:30:00+00:00,long,-8.446748687632237,-0.5258796160654549,time_exit
NASDAQ100/USD,london,2.0,2026-07-09 00:15:00+00:00,short,-35.649964229574955,-1.7824982114787478,stop_loss
NASDAQ100/USD,london,2.0,2026-07-09 00:45:00+00:00,long,1.461726510501385,0.07578817111431964,time_exit
NASDAQ100/USD,london,2.0,2026-07-12 14:50:00+00:00,short,0.9682236317552295,0.050124862295557834,take_profit
NASDAQ100/USD,london,2.0,2026-07-14 12:45:00+00:00,short,-25.76981365500285,-1.332765160145255,stop_loss
NASDAQ100/USD,london,2.0,2026-07-17 14:25:00+00:00,short,26.778383438596187,1.4228530268886086,take_profit
NASDAQ100/USD,london,2.0,2026-07-17 19:20:00+00:00,short,-2.416665192491452,-0.12485502015224718,time_exit
NASDAQ100/USD,london,2.0,2026-07-19 07:15:00+00:00,short,-7.083085991426774,-0.3668578949264016,time_exit
NASDAQ100/USD,london,2.0,2026-07-19 19:45:00+00:00,long,19.664989848789876,1.0260471455051996,take_profit
NASDAQ100/USD,london,2.0,2026-07-21 09:35:00+00:00,short,-36.722133968897936,-1.8774984145793336,stop_loss
NASDAQ100/USD,london,2.0,2026-07-22 03:30:00+00:00,short,24.647263608178083,1.3093091023896593,take_profit
NASDAQ100/USD,london,2.0,2026-07-23 01:05:00+00:00,short,16.292275775304464,0.8433912041390222,take_profit
NASDAQ100/USD,london,2.0,2026-07-23 08:45:00+00:00,long,-25.07034811207204,-1.2762718005677929,stop_loss
NASDAQ100/USD,london,2.0,2026-07-24 00:20:00+00:00,long,-29.99308366698866,-1.5668716423589972,stop_loss
NASDAQ100/USD,london,2.0,2026-07-24 09:55:00+00:00,long,-25.877677192191143,-1.395613222403939,stop_loss
NASDAQ100/USD,london,2.0,2026-07-24 14:00:00+00:00,long,28.752176301897418,1.595162910962721,take_profit
NASDAQ100/USD,london,2.0,2026-07-24 20:10:00+00:00,long,-35.908160361954515,-1.9305830676579518,stop_loss
NASDAQ100/USD,london,2.0,2026-07-25 02:05:00+00:00,long,12.826839340220864,0.7173252890035607,take_profit
NASDAQ100/USD,london,2.0,2026-07-25 08:00:00+00:00,long,7.475767157911143,0.4121600705229285,time_exit
NASDAQ100/USD,london,2.0,2026-07-28 16:05:00+00:00,short,25.926503376764472,1.4177145481332383,take_profit
NASDAQ100/USD,london,2.0,2026-07-29 04:20:00+00:00,long,27.39213379841368,1.4565585501715543,take_profit
NASDAQ100/USD,london,2.0,2026-07-29 10:20:00+00:00,short,28.04217155982542,1.448915278332186,take_profit
NASDAQ100/USD,london,2.0,2026-07-29 18:10:00+00:00,short,37.335860208133276,1.8747842370137557,take_profit
NASDAQ100/USD,london,2.0,2026-07-31 14:15:00+00:00,long,33.89471808554946,1.6404796924414904,take_profit
NASDAQ100/USD,london,2.0,2026-08-01 01:00:00+00:00,long,-20.49231349443688,-0.9603058183851702,time_exit
NASDAQ100/USD,london,2.0,2026-08-05 15:05:00+00:00,long,-30.373155138171548,-1.4512115579722273,stop_loss
NASDAQ100/USD,london,2.0,2026-08-06 15:00:00+00:00,short,6.687712839845847,0.32908648357011017,time_exit
NASDAQ100/USD,london,2.0,2026-08-07 03:10:00+00:00,short,10.026546901652775,0.4901565093853778,take_profit
NASDAQ100/USD,london,2.0,2026-08-07 05:30:00+00:00,short,-41.242578053859525,-1.9966064845602969,stop_loss
NASDAQ100/USD,london,2.0,2026-08-07 14:15:00+00:00,long,10.305011548028393,0.5196288069151301,time_exit
NASDAQ100/USD,london,2.0,2026-08-11 08:20:00+00:00,long,21.21713729319247,1.0588669097375811,take_profit
NASDAQ100/USD,london,2.0,2026-08-14 00:30:00+00:00,short,-33.35683279539191,-1.6301900176999655,stop_loss
NASDAQ100/USD,london,2.0,2026-08-17 14:10:00+00:00,long,-29.687977869197958,-1.4997872666790302,stop_loss
NASDAQ100/USD,london,2.0,2026-08-19 08:15:00+00:00,long,-34.316726274898,-1.787233333809555,stop_loss
NASDAQ100/USD,london,2.0,2026-08-19 12:05:00+00:00,long,21.633660565670226,1.1684587010877852,take_profit
NASDAQ100/USD,london,2.0,2026-08-19 14:25:00+00:00,long,18.448048212417472,0.9736468196780195,time_exit
NASDAQ100/USD,london,2.0,2026-08-21 14:05:00+00:00,long,11.178566480037972,0.5787106002549687,time_exit
NASDAQ100/USD,london,2.0,2026-08-22 06:30:00+00:00,long,-10.275637218588757,-0.525879616065455,time_exit
NASDAQ100/USD,london,2.3,2026-07-09 00:15:00+00:00,short,-35.649964229574955,-1.7824982114787478,stop_loss
NASDAQ100/USD,london,2.3,2026-07-09 00:45:00+00:00,long,1.461726510501385,0.07578817111431964,time_exit
NASDAQ100/USD,london,2.3,2026-07-12 14:50:00+00:00,short,4.155764227702928,0.2151435916398654,take_profit
NASDAQ100/USD,london,2.3,2026-07-14 12:45:00+00:00,short,-25.854778516059397,-1.3327651601452546,stop_loss
NASDAQ100/USD,london,2.3,2026-07-17 14:25:00+00:00,short,-29.819743990862953,-1.5792469731113952,stop_loss
NASDAQ100/USD,london,2.3,2026-07-17 19:20:00+00:00,short,-2.2830814287938344,-0.12485502015224716,time_exit
NASDAQ100/USD,london,2.3,2026-07-19 07:15:00+00:00,short,-6.691560806941791,-0.36685789492640164,time_exit
NASDAQ100/USD,london,2.3,2026-07-19 19:45:00+00:00,long,24.00609425074468,1.3258371455051938,take_profit
NASDAQ100/USD,london,2.3,2026-07-21 09:35:00+00:00,short,-34.89610385602373,-1.8774984145793336,stop_loss
NASDAQ100/USD,london,2.3,2026-07-22 03:30:00+00:00,short,28.79199037043053,1.6095191023896447,take_profit
NASDAQ100/USD,london,2.3,2026-07-23 01:05:00+00:00,short,20.816770155551175,1.1273998847598732,take_profit
NASDAQ100/USD,london,2.3,2026-07-23 08:45:00+00:00,long,-24.09695891222884,-1.276271800567793,stop_loss
NASDAQ100/USD,london,2.3,2026-07-24 00:20:00+00:00,long,-28.82856279233107,-1.5668716423589975,stop_loss
NASDAQ100/USD,london,2.3,2026-07-24 09:55:00+00:00,long,-24.87294238024099,-1.3956132224039393,stop_loss
NASDAQ100/USD,london,2.3,2026-07-24 14:00:00+00:00,long,32.829628975130746,1.8949529109627257,take_profit
NASDAQ100/USD,london,2.3,2026-07-24 20:10:00+00:00,long,-34.71451986717126,-1.9305830676579516,stop_loss
NASDAQ100/USD,london,2.3,2026-07-25 02:05:00+00:00,long,16.983238944948084,0.9824240823541044,take_profit
NASDAQ100/USD,london,2.3,2026-07-25 08:00:00+00:00,long,7.265038373914006,0.4121600705229283,time_exit
NASDAQ100/USD,london,2.3,2026-07-28 16:05:00+00:00,short,30.531024989939766,1.7179245481332852,take_profit
NASDAQ100/USD,london,2.3,2026-07-29 04:20:00+00:00,long,32.286360347569776,1.7563485501715714,take_profit
NASDAQ100/USD,london,2.3,2026-07-29 10:20:00+00:00,short,33.28303516917375,1.7491252783321893,take_profit
NASDAQ100/USD,london,2.3,2026-07-29 18:10:00+00:00,short,17.617899644194374,0.8945798573547581,time_exit
NASDAQ100/USD,london,2.3,2026-07-31 14:15:00+00:00,long,38.895436145441614,1.9402696924414564,take_profit
NASDAQ100/USD,london,2.3,2026-08-01 01:00:00+00:00,long,-19.997711652078607,-0.9603058183851703,time_exit
NASDAQ100/USD,london,2.3,2026-08-05 15:05:00+00:00,long,-29.640069608631336,-1.4512115579722271,stop_loss
NASDAQ100/USD,london,2.3,2026-08-06 15:00:00+00:00,short,6.5262984103501855,0.3290864835701103,time_exit
NASDAQ100/USD,london,2.3,2026-08-07 03:10:00+00:00,short,14.396257020117442,0.7211799857931891,take_profit
NASDAQ100/USD,london,2.3,2026-08-07 05:30:00+00:00,short,-40.43130389375658,-1.9966064845602969,stop_loss
NASDAQ100/USD,london,2.3,2026-08-07 14:15:00+00:00,long,10.102303812892142,0.5196288069151301,time_exit
NASDAQ100/USD,london,2.3,2026-08-11 08:20:00+00:00,long,26.688683677947495,1.3586569097375738,take_profit
NASDAQ100/USD,london,2.3,2026-08-14 00:30:00+00:00,short,-32.892678146476854,-1.6301900176999655,stop_loss
NASDAQ100/USD,london,2.3,2026-08-17 14:10:00+00:00,long,-29.27487471191082,-1.4997872666790302,stop_loss
NASDAQ100/USD,london,2.3,2026-08-19 08:15:00+00:00,long,-33.83921487164992,-1.787233333809555,stop_loss
NASDAQ100/USD,london,2.3,2026-08-19 12:05:00+00:00,long,26.805918765860124,1.4682487010878456,take_profit
NASDAQ100/USD,london,2.3,2026-08-19 14:25:00+00:00,long,18.297927730297374,0.9736468196780195,time_exit
NASDAQ100/USD,london,2.3,2026-08-21 14:05:00+00:00,long,11.08760120446669,0.5787106002549687,time_exit
NASDAQ100/USD,london,2.3,2026-08-22 06:30:00+00:00,long,-10.192019504910654,-0.5258796160654549,time_exit
NASDAQ100/USD,newyork,1.0,2026-07-09 00:15:00+00:00,short,-25.854622322506174,-1.2927311161253088,stop_loss
NASDAQ100/USD,newyork,1.0,2026-07-09 00:45:00+00:00,long,1.5003345168118398,0.07700773165853636,time_exit
NASDAQ100/USD,newyork,1.0,2026-07-10 15:35:00+00:00,short,-28.12083505959011,-1.44113968360216,stop_loss
NASDAQ100/USD,newyork,1.0,2026-07-11 22:05:00+00:00,long,-31.41283511879579,-1.6576258775277326,stop_loss
NASDAQ100/USD,newyork,1.0,2026-07-16 11:10:00+00:00,long,-24.025576260634537,-1.3112793609701854,stop_loss
NASDAQ100/USD,newyork,1.0,2026-07-20 23:15:00+00:00,long,10.480715268320086,0.5874270976326598,take_profit
NASDAQ100/USD,newyork,1.0,2026-07-24 14:00:00+00:00,long,10.756126156483012,0.5958629109627299,take_profit
NASDAQ100/USD,newyork,1.0,2026-07-24 15:10:00+00:00,long,-22.904603297723686,-1.2539154052929133,stop_loss
NASDAQ100/USD,newyork,1.0,2026-07-25 21:25:00+00:00,short,-10.19500417252835,-0.5724837162604818,take_profit
NASDAQ100/USD,newyork,1.0,2026-07-27 13:00:00+00:00,short,-2.9843201898983835,-0.16952055431375904,take_profit
NASDAQ100/USD,newyork,1.0,2026-07-29 00:10:00+00:00,short,1.1386514155042153,0.06489969796655352,take_profit
NASDAQ100/USD,newyork,1.0,2026-07-29 18:10:00+00:00,short,15.35552781959699,0.8740842370137542,take_profit
NASDAQ100/USD,newyork,1.0,2026-07-31 20:15:00+00:00,short,5.62135806692593,0.31448735542371375,take_profit
NASDAQ100/USD,newyork,1.0,2026-08-05 14:00:00+00:00,short,9.98084754413292,0.5548892521431957,take_profit
NASDAQ100/USD,newyork,1.0,2026-08-08 19:25:00+00:00,short,-32.033084028603184,-1.7613452194379267,stop_loss
NASDAQ100/USD,newyork,1.0,2026-08-09 21:20:00+00:00,long,-0.0095979220858875,-0.000547013151846021,time_exit
NASDAQ100/USD,newyork,1.0,2026-08-10 09:35:00+00:00,short,1.4413031303050357,0.08214490454756382,take_profit
NASDAQ100/USD,newyork,1.0,2026-08-11 08:20:00+00:00,long,1.0468698365416849,0.059566909737551424,take_profit
NASDAQ100/USD,newyork,1.0,2026-08-13 00:00:00+00:00,long,4.530498585364924,0.2574786947123846,take_profit
NASDAQ100/USD,newyork,1.0,2026-08-14 12:10:00+00:00,short,4.338138140447828,0.24528330201334586,take_profit
NASDAQ100/USD,newyork,1.0,2026-08-17 14:10:00+00:00,long,-26.6557158543875,-1.4997872666790302,stop_loss
NASDAQ100/USD,newyork,1.0,2026-08-19 13:00:00+00:00,short,8.026476301825912,0.46557601680731997,take_profit
NASDAQ100/USD,newyork,1.0,2026-08-19 14:25:00+00:00,long,11.017390012322704,0.6331683035317257,take_profit
NASDAQ100/USD,newyork,1.0,2026-08-19 18:00:00+00:00,long,10.186045205401728,0.5780706798831291,take_profit
NASDAQ100/USD,newyork,1.0,2026-08-19 23:20:00+00:00,short,3.316231002389319,0.1860492242010139,take_profit
NASDAQ100/USD,newyork,1.0,2026-08-20 01:05:00+00:00,short,-1.2294393770279743,-0.06871905889668219,take_profit
NASDAQ100/USD,newyork,1.0,2026-08-20 03:05:00+00:00,short,7.436857044229148,0.41625246125043813,take_profit
NASDAQ100/USD,newyork,1.5,2026-07-09 00:15:00+00:00,short,-25.854622322506174,-1.2927311161253088,stop_loss
NASDAQ100/USD,newyork,1.5,2026-07-09 00:45:00+00:00,long,1.5003345168118398,0.07700773165853636,time_exit
NASDAQ100/USD,newyork,1.5,2026-07-10 15:35:00+00:00,short,-28.12083505959011,-1.44113968360216,stop_loss
NASDAQ100/USD,newyork,1.5,2026-07-11 22:05:00+00:00,long,-31.41283511879579,-1.6576258775277326,stop_loss
NASDAQ100/USD,newyork,1.5,2026-07-16 11:10:00+00:00,long,-24.025576260634537,-1.3112793609701854,stop_loss
NASDAQ100/USD,newyork,1.5,2026-07-20 23:15:00+00:00,long,19.395335320612936,1.0870770976326758,take_profit
NASDAQ100/USD,newyork,1.5,2026-07-24 14:00:00+00:00,long,19.9708016237241,1.0955129109627255,take_profit
NASDAQ100/USD,newyork,1.5,2026-07-25 21:25:00+00:00,short,-28.45618036310571,-1.527516283739579,stop_loss
NASDAQ100/USD,newyork,1.5,2026-07-27 13:00:00+00:00,short,4.889168812799399,0.2707191685294058,take_profit
NASDAQ100/USD,newyork,1.5,2026-07-29 00:10:00+00:00,short,10.26364112370679,0.5652496979665567,take_profit
NASDAQ100/USD,newyork,1.5,2026-07-29 18:10:00+00:00,short,25.23871479047874,1.374434237013755,take_profit
NASDAQ100/USD,newyork,1.5,2026-07-31 20:15:00+00:00,short,15.374154798477154,0.8148373554237431,take_profit
NASDAQ100/USD,newyork,1.5,2026-08-05 14:00:00+00:00,short,20.234468067041803,1.0552392521432137,take_profit
NASDAQ100/USD,newyork,1.5,2026-08-08 19:25:00+00:00,short,-34.487018565812164,-1.7613452194379267,stop_loss
NASDAQ100/USD,newyork,1.5,2026-08-09 21:20:00+00:00,long,-0.010333182932797058,-0.0005470131518460137,time_exit
NASDAQ100/USD,newyork,1.5,2026-08-10 09:35:00+00:00,short,11.003319638782656,0.5824949045475263,take_profit
NASDAQ100/USD,newyork,1.5,2026-08-11 08:20:00+00:00,long,10.686663528911517,0.5592169097375663,take_profit
NASDAQ100/USD,newyork,1.5,2026-08-13 00:00:00+00:00,long,14.63059137723695,0.7571286947124445,take_profit
NASDAQ100/USD,newyork,1.5,2026-08-14 12:10:00+00:00,short,14.626638014594121,0.74563330201331,take_profit
NASDAQ100/USD,newyork,1.5,2026-08-17 14:10:00+00:00,long,-29.859157629692845,-1.4997872666790302,stop_loss
NASDAQ100/USD,newyork,1.5,2026-08-19 13:00:00+00:00,short,18.65371737190251,0.9659260168073585,take_profit
NASDAQ100/USD,newyork,1.5,2026-08-19 14:25:00+00:00,long,22.2993241820843,1.1328183035317243,take_profit
NASDAQ100/USD,newyork,1.5,2026-08-19 18:00:00+00:00,long,1.7973243516367,0.08928228335476597,time_exit
NASDAQ100/USD,newyork,1.5,2026-08-20 06:15:00+00:00,short,13.155547238737858,0.652338399842903,take_profit
NASDAQ100/USD,newyork,2.0,2026-07-09 00:15:00+00:00,short,-25.854622322506174,-1.2927311161253088,stop_loss
NASDAQ100/USD,newyork,2.0,2026-07-09 00:45:00+00:00,long,1.5003345168118398,0.07700773165853636,time_exit
NASDAQ100/USD,newyork,2.0,2026-07-10 15:35:00+00:00,short,-28.12083505959011,-1.44113968360216,stop_loss
NASDAQ100/USD,newyork,2.0,2026-07-11 22:05:00+00:00,long,-31.41283511879579,-1.6576258775277326,stop_loss
NASDAQ100/USD,newyork,2.0,2026-07-16 11:10:00+00:00,long,-24.025576260634537,-1.3112793609701854,stop_loss
NASDAQ100/USD,newyork,2.0,2026-07-20 23:15:00+00:00,long,28.309955372905783,1.5867270976326917,take_profit
NASDAQ100/USD,newyork,2.0,2026-07-24 14:00:00+00:00,long,29.363644687330307,1.595162910962721,take_profit
NASDAQ100/USD,newyork,2.0,2026-07-25 21:25:00+00:00,short,-29.015479323575658,-1.5275162837395793,stop_loss
NASDAQ100/USD,newyork,2.0,2026-07-27 13:00:00+00:00,short,13.09223100899043,0.710958891372475,take_profit
NASDAQ100/USD,newyork,2.0,2026-07-29 00:10:00+00:00,short,19.901924613581013,1.0655996979665596,take_profit
NASDAQ100/USD,newyork,2.0,2026-07-29 18:10:00+00:00,short,35.76108719891248,1.874784237013756,take_profit
NASDAQ100/USD,newyork,2.0,2026-07-31 20:15:00+00:00,short,26.027553274138818,1.315187355423709,take_profit
NASDAQ100/USD,newyork,2.0,2026-08-05 14:00:00+00:00,short,31.59486963220659,1.555589252143193,take_profit
NASDAQ100/USD,newyork,2.0,2026-08-08 19:25:00+00:00,short,-36.886875462287506,-1.7613452194379269,stop_loss
NASDAQ100/USD,newyork,2.0,2026-08-09 21:20:00+00:00,long,-0.01105224075092881,-0.0005470131518459962,time_exit
NASDAQ100/USD,newyork,2.0,2026-08-10 09:35:00+00:00,short,21.87832524505916,1.0828449045475692,take_profit
NASDAQ100/USD,newyork,2.0,2026-08-11 08:20:00+00:00,long,21.857186865704833,1.0588669097375814,take_profit
NASDAQ100/USD,newyork,2.0,2026-08-13 00:00:00+00:00,long,-7.7598592473731305,-0.3681287928486638,time_exit
NASDAQ100/USD,newyork,2.0,2026-08-14 12:10:00+00:00,short,26.07095404764743,1.2459833020133393,take_profit
NASDAQ100/USD,newyork,2.0,2026-08-17 14:10:00+00:00,long,-32.16356578770879,-1.4997872666790302,stop_loss
NASDAQ100/USD,newyork,2.0,2026-08-19 13:00:00+00:00,short,30.50168970285401,1.4662760168073494,take_profit
NASDAQ100/USD,newyork,2.0,2026-08-19 14:25:00+00:00,long,20.847902037062447,0.9736468196780196,time_exit
NASDAQ100/USD,newyork,2.0,2026-08-20 03:05:00+00:00,short,30.930852442168668,1.4169524612503956,take_profit
NASDAQ100/USD,newyork,2.3,2026-07-09 00:15:00+00:00,short,-25.854622322506174,-1.2927311161253088,stop_loss
NASDAQ100/USD,newyork,2.3,2026-07-09 00:45:00+00:00,long,1.5003345168118398,0.07700773165853636,time_exit
NASDAQ100/USD,newyork,2.3,2026-07-10 15:35:00+00:00,short,-28.12083505959011,-1.44113968360216,stop_loss
NASDAQ100/USD,newyork,2.3,2026-07-11 22:05:00+00:00,long,-31.41283511879579,-1.6576258775277326,stop_loss
NASDAQ100/USD,newyork,2.3,2026-07-16 11:10:00+00:00,long,-24.025576260634537,-1.3112793609701854,stop_loss
NASDAQ100/USD,newyork,2.3,2026-07-20 23:15:00+00:00,long,33.658727404280825,1.8865170976326637,take_profit
NASDAQ100/USD,newyork,2.3,2026-07-24 14:00:00+00:00,long,35.0848709717494,1.8949529109627257,take_profit
NASDAQ100/USD,newyork,2.3,2026-07-25 21:25:00+00:00,short,-29.35367137734257,-1.5275162837395795,stop_loss
NASDAQ100/USD,newyork,2.3,2026-07-27 13:00:00+00:00,short,18.165703378411095,0.9751027250783548,take_profit
NASDAQ100/USD,newyork,2.3,2026-07-29 00:10:00+00:00,short,25.940607689898407,1.365809697966579,take_profit
NASDAQ100/USD,newyork,2.3,2026-07-29 18:10:00+00:00,short,17.454732720462133,0.8945798573547583,time_exit
NASDAQ100/USD,newyork,2.3,2026-07-31 20:15:00+00:00,short,32.083000976558125,1.6153973554237266,take_profit
NASDAQ100/USD,newyork,2.3,2026-08-05 14:00:00+00:00,short,38.04835482610056,1.855799252143196,take_profit
NASDAQ100/USD,newyork,2.3,2026-08-08 19:25:00+00:00,short,-37.452145397063404,-1.761345219437927,stop_loss
NASDAQ100/USD,newyork,2.3,2026-08-09 21:20:00+00:00,long,-0.011221609918962816,-0.0005470131518460181,time_exit
NASDAQ100/USD,newyork,2.3,2026-08-10 09:35:00+00:00,short,28.372138382705952,1.3830549045475145,take_profit
NASDAQ100/USD,newyork,2.3,2026-08-11 08:20:00+00:00,long,28.642595306981143,1.358656909737574,take_profit
NASDAQ100/USD,newyork,2.3,2026-08-13 00:00:00+00:00,long,-7.971609302718615,-0.3681287928486638,time_exit
NASDAQ100/USD,newyork,2.3,2026-08-14 12:10:00+00:00,short,33.23538017867821,1.546193302013305,take_profit
NASDAQ100/USD,newyork,2.3,2026-08-17 14:10:00+00:00,long,-33.23480379510224,-1.49978726667903,stop_loss
NASDAQ100/USD,newyork,2.3,2026-08-19 13:00:00+00:00,short,37.970586056947816,1.7664860168073349,take_profit
NASDAQ100/USD,newyork,2.3,2026-08-19 14:25:00+00:00,long,21.66792017886766,0.9736468196780196,time_exit
NASDAQ100/USD,newyork,2.3,2026-08-20 03:05:00+00:00,short,38.958557175383405,1.7171624612503928,take_profit
NASDAQ100/USD,prevday,1.0,2026-07-09 00:15:00+00:00,short,-25.854622322506174,-1.2927311161253088,stop_loss
NASDAQ100/USD,prevday,1.0,2026-07-09 00:45:00+00:00,long,1.6168798772695476,0.08298966018421335,time_exit
NASDAQ100/USD,prevday,1.0,2026-07-10 15:35:00+00:00,short,-28.124194222468017,-1.4411396836021597,stop_loss
NASDAQ100/USD,prevday,1.0,2026-07-12 00:00:00+00:00,long,-31.906113551380862,-1.6834546218619322,stop_loss
NASDAQ100/USD,prevday,1.0,2026-07-12 17:25:00+00:00,long,-35.080443935149425,-1.9154319090615048,stop_loss
NASDAQ100/USD,prevday,1.0,2026-07-16 11:10:00+00:00,long,-23.095602876457328,-1.3112793609701856,stop_loss
NASDAQ100/USD,prevday,1.0,2026-07-19 00:10:00+00:00,long,-8.983215230176068,-0.5237684913060169,take_profit
NASDAQ100/USD,prevday,1.0,2026-07-21 09:35:00+00:00,short,-31.86387751771088,-1.8774984145793336,stop_loss
NASDAQ100/USD,prevday,1.0,2026-07-23 08:45:00+00:00,long,-20.846848475217453,-1.2762718005677929,stop_loss
NASDAQ100/USD,prevday,1.0,2026-07-24 14:00:00+00:00,long,9.484492505012032,0.5958629109627299,take_profit
NASDAQ100/USD,prevday,1.0,2026-07-24 15:10:00+00:00,long,-20.19672651167247,-1.2539154052929133,stop_loss
NASDAQ100/USD,prevday,1.0,2026-07-27 11:15:00+00:00,short,2.983630095193611,0.19000389287426261,take_profit
NASDAQ100/USD,prevday,1.0,2026-07-30 14:05:00+00:00,short,-19.05755008491002,-1.2090308001470351,stop_loss
NASDAQ100/USD,prevday,1.0,2026-08-05 14:00:00+00:00,short,8.535037996074509,0.5548892521431957,take_profit
NASDAQ100/USD,prevday,1.0,2026-08-06 02:30:00+00:00,long,-22.486647677917492,-1.445880532719925,stop_loss
NASDAQ100/USD,prevday,1.0,2026-08-10 06:20:00+00:00,short,-28.08536697725844,-1.8596521637841836,stop_loss
NASDAQ100/USD,prevday,1.0,2026-08-10 09:35:00+00:00,short,1.1944507076464,0.08214490454756383,take_profit
NASDAQ100/USD,prevday,1.0,2026-08-10 13:15:00+00:00,long,-20.02287454751001,-1.3747568978215015,stop_loss
NASDAQ100/USD,prevday,1.0,2026-08-12 14:00:00+00:00,short,-6.941730670256911,-0.49008956936988496,time_exit
NASDAQ100/USD,prevday,1.0,2026-08-14 12:10:00+00:00,short,3.4401899318043974,0.245283302013346,take_profit
NASDAQ100/USD,prevday,1.0,2026-08-19 14:25:00+00:00,long,8.923986349868546,0.6331683035317257,take_profit
NASDAQ100/USD,prevday,1.0,2026-08-19 18:00:00+00:00,long,8.250604568820673,0.578070679883129,take_profit
NASDAQ100/USD,prevday,1.5,2026-07-09 00:15:00+00:00,short,-25.854622322506174,-1.2927311161253088,stop_loss
NASDAQ100/USD,prevday,1.5,2026-07-09 00:45:00+00:00,long,1.6168798772695476,0.08298966018421335,time_exit
NASDAQ100/USD,prevday,1.5,2026-07-10 15:35:00+00:00,short,-28.124194222468017,-1.4411396836021597,stop_loss
NASDAQ100/USD,prevday,1.5,2026-07-12 00:00:00+00:00,long,-31.906113551380862,-1.6834546218619322,stop_loss
NASDAQ100/USD,prevday,1.5,2026-07-12 17:25:00+00:00,long,-35.080443935149425,-1.9154319090615048,stop_loss
NASDAQ100/USD,prevday,1.5,2026-07-16 11:10:00+00:00,long,-23.095602876457328,-1.3112793609701856,stop_loss
NASDAQ100/USD,prevday,1.5,2026-07-19 00:10:00+00:00,long,-4.470485864084864,-0.2606527369589376,take_profit
NASDAQ100/USD,prevday,1.5,2026-07-21 09:35:00+00:00,short,-32.033330362316114,-1.8774984145793336,stop_loss
NASDAQ100/USD,prevday,1.5,2026-07-23 08:45:00+00:00,long,-20.957712502146272,-1.2762718005677929,stop_loss
NASDAQ100/USD,prevday,1.5,2026-07-24 14:00:00+00:00,long,17.53027433938792,1.0955129109627253,take_profit
NASDAQ100/USD,prevday,1.5,2026-07-27 11:15:00+00:00,short,11.289007181144271,0.6903538928742101,take_profit
NASDAQ100/USD,prevday,1.5,2026-07-30 14:05:00+00:00,short,-20.043642809557603,-1.2090308001470353,stop_loss
NASDAQ100/USD,prevday,1.5,2026-08-05 14:00:00+00:00,short,17.071027750965214,1.0552392521432137,take_profit
NASDAQ100/USD,prevday,1.5,2026-08-06 02:30:00+00:00,long,-23.88424143852939,-1.4458805327199247,stop_loss
NASDAQ100/USD,prevday,1.5,2026-08-10 06:20:00+00:00,short,-29.83093324458865,-1.8596521637841839,stop_loss
NASDAQ100/USD,prevday,1.5,2026-08-10 09:35:00+00:00,short,8.996352642324151,0.5824949045475264,take_profit
NASDAQ100/USD,prevday,1.5,2026-08-10 13:15:00+00:00,long,-21.479812676737463,-1.3747568978215012,stop_loss
NASDAQ100/USD,prevday,1.5,2026-08-12 14:00:00+00:00,short,-7.4468365716262355,-0.4900895693698849,time_exit
NASDAQ100/USD,prevday,1.5,2026-08-14 12:10:00+00:00,short,11.218732590236066,0.7456333020133101,take_profit
NASDAQ100/USD,prevday,1.5,2026-08-19 14:25:00+00:00,long,17.29845952636259,1.1328183035317243,take_profit
NASDAQ100/USD,prevday,1.5,2026-08-19 18:00:00+00:00,long,1.3942549244390285,0.08928228335476601,time_exit
NASDAQ100/USD,prevday,2.0,2026-07-09 00:15:00+00:00,short,-25.854622322506174,-1.2927311161253088,stop_loss
NASDAQ100/USD,prevday,2.0,2026-07-09 00:45:00+00:00,long,1.6168798772695476,0.08298966018421335,time_exit
NASDAQ100/USD,prevday,2.0,2026-07-10 15:35:00+00:00,short,-28.124194222468017,-1.4411396836021597,stop_loss
NASDAQ100/USD,prevday,2.0,2026-07-12 00:00:00+00:00,long,-31.906113551380862,-1.6834546218619322,stop_loss
NASDAQ100/USD,prevday,2.0,2026-07-12 17:25:00+00:00,long,-35.080443935149425,-1.9154319090615048,stop_loss
NASDAQ100/USD,prevday,2.0,2026-07-16 11:10:00+00:00,long,-23.095602876457328,-1.3112793609701856,stop_loss
NASDAQ100/USD,prevday,2.0,2026-07-19 00:10:00+00:00,long,0.04224350200469651,0.0024630173880459206,take_profit
NASDAQ100/USD,prevday,2.0,2026-07-21 09:35:00+00:00,short,-32.20278320692129,-1.8774984145793336,stop_loss
NASDAQ100/USD,prevday,2.0,2026-07-23 08:45:00+00:00,long,-21.06857652907504,-1.276271800567793,stop_loss
NASDAQ100/USD,prevday,2.0,2026-07-24 14:00:00+00:00,long,25.660645169879977,1.5951629109627212,take_profit
NASDAQ100/USD,prevday,2.0,2026-07-27 11:15:00+00:00,short,19.76538532412407,1.1907038928742315,take_profit
NASDAQ100/USD,prevday,2.0,2026-07-30 14:05:00+00:00,short,-20.54754657083925,-1.2090308001470351,stop_loss
NASDAQ100/USD,prevday,2.0,2026-08-05 14:00:00+00:00,short,25.798056137136406,1.5555892521431929,take_profit
NASDAQ100/USD,prevday,2.0,2026-08-06 02:30:00+00:00,long,-24.724653312491107,-1.4458805327199247,stop_loss
NASDAQ100/USD,prevday,2.0,2026-08-10 06:20:00+00:00,short,-30.88059063373516,-1.859652163784184,stop_loss
NASDAQ100/USD,prevday,2.0,2026-08-10 09:35:00+00:00,short,17.312482814371172,1.082844904547569,take_profit
NASDAQ100/USD,prevday,2.0,2026-08-10 13:15:00+00:00,long,-22.455569673399154,-1.3747568978215015,stop_loss
NASDAQ100/USD,prevday,2.0,2026-08-12 14:00:00+00:00,short,-7.785121779095935,-0.49008956936988496,time_exit
NASDAQ100/USD,prevday,2.0,2026-08-14 12:10:00+00:00,short,19.59856661607541,1.2459833020133395,take_profit
NASDAQ100/USD,prevday,2.0,2026-08-19 14:25:00+00:00,long,15.696519477087245,0.9736468196780196,time_exit
NASDAQ100/USD,prevday,2.3,2026-07-09 00:15:00+00:00,short,-25.854622322506174,-1.2927311161253088,stop_loss
NASDAQ100/USD,prevday,2.3,2026-07-09 00:45:00+00:00,long,1.6168798772695476,0.08298966018421335,time_exit
NASDAQ100/USD,prevday,2.3,2026-07-10 15:35:00+00:00,short,-28.124194222468017,-1.4411396836021597,stop_loss
NASDAQ100/USD,prevday,2.3,2026-07-12 00:00:00+00:00,long,-31.906113551380862,-1.6834546218619322,stop_loss
NASDAQ100/USD,prevday,2.3,2026-07-12 17:25:00+00:00,long,-35.080443935149425,-1.9154319090615048,stop_loss
NASDAQ100/USD,prevday,2.3,2026-07-16 11:10:00+00:00,long,-23.095602876457328,-1.3112793609701856,stop_loss
NASDAQ100/USD,prevday,2.3,2026-07-19 00:10:00+00:00,long,2.749881121658106,0.16033246999621698,take_profit
NASDAQ100/USD,prevday,2.3,2026-07-21 09:35:00+00:00,short,-32.304454913684374,-1.8774984145793334,stop_loss
NASDAQ100/USD,prevday,2.3,2026-07-23 08:45:00+00:00,long,-21.135094945232296,-1.2762718005677929,stop_loss
NASDAQ100/USD,prevday,2.3,2026-07-24 14:00:00+00:00,long,30.579470386311087,1.8949529109627261,take_profit
NASDAQ100/USD,prevday,2.3,2026-07-27 11:15:00+00:00,short,24.97118871086798,1.490913892874274,take_profit
NASDAQ100/USD,prevday,2.3,2026-07-30 14:05:00+00:00,short,-20.853771732043146,-1.2090308001470353,stop_loss
NASDAQ100/USD,prevday,2.3,2026-08-05 14:00:00+00:00,short,31.235444233826993,1.8557992521431959,take_profit
NASDAQ100/USD,prevday,2.3,2026-08-06 02:30:00+00:00,long,-25.239249106418598,-1.4458805327199244,stop_loss
NASDAQ100/USD,prevday,2.3,2026-08-10 06:20:00+00:00,short,-31.5233103456467,-1.8596521637841839,stop_loss
NASDAQ100/USD,prevday,2.3,2026-08-10 09:35:00+00:00,short,22.572452018195385,1.3830549045475145,take_profit
NASDAQ100/USD,prevday,2.3,2026-08-10 13:15:00+00:00,long,-23.05765525505854,-1.3747568978215015,stop_loss
NASDAQ100/USD,prevday,2.3,2026-08-12 14:00:00+00:00,short,-7.9938588382233515,-0.4900895693698849,time_exit
NASDAQ100/USD,prevday,2.3,2026-08-14 12:10:00+00:00,short,24.972782765539215,1.5461933020133052,take_profit
NASDAQ100/USD,prevday,2.3,2026-08-19 14:25:00+00:00,long,16.21179842097061,0.9736468196780195,time_exit
OIL_BRENT/USD,asia,1.0,2026-07-19 00:50:00+00:00,short,-0.20834172021362224,-0.010417086010681111,time_exit
OIL_BRENT/USD,asia,1.0,2026-07-19 18:30:00+00:00,long,-30.514804265294252,-1.5260581548458392,stop_loss
OIL_BRENT/USD,asia,1.0,2026-07-19 22:10:00+00:00,short,15.614721147409892,0.8054830300928876,take_profit
OIL_BRENT/USD,asia,1.0,2026-07-20 03:30:00+00:00,long,11.419022716448563,0.5797096352749002,take_profit
OIL_BRENT/USD,asia,1.0,2026-07-20 06:20:00+00:00,short,12.775820033154371,0.6411564857565781,take_profit
OIL_BRENT/USD,asia,1.0,2026-07-21 02:25:00+00:00,long,-25.701758421625875,-1.2735162204848878,stop_loss
OIL_BRENT/USD,asia,1.0,2026-07-22 22:20:00+00:00,short,12.990268848362039,0.6604876699571768,take_profit
OIL_BRENT/USD,asia,1.0,2026-07-29 02:05:00+00:00,short,15.213283789423919,0.763431684034679,take_profit
OIL_BRENT/USD,asia,1.0,2026-07-29 11:05:00+00:00,short,11.347062789912902,0.5608538461537981,take_profit
OIL_BRENT/USD,asia,1.0,2026-07-30 14:10:00+00:00,long,16.632354616150266,0.8129719946108224,take_profit
OIL_BRENT/USD,asia,1.0,2026-07-30 16:05:00+00:00,long,-24.390609047945684,-1.1731131460338697,stop_loss
OIL_BRENT/USD,asia,1.0,2026-08-01 22:30:00+00:00,long,-21.911294325644725,-1.0791858899229088,stop_loss
OIL_BRENT/USD,asia,1.0,2026-08-02 22:15:00+00:00,long,-1.8632166041150116,-0.0937924542769644,time_exit
OIL_BRENT/USD,asia,1.0,2026-08-03 15:05:00+00:00,short,-22.535616821583382,-1.1365523389523922,stop_loss
OIL_BRENT/USD,asia,1.0,2026-08-05 08:40:00+00:00,short,-26.192239284340424,-1.3516944113147418,stop_loss
OIL_BRENT/USD,asia,1.0,2026-08-05 11:05:00+00:00,short,12.81088471689107,0.6794966147654685,take_profit
OIL_BRENT/USD,asia,1.0,2026-08-05 13:00:00+00:00,short,15.778496477834608,0.8256795025963543,take_profit
OIL_BRENT/USD,asia,1.0,2026-08-06 10:55:00+00:00,short,-28.924489722390156,-1.4890127035830871,stop_loss
OIL_BRENT/USD,asia,1.0,2026-08-06 11:55:00+00:00,short,-22.848221547307013,-1.2123136331494868,stop_loss
OIL_BRENT/USD,asia,1.0,2026-08-09 17:00:00+00:00,long,3.369165671406723,0.18320812745897955,take_profit
OIL_BRENT/USD,asia,1.0,2026-08-09 19:35:00+00:00,short,-23.419341321454358,-1.2688451612903249,stop_loss
OIL_BRENT/USD,asia,1.0,2026-08-11 12:00:00+00:00,long,-22.151597776343195,-1.2314089605734815,stop_loss
OIL_BRENT/USD,asia,1.0,2026-08-11 14:00:00+00:00,long,10.53348810732762,0.6003427322223963,take_profit
OIL_BRENT/USD,asia,1.0,2026-08-12 08:30:00+00:00,long,-21.994478848207443,-1.2386747079894167,stop_loss
OIL_BRENT/USD,asia,1.0,2026-08-12 11:05:00+00:00,long,-23.141645877226644,-1.3363873038791216,stop_loss
OIL_BRENT/USD,asia,1.0,2026-08-14 18:45:00+00:00,short,8.804288910602748,0.5223938316429251,take_profit
OIL_BRENT/USD,asia,1.0,2026-08-15 07:40:00+00:00,long,7.858606971879402,0.4614614309105339,time_exit
OIL_BRENT/USD,asia,1.0,2026-08-17 01:20:00+00:00,long,13.038578205145406,0.7586304241508208,take_profit
OIL_BRENT/USD,asia,1.0,2026-08-19 08:10:00+00:00,long,12.598783357750797,0.7220856868026166,take_profit
OIL_BRENT/USD,asia,1.0,2026-08-19 13:40:00+00:00,long,12.325975718631934,0.6963929040815245,take_profit
OIL_BRENT/USD,asia,1.0,2026-08-19 17:10:00+00:00,short,9.37441912529787,0.5223605138250285,take_profit
OIL_BRENT/USD,asia,1.0,2026-08-21 10:40:00+00:00,long,15.624800622166305,0.8616419378974832,take_profit
OIL_BRENT/USD,asia,1.0,2026-08-22 17:20:00+00:00,long,-8.312263983927185,-0.450620868166113,time_exit
OIL_BRENT/USD,asia,1.5,2026-07-19 00:50:00+00:00,short,-0.20834172021362224,-0.010417086010681111,time_exit
OIL_BRENT/USD,asia,1.5,2026-07-19 18:30:00+00:00,long,-30.514804265294252,-1.5260581548458392,stop_loss
OIL_BRENT/USD,asia,1.5,2026-07-19 22:10:00+00:00,short,25.314274625532843,1.3058330300928838,take_profit
OIL_BRENT/USD,asia,1.5,2026-07-21 02:25:00+00:00,long,-25.332558701468866,-1.2735162204848878,stop_loss
OIL_BRENT/USD,asia,1.5,2026-07-22 22:20:00+00:00,short,22.503037198270025,1.1608376699571794,take_profit
OIL_BRENT/USD,asia,1.5,2026-07-29 02:05:00+00:00,short,25.06740308056706,1.2637816840347147,take_profit
OIL_BRENT/USD,asia,1.5,2026-07-29 11:05:00+00:00,short,21.58125713047015,1.0612038461538476,take_profit
OIL_BRENT/USD,asia,1.5,2026-07-30 14:10:00+00:00,long,-24.623365881025723,-1.1856280053891741,stop_loss
OIL_BRENT/USD,asia,1.5,2026-08-01 22:30:00+00:00,long,-21.881290389033545,-1.0791858899229088,stop_loss
OIL_BRENT/USD,asia,1.5,2026-08-02 22:15:00+00:00,long,-1.8606652334815874,-0.09379245427696441,time_exit
OIL_BRENT/USD,asia,1.5,2026-08-03 15:05:00+00:00,short,-22.50475797734718,-1.136552338952392,stop_loss
OIL_BRENT/USD,asia,1.5,2026-08-05 08:40:00+00:00,short,-26.156373293244116,-1.3516944113147418,stop_loss
OIL_BRENT/USD,asia,1.5,2026-08-05 11:05:00+00:00,short,22.213770136396487,1.179846614765473,take_profit
OIL_BRENT/USD,asia,1.5,2026-08-05 13:00:00+00:00,short,25.55517651912436,1.326029502596353,take_profit
OIL_BRENT/USD,asia,1.5,2026-08-06 10:55:00+00:00,short,-29.457220545092888,-1.4890127035830871,stop_loss
OIL_BRENT/USD,asia,1.5,2026-08-06 11:55:00+00:00,short,-23.269039752883472,-1.2123136331494864,stop_loss
OIL_BRENT/USD,asia,1.5,2026-08-09 17:00:00+00:00,long,12.78892893857742,0.6828581274589537,take_profit
OIL_BRENT/USD,asia,1.5,2026-08-09 19:35:00+00:00,short,-24.08814810424958,-1.2688451612903249,stop_loss
OIL_BRENT/USD,asia,1.5,2026-08-11 12:00:00+00:00,long,-22.78420048874305,-1.2314089605734817,stop_loss
OIL_BRENT/USD,asia,1.5,2026-08-11 14:00:00+00:00,long,19.851416627513174,1.09999273222234,take_profit
OIL_BRENT/USD,asia,1.5,2026-08-12 08:30:00+00:00,long,-22.845980008022934,-1.2386747079894167,stop_loss
OIL_BRENT/USD,asia,1.5,2026-08-12 11:05:00+00:00,long,-24.037558821583758,-1.3363873038791214,stop_loss
OIL_BRENT/USD,asia,1.5,2026-08-14 18:45:00+00:00,short,-25.89180615404267,-1.479006168357082,stop_loss
OIL_BRENT/USD,asia,1.5,2026-08-15 07:40:00+00:00,long,7.839483554992218,0.46146143091053377,time_exit
OIL_BRENT/USD,asia,1.5,2026-08-17 01:20:00+00:00,long,21.573435214232866,1.2582804241508494,take_profit
OIL_BRENT/USD,asia,1.5,2026-08-19 08:10:00+00:00,long,-22.436834368182716,-1.276514313197391,stop_loss
OIL_BRENT/USD,asia,1.5,2026-08-19 13:40:00+00:00,long,20.48570893375806,1.196042904081514,take_profit
OIL_BRENT/USD,asia,1.5,2026-08-19 17:10:00+00:00,short,17.935907262167348,1.0227105138250316,take_profit
OIL_BRENT/USD,asia,1.5,2026-08-21 10:40:00+00:00,long,4.226963503927253,0.2361915450804414,time_exit
OIL_BRENT/USD,asia,1.5,2026-08-22 17:20:00+00:00,long,-8.10255810691316,-0.45062086816611296,time_exit
OIL_BRENT/USD,asia,2.0,2026-07-19 00:50:00+00:00,short,-0.20834172021362224,-0.010417086010681111,time_exit
OIL_BRENT/USD,asia,2.0,2026-07-19 18:30:00+00:00,long,-30.514804265294252,-1.5260581548458392,stop_loss
OIL_BRENT/USD,asia,2.0,2026-07-19 22:10:00+00:00,short,35.01382810365622,1.8061830300929023,take_profit
OIL_BRENT/USD,asia,2.0,2026-07-21 02:25:00+00:00,long,-25.579609475185887,-1.273516220484888,stop_loss
OIL_BRENT/USD,asia,2.0,2026-07-22 22:20:00+00:00,short,-26.24731489712792,-1.340912330042834,stop_loss
OIL_BRENT/USD,asia,2.0,2026-07-29 02:05:00+00:00,short,-23.582399083892295,-1.2379683159653234,stop_loss
OIL_BRENT/USD,asia,2.0,2026-07-29 11:05:00+00:00,short,29.0099651647833,1.561553846153845,take_profit
OIL_BRENT/USD,asia,2.0,2026-07-30 14:10:00+00:00,long,-22.714055592965526,-1.1856280053891741,stop_loss
OIL_BRENT/USD,asia,2.0,2026-08-01 22:30:00+00:00,long,-20.1846022490905,-1.0791858899229088,stop_loss
OIL_BRENT/USD,asia,2.0,2026-08-02 22:15:00+00:00,long,-1.7163881557624976,-0.09379245427696441,time_exit
OIL_BRENT/USD,asia,2.0,2026-08-03 15:05:00+00:00,short,-20.759725793523575,-1.136552338952392,stop_loss
OIL_BRENT/USD,asia,2.0,2026-08-05 08:40:00+00:00,short,-24.12819270784261,-1.3516944113147416,stop_loss
OIL_BRENT/USD,asia,2.0,2026-08-05 11:05:00+00:00,short,29.181263632876913,1.6801966147654364,take_profit
OIL_BRENT/USD,asia,2.0,2026-08-06 10:55:00+00:00,short,-26.729851418766877,-1.4890127035830871,stop_loss
OIL_BRENT/USD,asia,2.0,2026-08-06 11:55:00+00:00,short,-21.114618546574558,-1.2123136331494868,stop_loss
OIL_BRENT/USD,asia,2.0,2026-08-09 17:00:00+00:00,long,20.096137990459173,1.1825081274589277,take_profit
OIL_BRENT/USD,asia,2.0,2026-08-09 19:35:00+00:00,short,-22.07337072508601,-1.268845161290325,stop_loss
OIL_BRENT/USD,asia,2.0,2026-08-11 12:00:00+00:00,long,-20.87848770632502,-1.2314089605734817,stop_loss
OIL_BRENT/USD,asia,2.0,2026-08-11 14:00:00+00:00,long,26.453913565640942,1.599642732222378,take_profit
OIL_BRENT/USD,asia,2.0,2026-08-12 08:30:00+00:00,long,-21.139800931509054,-1.238674707989417,stop_loss
OIL_BRENT/USD,asia,2.0,2026-08-12 11:05:00+00:00,long,-22.242390485734063,-1.3363873038791214,stop_loss
OIL_BRENT/USD,asia,2.0,2026-08-14 18:45:00+00:00,short,-23.958159276225768,-1.479006168357082,stop_loss
OIL_BRENT/USD,asia,2.0,2026-08-15 07:40:00+00:00,long,7.254016754815329,0.4614614309105338,time_exit
OIL_BRENT/USD,asia,2.0,2026-08-17 01:20:00+00:00,long,27.88910954551345,1.7579304241508211,take_profit
OIL_BRENT/USD,asia,2.0,2026-08-19 08:10:00+00:00,long,-20.963584946486016,-1.2765143131973913,stop_loss
OIL_BRENT/USD,asia,2.0,2026-08-19 13:40:00+00:00,long,27.136598714598748,1.6956929040815032,take_profit
OIL_BRENT/USD,asia,2.0,2026-08-19 17:10:00+00:00,short,25.200532927872462,1.5230605138250348,take_profit
OIL_BRENT/USD,asia,2.0,2026-08-21 10:40:00+00:00,long,4.027064277306009,0.23619154508044143,time_exit
OIL_BRENT/USD,asia,2.0,2026-08-22 17:20:00+00:00,long,-7.719376397934413,-0.4506208681661129,time_exit
OIL_BRENT/USD,asia,2.3,2026-07-19 00:50:00+00:00,short,-0.20834172021362224,-0.010417086010681111,time_exit
OIL_BRENT/USD,asia,2.3,2026-07-19 18:30:00+00:00,long,-30.514804265294252,-1.5260581548458392,stop_loss
OIL_BRENT/USD,asia,2.3,2026-07-19 22:10:00+00:00,short,40.833560190529994,2.1063930300929,take_profit
OIL_BRENT/USD,asia,2.3,2026-07-21 02:25:00+00:00,long,-25.72783993941608,-1.2735162204848876,stop_loss
OIL_BRENT/USD,asia,2.3,2026-07-22 22:20:00+00:00,short,-26.39941462624114,-1.340912330042834,stop_loss
OIL_BRENT/USD,asia,2.3,2026-07-29 02:05:00+00:00,short,-23.71905597723768,-1.2379683159653232,stop_loss
OIL_BRENT/USD,asia,2.3,2026-07-29 11:05:00+00:00,short,34.787582619149305,1.861763846153833,take_profit
OIL_BRENT/USD,asia,2.3,2026-07-30 14:10:00+00:00,long,-22.978696358493714,-1.1856280053891741,stop_loss
OIL_BRENT/USD,asia,2.3,2026-08-01 22:30:00+00:00,long,-20.419772431236908,-1.0791858899229088,stop_loss
OIL_BRENT/USD,asia,2.3,2026-08-02 22:15:00+00:00,long,-1.7363857415580162,-0.0937924542769644,time_exit
OIL_BRENT/USD,asia,2.3,2026-08-03 15:05:00+00:00,short,-21.00159672245865,-1.1365523389523922,stop_loss
OIL_BRENT/USD,asia,2.3,2026-08-05 08:40:00+00:00,short,-24.409309541552958,-1.3516944113147418,stop_loss
OIL_BRENT/USD,asia,2.3,2026-08-05 11:05:00+00:00,short,34.79597891886123,1.9804066147654393,take_profit
OIL_BRENT/USD,asia,2.3,2026-08-06 10:55:00+00:00,short,-27.198362757308583,-1.4890127035830871,stop_loss
OIL_BRENT/USD,asia,2.3,2026-08-06 11:55:00+00:00,short,-21.484708078426866,-1.2123136331494868,stop_loss
OIL_BRENT/USD,asia,2.3,2026-08-09 17:00:00+00:00,long,25.632457559304473,1.4822981274589526,take_profit
OIL_BRENT/USD,asia,2.3,2026-08-09 19:35:00+00:00,short,-22.591820861614863,-1.2688451612903249,stop_loss
OIL_BRENT/USD,asia,2.3,2026-08-11 12:00:00+00:00,long,-21.36887292825935,-1.2314089605734815,stop_loss
OIL_BRENT/USD,asia,2.3,2026-08-11 14:00:00+00:00,long,32.149441231136805,1.899432732222382,take_profit
OIL_BRENT/USD,asia,2.3,2026-08-12 08:30:00+00:00,long,-21.76202916522994,-1.2386747079894167,stop_loss
OIL_BRENT/USD,asia,2.3,2026-08-12 11:05:00+00:00,long,-22.89707230561062,-1.3363873038791214,stop_loss
OIL_BRENT/USD,asia,2.3,2026-08-14 18:45:00+00:00,short,-24.663342980554315,-1.479006168357082,stop_loss
OIL_BRENT/USD,asia,2.3,2026-08-15 07:40:00+00:00,long,7.467531255134148,0.4614614309105339,time_exit
OIL_BRENT/USD,asia,2.3,2026-08-17 01:20:00+00:00,long,21.05252413186736,1.2890587568712113,time_exit
OIL_BRENT/USD,asia,2.3,2026-08-19 08:10:00+00:00,long,-21.385128977330083,-1.276514313197391,stop_loss
OIL_BRENT/USD,asia,2.3,2026-08-19 13:40:00+00:00,long,32.576359002539384,1.995482904081524,take_profit
OIL_BRENT/USD,asia,2.3,2026-08-19 17:10:00+00:00,short,30.952893346622098,1.8232705138250689,take_profit
OIL_BRENT/USD,asia,2.3,2026-08-21 10:40:00+00:00,long,4.155940325389079,0.23619154508044146,time_exit
OIL_BRENT/USD,asia,2.3,2026-08-22 17:20:00+00:00,long,-7.966415594561548,-0.4506208681661129,time_exit
OIL_BRENT/USD,london,1.0,2026-07-19 00:50:00+00:00,short,-0.2686971758914247,-0.013434858794571236,time_exit
OIL_BRENT/USD,london,1.0,2026-07-20 06:20:00+00:00,short,12.81968417639102,0.6411564857565782,take_profit
OIL_BRENT/USD,london,1.0,2026-07-20 07:55:00+00:00,short,18.966102679987277,0.9365505008380344,take_profit
OIL_BRENT/USD,london,1.0,2026-07-22 16:05:00+00:00,long,8.557997050041724,0.4148257520722497,take_profit
OIL_BRENT/USD,london,1.0,2026-07-24 00:55:00+00:00,short,17.38673178069802,0.8358402197361123,take_profit
OIL_BRENT/USD,london,1.0,2026-07-24 22:45:00+00:00,short,14.882063533632785,0.7036690721649346,take_profit
OIL_BRENT/USD,london,1.0,2026-07-27 00:00:00+00:00,long,17.526023121153433,0.8171829678243208,take_profit
OIL_BRENT/USD,london,1.0,2026-07-27 05:55:00+00:00,long,-32.72169427484075,-1.5011743199687886,stop_loss
OIL_BRENT/USD,london,1.0,2026-07-27 07:00:00+00:00,long,16.2227684856697,0.7672892182257947,take_profit
OIL_BRENT/USD,london,1.0,2026-07-28 03:05:00+00:00,long,12.463566885186706,0.5805805786002607,take_profit
OIL_BRENT/USD,london,1.0,2026-07-28 23:10:00+00:00,short,16.254457247128606,0.7484776250251184,take_profit
OIL_BRENT/USD,london,1.0,2026-07-31 12:10:00+00:00,short,18.06956457003152,0.8197869914542425,take_profit
OIL_BRENT/USD,london,1.0,2026-08-01 22:30:00+00:00,long,-24.17718642294621,-1.0791858899229088,stop_loss
OIL_BRENT/USD,london,1.0,2026-08-05 13:55:00+00:00,long,-27.462249028808756,-1.2528611109847467,stop_loss
OIL_BRENT/USD,london,1.0,2026-08-05 15:05:00+00:00,long,18.599862710523755,0.8703570269625237,take_profit
OIL_BRENT/USD,london,1.0,2026-08-06 05:30:00+00:00,long,10.230036777347085,0.4705113617376738,take_profit
OIL_BRENT/USD,london,1.0,2026-08-08 14:35:00+00:00,short,14.570651393673383,0.6639023212872514,take_profit
OIL_BRENT/USD,london,1.0,2026-08-08 15:15:00+00:00,long,8.869187287249094,0.3988231982394564,take_profit
OIL_BRENT/USD,london,1.0,2026-08-09 18:00:00+00:00,long,-9.017122546590558,-0.40226677751469125,take_profit
OIL_BRENT/USD,london,1.0,2026-08-12 14:25:00+00:00,long,-26.87085964299866,-1.208470159693476,stop_loss
OIL_BRENT/USD,london,1.0,2026-08-13 03:15:00+00:00,long,9.379953279751213,0.43229540035671343,take_profit
OIL_BRENT/USD,london,1.0,2026-08-13 16:15:00+00:00,short,12.558057592428844,0.573804142032702,take_profit
OIL_BRENT/USD,london,1.0,2026-08-14 08:00:00+00:00,short,11.567158888169,0.5225312777503429,take_profit
OIL_BRENT/USD,london,1.0,2026-08-14 18:45:00+00:00,short,11.684968523259826,0.5223938316429253,take_profit
OIL_BRENT/USD,london,1.0,2026-08-15 07:40:00+00:00,long,10.429868446558554,0.4614614309105339,time_exit
OIL_BRENT/USD,london,1.0,2026-08-16 15:15:00+00:00,long,9.224237403451824,0.4043870410952809,take_profit
OIL_BRENT/USD,london,1.0,2026-08-17 01:20:00+00:00,long,17.44463275432166,0.7586304241508209,take_profit
OIL_BRENT/USD,london,1.0,2026-08-17 06:05:00+00:00,long,13.699493321123553,0.5868580125579924,take_profit
OIL_BRENT/USD,london,1.0,2026-08-19 06:55:00+00:00,short,-31.77817627508005,-1.3455188976377834,stop_loss
OIL_BRENT/USD,london,1.0,2026-08-19 11:10:00+00:00,short,10.115118969026659,0.44012798774260714,take_profit
OIL_BRENT/USD,london,1.0,2026-08-21 13:35:00+00:00,short,14.547946862070908,0.6274852502093751,take_profit
OIL_BRENT/USD,london,1.0,2026-08-21 18:00:00+00:00,short,6.226257023033078,0.26522380952375946,take_profit
OIL_BRENT/USD,london,1.0,2026-08-22 17:20:00+00:00,long,-10.634656142306973,-0.45062086816611296,time_exit
OIL_BRENT/USD,london,1.5,2026-07-19 00:50:00+00:00,short,-0.2686971758914247,-0.013434858794571236,time_exit
OIL_BRENT/USD,london,1.5,2026-07-20 06:20:00+00:00,short,22.82399532375167,1.141506485756568,take_profit
OIL_BRENT/USD,london,1.5,2026-07-20 07:55:00+00:00,short,-2.9324596662074307,-0.14338880603909407,time_exit
OIL_BRENT/USD,london,1.5,2026-07-22 16:05:00+00:00,long,18.648407241009636,0.9144757520721816,take_profit
OIL_BRENT/USD,london,1.5,2026-07-24 00:55:00+00:00,short,27.746557679357295,1.3361902197361253,take_profit
OIL_BRENT/USD,london,1.5,2026-07-24 22:45:00+00:00,short,25.67011533126778,1.204019072164923,take_profit
OIL_BRENT/USD,london,1.5,2026-07-27 00:00:00+00:00,long,-25.79477402023871,-1.1814170321756892,stop_loss
OIL_BRENT/USD,london,1.5,2026-07-27 07:00:00+00:00,long,27.008436549500143,1.2669392182258166,take_profit
OIL_BRENT/USD,london,1.5,2026-07-28 03:05:00+00:00,long,23.611714149608517,1.0802305786002997,take_profit
OIL_BRENT/USD,london,1.5,2026-07-28 23:10:00+00:00,short,27.886652940370595,1.2488276250251156,take_profit
OIL_BRENT/USD,london,1.5,2026-07-31 12:10:00+00:00,short,30.215294096770087,1.320136991454249,take_profit
OIL_BRENT/USD,london,1.5,2026-08-01 22:30:00+00:00,long,-25.35256391479318,-1.0791858899229088,stop_loss
OIL_BRENT/USD,london,1.5,2026-08-05 13:55:00+00:00,long,-28.797330324840914,-1.2528611109847465,stop_loss
OIL_BRENT/USD,london,1.5,2026-08-05 15:05:00+00:00,long,13.270593588433073,0.5921911645744999,time_exit
OIL_BRENT/USD,london,1.5,2026-08-06 05:30:00+00:00,long,21.99813610291674,0.9701613617377187,take_profit
OIL_BRENT/USD,london,1.5,2026-08-08 14:35:00+00:00,short,-30.915832928037094,-1.3374976787127741,stop_loss
OIL_BRENT/USD,london,1.5,2026-08-09 18:00:00+00:00,long,-1.7637187486342167,-0.07840016627204466,take_profit
OIL_BRENT/USD,london,1.5,2026-08-12 14:25:00+00:00,long,-27.143557653016245,-1.208470159693476,stop_loss
OIL_BRENT/USD,london,1.5,2026-08-13 03:15:00+00:00,long,20.4265837272103,0.9319454003567103,take_profit
OIL_BRENT/USD,london,1.5,2026-08-13 16:15:00+00:00,short,23.982372114161677,1.0741541420326683,take_profit
OIL_BRENT/USD,london,1.5,2026-08-14 08:00:00+00:00,short,23.32823802654986,1.0228812777503933,take_profit
OIL_BRENT/USD,london,1.5,2026-08-14 18:45:00+00:00,short,-34.420856200900644,-1.479006168357082,stop_loss
OIL_BRENT/USD,london,1.5,2026-08-15 07:40:00+00:00,long,10.421896971199908,0.46146143091053377,time_exit
OIL_BRENT/USD,london,1.5,2026-08-16 15:15:00+00:00,long,20.60570187112251,0.904037041095256,take_profit
OIL_BRENT/USD,london,1.5,2026-08-17 01:20:00+00:00,long,29.19852068176018,1.2582804241508494,take_profit
OIL_BRENT/USD,london,1.5,2026-08-17 06:05:00+00:00,long,25.847013553107963,1.0865080125579625,take_profit
OIL_BRENT/USD,london,1.5,2026-08-19 06:55:00+00:00,short,-32.70419414813113,-1.3455188976377832,stop_loss
OIL_BRENT/USD,london,1.5,2026-08-19 11:10:00+00:00,short,22.244114739339892,0.9404779877425976,take_profit
OIL_BRENT/USD,london,1.5,2026-08-21 13:35:00+00:00,short,-33.10695883237902,-1.3739147497906468,stop_loss
OIL_BRENT/USD,london,1.5,2026-08-21 18:00:00+00:00,short,17.940968072135092,0.7655738095237761,take_profit
OIL_BRENT/USD,london,1.5,2026-08-22 17:20:00+00:00,long,-10.7218419411954,-0.45062086816611296,time_exit
OIL_BRENT/USD,london,2.0,2026-07-19 00:50:00+00:00,short,-0.2686971758914247,-0.013434858794571236,time_exit
OIL_BRENT/USD,london,2.0,2026-07-20 06:20:00+00:00,short,32.82830647111232,1.6418564857565578,take_profit
OIL_BRENT/USD,london,2.0,2026-07-20 07:55:00+00:00,short,-2.961149790820704,-0.1433888060390941,time_exit
OIL_BRENT/USD,london,2.0,2026-07-22 16:05:00+00:00,long,29.11963391758172,1.4141257520722461,take_profit
OIL_BRENT/USD,london,2.0,2026-07-24 00:55:00+00:00,short,38.88756719863625,1.8365402197361198,take_profit
OIL_BRENT/USD,london,2.0,2026-07-24 22:45:00+00:00,short,37.41450282789907,1.7043690721649443,take_profit
OIL_BRENT/USD,london,2.0,2026-07-27 00:00:00+00:00,long,-26.818643059218257,-1.1814170321756894,stop_loss
OIL_BRENT/USD,london,2.0,2026-07-27 07:00:00+00:00,long,-27.29080960867834,-1.2313107817742113,stop_loss
OIL_BRENT/USD,london,2.0,2026-07-28 03:05:00+00:00,long,34.15419678326563,1.5798805786002383,take_profit
OIL_BRENT/USD,london,2.0,2026-07-28 23:10:00+00:00,short,39.00893173522891,1.749177625025113,take_profit
OIL_BRENT/USD,london,2.0,2026-07-31 12:10:00+00:00,short,-27.27337322676374,-1.1816130085457632,stop_loss
OIL_BRENT/USD,london,2.0,2026-08-01 22:30:00+00:00,long,-24.32054327487678,-1.0791858899229088,stop_loss
OIL_BRENT/USD,london,2.0,2026-08-05 13:55:00+00:00,long,-27.625084418288427,-1.2528611109847465,stop_loss
OIL_BRENT/USD,london,2.0,2026-08-05 15:05:00+00:00,long,12.730390769766121,0.5921911645744999,time_exit
OIL_BRENT/USD,london,2.0,2026-08-06 05:30:00+00:00,long,31.9709025332245,1.4698113617376956,take_profit
OIL_BRENT/USD,london,2.0,2026-08-08 14:35:00+00:00,short,-29.94807454627128,-1.3374976787127741,stop_loss
OIL_BRENT/USD,london,2.0,2026-08-09 18:00:00+00:00,long,5.349244323929504,0.24546644497060197,take_profit
OIL_BRENT/USD,london,2.0,2026-08-12 14:25:00+00:00,long,-26.464464499054078,-1.2084701596934757,stop_loss
OIL_BRENT/USD,london,2.0,2026-08-13 03:15:00+00:00,long,30.59298861414285,1.4315954003567068,take_profit
OIL_BRENT/USD,london,2.0,2026-08-13 16:15:00+00:00,short,34.610303696342605,1.5745041420326849,take_profit
OIL_BRENT/USD,london,2.0,2026-08-14 08:00:00+00:00,short,34.537628071409515,1.5232312777503316,take_profit
OIL_BRENT/USD,london,2.0,2026-08-14 18:45:00+00:00,short,-34.556498663855756,-1.479006168357082,stop_loss
OIL_BRENT/USD,london,2.0,2026-08-15 07:40:00+00:00,long,10.462966599613193,0.4614614309105339,time_exit
OIL_BRENT/USD,london,2.0,2026-08-16 15:15:00+00:00,long,32.12029614838229,1.403687041095231,take_profit
OIL_BRENT/USD,london,2.0,2026-08-17 01:20:00+00:00,long,41.35568314687414,1.7579304241508211,take_profit
OIL_BRENT/USD,london,2.0,2026-08-19 06:55:00+00:00,short,-32.76651226647783,-1.3455188976377832,stop_loss
OIL_BRENT/USD,london,2.0,2026-08-19 11:10:00+00:00,short,34.14329195888848,1.4408279877425882,take_profit
OIL_BRENT/USD,london,2.0,2026-08-21 13:35:00+00:00,short,-33.495848819490256,-1.373914749790647,stop_loss
OIL_BRENT/USD,london,2.0,2026-08-21 18:00:00+00:00,short,30.014980997680404,1.265923809523712,take_profit
OIL_BRENT/USD,london,2.0,2026-08-22 17:20:00+00:00,long,-10.95470250357111,-0.450620868166113,time_exit
OIL_BRENT/USD,london,2.3,2026-07-19 00:50:00+00:00,short,-0.2686971758914247,-0.013434858794571236,time_exit
OIL_BRENT/USD,london,2.3,2026-07-20 06:20:00+00:00,short,38.83089315952921,1.9420664857565766,take_profit
OIL_BRENT/USD,london,2.3,2026-07-20 07:55:00+00:00,short,-2.978363865588669,-0.14338880603909407,time_exit
OIL_BRENT/USD,london,2.3,2026-07-22 16:05:00+00:00,long,35.49806884916818,1.713915752072192,take_profit
OIL_BRENT/USD,london,2.3,2026-07-24 00:55:00+00:00,short,45.7726897449413,2.1367502197361032,take_profit
OIL_BRENT/USD,london,2.3,2026-07-24 22:45:00+00:00,short,44.776466783858744,2.0045790721649435,take_profit
OIL_BRENT/USD,london,2.3,2026-07-27 00:00:00+00:00,long,-27.447414328601056,-1.1814170321756894,stop_loss
OIL_BRENT/USD,london,2.3,2026-07-27 07:00:00+00:00,long,-27.930650966879895,-1.2313107817742113,stop_loss
OIL_BRENT/USD,london,2.3,2026-07-28 03:05:00+00:00,long,41.58782403855617,1.8796705786002212,take_profit
OIL_BRENT/USD,london,2.3,2026-07-28 23:10:00+00:00,short,-28.76310883150825,-1.2529223749749006,stop_loss
OIL_BRENT/USD,london,2.3,2026-07-31 12:10:00+00:00,short,-26.44633553292742,-1.1816130085457632,stop_loss
OIL_BRENT/USD,london,2.3,2026-08-01 22:30:00+00:00,long,-23.583047188284805,-1.0791858899229088,stop_loss
OIL_BRENT/USD,london,2.3,2026-08-05 13:55:00+00:00,long,-26.787381435259004,-1.2528611109847465,stop_loss
OIL_BRENT/USD,london,2.3,2026-08-05 15:05:00+00:00,long,12.344354435487867,0.5921911645744998,time_exit
OIL_BRENT/USD,london,2.3,2026-08-06 05:30:00+00:00,long,37.324619417640506,1.7696013617377224,take_profit
OIL_BRENT/USD,london,2.3,2026-08-08 14:35:00+00:00,short,-29.209074588879098,-1.3374976787127741,stop_loss
OIL_BRENT/USD,london,2.3,2026-08-09 18:00:00+00:00,long,9.3474037197184,0.43978641171626764,take_profit
OIL_BRENT/USD,london,2.3,2026-08-12 14:25:00+00:00,long,-25.911249694600254,-1.208470159693476,stop_loss
OIL_BRENT/USD,london,2.3,2026-08-13 03:15:00+00:00,long,36.22601900582443,1.731385400356718,take_profit
OIL_BRENT/USD,london,2.3,2026-08-13 16:15:00+00:00,short,40.58317492681217,1.8747141420326545,take_profit
OIL_BRENT/USD,london,2.3,2026-08-14 08:00:00+00:00,short,40.9532581045359,1.8234412777503957,take_profit
OIL_BRENT/USD,london,2.3,2026-08-14 18:45:00+00:00,short,-34.428880878342454,-1.479006168357082,stop_loss
OIL_BRENT/USD,london,2.3,2026-08-15 07:40:00+00:00,long,10.424326671409505,0.4614614309105339,time_exit
OIL_BRENT/USD,london,2.3,2026-08-16 15:15:00+00:00,long,38.83637702726001,1.7034770410952162,take_profit
OIL_BRENT/USD,london,2.3,2026-08-17 01:20:00+00:00,long,30.389592971372807,1.2890587568712113,time_exit
OIL_BRENT/USD,london,2.3,2026-08-19 06:55:00+00:00,short,-32.538437658300964,-1.3455188976377832,stop_loss
OIL_BRENT/USD,london,2.3,2026-08-19 11:10:00+00:00,short,40.970190427482486,1.741037987742646,take_profit
OIL_BRENT/USD,london,2.3,2026-08-21 13:35:00+00:00,short,-33.45681955255665,-1.3739147497906468,stop_loss
OIL_BRENT/USD,london,2.3,2026-08-21 18:00:00+00:00,short,37.08967569981249,1.5661338095237867,take_profit
OIL_BRENT/USD,london,2.3,2026-08-22 17:20:00+00:00,long,-11.006013411625032,-0.4506208681661129,time_exit
OIL_BRENT/USD,newyork,1.0,2026-07-19 00:50:00+00:00,short,-0.42288910975872585,-0.02114445548793629,time_exit
OIL_BRENT/USD,newyork,1.0,2026-07-19 22:00:00+00:00,long,-22.20231691125767,-1.1105855000763216,stop_loss
OIL_BRENT/USD,newyork,1.0,2026-07-20 07:55:00+00:00,short,18.307217056149756,0.9365505008380344,take_profit
OIL_BRENT/USD,newyork,1.0,2026-07-24 01:25:00+00:00,long,12.967397006692693,0.6511816454940014,take_profit
OIL_BRENT/USD,newyork,1.0,2026-07-24 22:45:00+00:00,short,14.195107861930046,0.7036690721649346,take_profit
OIL_BRENT/USD,newyork,1.0,2026-07-26 21:10:00+00:00,short,14.486866818062284,0.7081656396848403,take_profit
OIL_BRENT/USD,newyork,1.0,2026-07-26 22:00:00+00:00,short,18.885953859316917,0.910314397784954,take_profit
OIL_BRENT/USD,newyork,1.0,2026-07-28 23:10:00+00:00,short,15.811100871892085,0.7484776250251183,take_profit
OIL_BRENT/USD,newyork,1.0,2026-08-01 11:30:00+00:00,short,-0.21709611428005715,-0.01012548299538787,take_profit
OIL_BRENT/USD,newyork,1.0,2026-08-01 12:10:00+00:00,short,8.858289214558196,0.4132391995168543,take_profit
OIL_BRENT/USD,newyork,1.0,2026-08-01 22:30:00+00:00,long,-23.3248683392266,-1.0791858899229088,stop_loss
OIL_BRENT/USD,newyork,1.0,2026-08-03 08:10:00+00:00,short,18.47154437944618,0.8734872975947213,take_profit
OIL_BRENT/USD,newyork,1.0,2026-08-03 14:30:00+00:00,long,14.908164826884445,0.692876875704264,take_profit
OIL_BRENT/USD,newyork,1.0,2026-08-03 15:20:00+00:00,long,13.307880671472727,0.6100477719245804,take_profit
OIL_BRENT/USD,newyork,1.0,2026-08-03 18:40:00+00:00,long,18.90827837125613,0.8563280928964346,take_profit
OIL_BRENT/USD,newyork,1.0,2026-08-05 14:15:00+00:00,long,-28.227063590858517,-1.256836863192702,stop_loss
OIL_BRENT/USD,newyork,1.0,2026-08-05 15:05:00+00:00,long,19.055832908769947,0.8703570269625238,take_profit
OIL_BRENT/USD,newyork,1.0,2026-08-06 02:05:00+00:00,short,13.992851226812224,0.6281754207631763,take_profit
OIL_BRENT/USD,newyork,1.0,2026-08-06 06:50:00+00:00,short,11.116549516699259,0.4928587344879024,take_profit
OIL_BRENT/USD,newyork,1.0,2026-08-06 07:20:00+00:00,short,-31.263981223530198,-1.372577187718754,stop_loss
OIL_BRENT/USD,newyork,1.0,2026-08-07 15:20:00+00:00,short,17.579979076900866,0.793596238085495,take_profit
OIL_BRENT/USD,newyork,1.0,2026-08-09 19:35:00+00:00,short,-28.55395950861763,-1.268845161290325,stop_loss
OIL_BRENT/USD,newyork,1.0,2026-08-16 19:50:00+00:00,short,-32.86482914513319,-1.4984317554240598,stop_loss
OIL_BRENT/USD,newyork,1.0,2026-08-16 22:15:00+00:00,short,9.188848928413996,0.43189773243694934,take_profit
OIL_BRENT/USD,newyork,1.0,2026-08-17 01:20:00+00:00,long,16.27967571637087,0.7586304241508208,take_profit
OIL_BRENT/USD,newyork,1.0,2026-08-17 03:05:00+00:00,short,9.412260978759893,0.43205454247299563,take_profit
OIL_BRENT/USD,newyork,1.0,2026-08-17 06:05:00+00:00,long,12.895110868021982,0.5868580125579924,take_profit
OIL_BRENT/USD,newyork,1.0,2026-08-19 09:15:00+00:00,short,7.815143429060683,0.35154199211745124,take_profit
OIL_BRENT/USD,newyork,1.0,2026-08-19 10:40:00+00:00,short,12.816224811308862,0.5724764193914607,take_profit
OIL_BRENT/USD,newyork,1.0,2026-08-19 12:00:00+00:00,long,-8.299530341041073,-0.36652768718156686,time_exit
OIL_BRENT/USD,newyork,1.0,2026-08-20 07:45:00+00:00,short,7.065575363635389,0.31433746598046425,take_profit
OIL_BRENT/USD,newyork,1.0,2026-08-22 00:15:00+00:00,long,14.406018704169309,0.636899393104966,take_profit
OIL_BRENT/USD,newyork,1.5,2026-07-19 00:50:00+00:00,short,-0.42288910975872585,-0.02114445548793629,time_exit
OIL_BRENT/USD,newyork,1.5,2026-07-19 22:00:00+00:00,long,-22.20231691125767,-1.1105855000763216,stop_loss
OIL_BRENT/USD,newyork,1.5,2026-07-20 07:55:00+00:00,short,-2.8028920952270404,-0.14338880603909407,time_exit
OIL_BRENT/USD,newyork,1.5,2026-07-24 01:25:00+00:00,long,22.431363709941355,1.1508316454939662,take_profit
OIL_BRENT/USD,newyork,1.5,2026-07-24 22:45:00+00:00,short,24.008218935710453,1.204019072164923,take_profit
OIL_BRENT/USD,newyork,1.5,2026-07-26 21:10:00+00:00,short,24.67816694703308,1.2085156396848673,take_profit
OIL_BRENT/USD,newyork,1.5,2026-07-26 22:00:00+00:00,short,29.50234324939944,1.4106643977849533,take_profit
OIL_BRENT/USD,newyork,1.5,2026-07-28 23:10:00+00:00,short,26.85458930438977,1.2488276250251156,take_profit
OIL_BRENT/USD,newyork,1.5,2026-08-01 11:30:00+00:00,short,10.805005087454628,0.4902245170045476,take_profit
OIL_BRENT/USD,newyork,1.5,2026-08-01 22:30:00+00:00,long,-24.019474651081847,-1.0791858899229088,stop_loss
OIL_BRENT/USD,newyork,1.5,2026-08-03 08:10:00+00:00,short,-0.6438705819106345,-0.029567027522238977,time_exit
OIL_BRENT/USD,newyork,1.5,2026-08-05 14:15:00+00:00,long,-27.353501980144248,-1.256836863192702,stop_loss
OIL_BRENT/USD,newyork,1.5,2026-08-05 15:05:00+00:00,long,12.564339224590872,0.5921911645744999,time_exit
OIL_BRENT/USD,newyork,1.5,2026-08-06 06:50:00+00:00,short,21.322186859374767,0.9932087344878918,take_profit
OIL_BRENT/USD,newyork,1.5,2026-08-06 07:20:00+00:00,short,-30.05178878703167,-1.372577187718754,stop_loss
OIL_BRENT/USD,newyork,1.5,2026-08-07 15:20:00+00:00,short,27.55250134834402,1.2939462380854945,take_profit
OIL_BRENT/USD,newyork,1.5,2026-08-09 19:35:00+00:00,short,-27.717211501511663,-1.268845161290325,stop_loss
OIL_BRENT/USD,newyork,1.5,2026-08-16 19:50:00+00:00,short,-31.901754994846996,-1.4984317554240596,stop_loss
OIL_BRENT/USD,newyork,1.5,2026-08-16 22:15:00+00:00,short,19.252836367178652,0.932247732436976,take_profit
OIL_BRENT/USD,newyork,1.5,2026-08-17 01:20:00+00:00,long,26.470592512256875,1.2582804241508494,take_profit
OIL_BRENT/USD,newyork,1.5,2026-08-17 03:05:00+00:00,short,20.10872947318704,0.9324045424729634,take_profit
OIL_BRENT/USD,newyork,1.5,2026-08-17 06:05:00+00:00,long,23.869172321894084,1.0865080125579623,take_profit
OIL_BRENT/USD,newyork,1.5,2026-08-19 09:15:00+00:00,short,19.12164167984869,0.8518919921174878,take_profit
OIL_BRENT/USD,newyork,1.5,2026-08-19 10:40:00+00:00,short,24.49103907996568,1.072826419391463,take_profit
OIL_BRENT/USD,newyork,1.5,2026-08-20 07:45:00+00:00,short,18.997159740761656,0.8146874659804193,take_profit
OIL_BRENT/USD,newyork,1.5,2026-08-22 00:15:00+00:00,long,-0.603660026595751,-0.025472731870422743,time_exit
OIL_BRENT/USD,newyork,2.0,2026-07-19 00:50:00+00:00,short,-0.42288910975872585,-0.02114445548793629,time_exit
OIL_BRENT/USD,newyork,2.0,2026-07-19 22:00:00+00:00,long,-22.20231691125767,-1.1105855000763216,stop_loss
OIL_BRENT/USD,newyork,2.0,2026-07-20 07:55:00+00:00,short,-2.8028920952270404,-0.14338880603909407,time_exit
OIL_BRENT/USD,newyork,2.0,2026-07-24 01:25:00+00:00,long,32.17026072546652,1.6504816454940066,take_profit
OIL_BRENT/USD,newyork,2.0,2026-07-24 22:45:00+00:00,short,34.31720411191222,1.704369072164944,take_profit
OIL_BRENT/USD,newyork,2.0,2026-07-26 21:10:00+00:00,short,35.580611613236584,1.708865639684861,take_profit
OIL_BRENT/USD,newyork,2.0,2026-07-28 23:10:00+00:00,short,37.66469120620012,1.749177625025113,take_profit
OIL_BRENT/USD,newyork,2.0,2026-08-01 11:30:00+00:00,short,22.076036196522377,0.9905745170045965,take_profit
OIL_BRENT/USD,newyork,2.0,2026-08-01 22:30:00+00:00,long,-24.52732046424219,-1.0791858899229088,stop_loss
OIL_BRENT/USD,newyork,2.0,2026-08-03 08:10:00+00:00,short,-0.65748399286114,-0.029567027522238973,time_exit
OIL_BRENT/USD,newyork,2.0,2026-08-05 14:15:00+00:00,long,-27.931839419146634,-1.256836863192702,stop_loss
OIL_BRENT/USD,newyork,2.0,2026-08-05 15:05:00+00:00,long,12.829988126701533,0.5921911645744999,time_exit
OIL_BRENT/USD,newyork,2.0,2026-08-06 06:50:00+00:00,short,-33.07006210577035,-1.5085412655121198,stop_loss
OIL_BRENT/USD,newyork,2.0,2026-08-07 15:20:00+00:00,short,38.147598849018195,1.794296238085494,take_profit
OIL_BRENT/USD,newyork,2.0,2026-08-09 19:35:00+00:00,short,-27.944324791475143,-1.268845161290325,stop_loss
OIL_BRENT/USD,newyork,2.0,2026-08-16 19:50:00+00:00,short,-32.16315620153381,-1.4984317554240598,stop_loss
OIL_BRENT/USD,newyork,2.0,2026-08-16 22:15:00+00:00,short,29.828521544028746,1.432597732436936,take_profit
OIL_BRENT/USD,newyork,2.0,2026-08-17 01:20:00+00:00,long,37.651094609950114,1.7579304241508213,take_profit
OIL_BRENT/USD,newyork,2.0,2026-08-19 09:15:00+00:00,short,29.980387416804252,1.3522419921174516,take_profit
OIL_BRENT/USD,newyork,2.0,2026-08-19 10:40:00+00:00,short,35.82198563345711,1.5731764193914175,take_profit
OIL_BRENT/USD,newyork,2.0,2026-08-20 07:45:00+00:00,short,30.886182257531974,1.315037465980451,take_profit
OIL_BRENT/USD,newyork,2.0,2026-08-22 00:15:00+00:00,long,-0.614011172773667,-0.025472731870422753,time_exit
OIL_BRENT/USD,newyork,2.3,2026-07-19 00:50:00+00:00,short,-0.42288910975872585,-0.02114445548793629,time_exit
OIL_BRENT/USD,newyork,2.3,2026-07-19 22:00:00+00:00,long,-22.20231691125767,-1.1105855000763216,stop_loss
OIL_BRENT/USD,newyork,2.3,2026-07-20 07:55:00+00:00,short,-2.8028920952270404,-0.14338880603909407,time_exit
OIL_BRENT/USD,newyork,2.3,2026-07-24 01:25:00+00:00,long,-26.263121367680057,-1.347418354506009,stop_loss
OIL_BRENT/USD,newyork,2.3,2026-07-24 22:45:00+00:00,short,38.01919870745572,2.004579072164944,take_profit
OIL_BRENT/USD,newyork,2.3,2026-07-26 21:10:00+00:00,short,39.63215031595128,2.00907563968483,take_profit
OIL_BRENT/USD,newyork,2.3,2026-07-28 23:10:00+00:00,short,-25.708968042643335,-1.2529223749749008,stop_loss
OIL_BRENT/USD,newyork,2.3,2026-08-01 11:30:00+00:00,short,25.82217424751758,1.2907845170044898,take_profit
OIL_BRENT/USD,newyork,2.3,2026-08-01 22:30:00+00:00,long,-22.146477319228847,-1.0791858899229088,stop_loss
OIL_BRENT/USD,newyork,2.3,2026-08-03 08:10:00+00:00,short,-0.5936626610674138,-0.02956702752223897,time_exit
OIL_BRENT/USD,newyork,2.3,2026-08-05 14:15:00+00:00,long,-25.220522930024245,-1.256836863192702,stop_loss
OIL_BRENT/USD,newyork,2.3,2026-08-05 15:05:00+00:00,long,11.584593656213304,0.5921911645744998,time_exit
OIL_BRENT/USD,newyork,2.3,2026-08-06 06:50:00+00:00,short,-29.85998333730176,-1.5085412655121198,stop_loss
OIL_BRENT/USD,newyork,2.3,2026-08-07 15:20:00+00:00,short,40.20770354221777,2.094506238085499,take_profit
OIL_BRENT/USD,newyork,2.3,2026-08-09 19:35:00+00:00,short,-25.378044848816188,-1.2688451612903249,stop_loss
OIL_BRENT/USD,newyork,2.3,2026-08-16 19:50:00+00:00,short,-29.20943793249254,-1.49843175542406,stop_loss
OIL_BRENT/USD,newyork,2.3,2026-08-16 22:15:00+00:00,short,32.765921469448706,1.7328077324369124,take_profit
OIL_BRENT/USD,newyork,2.3,2026-08-17 01:20:00+00:00,long,25.219749453338068,1.2890587568712115,time_exit
OIL_BRENT/USD,newyork,2.3,2026-08-19 09:15:00+00:00,short,33.162833464709905,1.6524519921174732,take_profit
OIL_BRENT/USD,newyork,2.3,2026-08-19 10:40:00+00:00,short,38.83927236422631,1.873386419391428,take_profit
OIL_BRENT/USD,newyork,2.3,2026-08-20 07:45:00+00:00,short,-36.28686880798158,-1.687062534019585,stop_loss
OIL_BRENT/USD,newyork,2.3,2026-08-22 00:15:00+00:00,long,-0.5294040719228592,-0.02547273187042275,time_exit
OIL_BRENT/USD,prevday,1.0,2026-07-19 00:50:00+00:00,short,-0.25713814791540557,-0.012856907395770278,time_exit
OIL_BRENT/USD,prevday,1.0,2026-07-21 13:10:00+00:00,short,-25.46180453743894,-1.273417671133425,stop_loss
OIL_BRENT/USD,prevday,1.0,2026-07-21 15:05:00+00:00,short,9.598786437642211,0.4926086967193424,take_profit
OIL_BRENT/USD,prevday,1.0,2026-07-24 15:40:00+00:00,long,15.307937906236972,0.7779373672224076,take_profit
OIL_BRENT/USD,prevday,1.0,2026-07-27 11:10:00+00:00,long,12.280179311154358,0.6145080802915154,take_profit
OIL_BRENT/USD,prevday,1.0,2026-07-29 02:05:00+00:00,short,15.443733775804098,0.7634316840346788,take_profit
OIL_BRENT/USD,prevday,1.0,2026-07-29 11:05:00+00:00,short,11.518947473166385,0.5608538461537981,take_profit
OIL_BRENT/USD,prevday,1.0,2026-08-05 14:15:00+00:00,long,-26.102758220185414,-1.256836863192702,stop_loss
OIL_BRENT/USD,prevday,1.0,2026-08-05 15:05:00+00:00,long,17.62173374856332,0.8703570269625237,take_profit
OIL_BRENT/USD,prevday,1.0,2026-08-07 15:20:00+00:00,short,16.347282841232694,0.793596238085495,take_profit
OIL_BRENT/USD,prevday,1.0,2026-08-09 19:35:00+00:00,short,-26.551775191689565,-1.2688451612903249,stop_loss
OIL_BRENT/USD,prevday,1.0,2026-08-13 03:15:00+00:00,long,8.81662254490235,0.4322954003567134,take_profit
OIL_BRENT/USD,prevday,1.0,2026-08-15 00:55:00+00:00,short,12.618169141733853,0.6133889952152803,take_profit
OIL_BRENT/USD,prevday,1.0,2026-08-15 07:40:00+00:00,long,9.609287487450555,0.4614614309105339,time_exit
OIL_BRENT/USD,prevday,1.0,2026-08-17 01:20:00+00:00,long,15.943213199130835,0.7586304241508209,take_profit
OIL_BRENT/USD,prevday,1.0,2026-08-17 02:35:00+00:00,short,13.322011619121854,0.624430803695556,take_profit
OIL_BRENT/USD,prevday,1.0,2026-08-17 12:05:00+00:00,short,-27.53608209256029,-1.274754370857961,stop_loss
OIL_BRENT/USD,prevday,1.0,2026-08-19 09:15:00+00:00,short,7.400087930974525,0.3515419921174512,take_profit
OIL_BRENT/USD,prevday,1.0,2026-08-19 10:40:00+00:00,short,12.135566212918773,0.5724764193914607,take_profit
OIL_BRENT/USD,prevday,1.0,2026-08-19 12:00:00+00:00,long,-7.858749473632731,-0.3665276871815668,time_exit
OIL_BRENT/USD,prevday,1.0,2026-08-20 07:45:00+00:00,short,6.690328776232521,0.31433746598046425,take_profit
OIL_BRENT/USD,prevday,1.0,2026-08-21 13:35:00+00:00,short,13.439298131560696,0.627485250209375,take_profit
OIL_BRENT/USD,prevday,1.0,2026-08-21 15:00:00+00:00,short,-26.916740859821694,-1.2411751027866729,stop_loss
OIL_BRENT/USD,prevday,1.0,2026-08-21 18:00:00+00:00,short,5.608996291713051,0.26522380952375935,take_profit
OIL_BRENT/USD,prevday,1.5,2026-07-19 00:50:00+00:00,short,-0.25713814791540557,-0.012856907395770278,time_exit
OIL_BRENT/USD,prevday,1.5,2026-07-21 13:10:00+00:00,short,-25.46180453743894,-1.273417671133425,stop_loss
OIL_BRENT/USD,prevday,1.5,2026-07-21 15:05:00+00:00,short,19.348416978189682,0.9929586967193328,take_profit
OIL_BRENT/USD,prevday,1.5,2026-07-24 15:40:00+00:00,long,25.388969281127295,1.2775873672224038,take_profit
OIL_BRENT/USD,prevday,1.5,2026-07-27 11:10:00+00:00,long,22.70695265748106,1.1141580802915536,take_profit
OIL_BRENT/USD,prevday,1.5,2026-07-29 02:05:00+00:00,short,26.330269511022088,1.2637816840347147,take_profit
OIL_BRENT/USD,prevday,1.5,2026-07-29 11:05:00+00:00,short,22.66849560784626,1.0612038461538478,take_profit
OIL_BRENT/USD,prevday,1.5,2026-08-05 14:15:00+00:00,long,-27.417246671200346,-1.2568368631927023,stop_loss
OIL_BRENT/USD,prevday,1.5,2026-08-05 15:05:00+00:00,long,12.593619202078836,0.5921911645744999,time_exit
OIL_BRENT/USD,prevday,1.5,2026-08-07 15:20:00+00:00,short,27.84314896739484,1.2939462380854945,take_profit
OIL_BRENT/USD,prevday,1.5,2026-08-09 19:35:00+00:00,short,-28.00959662574382,-1.268845161290325,stop_loss
OIL_BRENT/USD,prevday,1.5,2026-08-13 03:15:00+00:00,long,20.05050867324612,0.9319454003567101,take_profit
OIL_BRENT/USD,prevday,1.5,2026-08-15 00:55:00+00:00,short,24.408360673838576,1.113738995215259,take_profit
OIL_BRENT/USD,prevday,1.5,2026-08-15 07:40:00+00:00,long,10.338516883463967,0.4614614309105338,time_exit
OIL_BRENT/USD,prevday,1.5,2026-08-17 01:20:00+00:00,long,28.450512413490728,1.2582804241508492,take_profit
OIL_BRENT/USD,prevday,1.5,2026-08-17 02:35:00+00:00,short,26.072013768144494,1.1247808036955416,take_profit
OIL_BRENT/USD,prevday,1.5,2026-08-17 12:05:00+00:00,short,-30.213055289254058,-1.274754370857961,stop_loss
OIL_BRENT/USD,prevday,1.5,2026-08-19 09:15:00+00:00,short,19.675995036113363,0.8518919921174877,take_profit
OIL_BRENT/USD,prevday,1.5,2026-08-19 10:40:00+00:00,short,25.201056030377224,1.072826419391463,take_profit
OIL_BRENT/USD,prevday,1.5,2026-08-20 07:45:00+00:00,short,19.547904255176736,0.8146874659804193,take_profit
OIL_BRENT/USD,prevday,1.5,2026-08-21 13:35:00+00:00,short,-33.503348041918855,-1.373914749790647,stop_loss
OIL_BRENT/USD,prevday,1.5,2026-08-21 18:00:00+00:00,short,18.155775061460176,0.765573809523776,take_profit
OIL_BRENT/USD,prevday,2.0,2026-07-19 00:50:00+00:00,short,-0.25713814791540557,-0.012856907395770278,time_exit
OIL_BRENT/USD,prevday,2.0,2026-07-21 13:10:00+00:00,short,-25.46180453743894,-1.273417671133425,stop_loss
OIL_BRENT/USD,prevday,2.0,2026-07-21 15:05:00+00:00,short,29.09804751873715,1.493308696719323,take_profit
OIL_BRENT/USD,prevday,2.0,2026-07-24 15:40:00+00:00,long,35.66485677200099,1.7772373672223996,take_profit
OIL_BRENT/USD,prevday,2.0,2026-07-27 11:10:00+00:00,long,33.53635082033721,1.6138080802915011,take_profit
OIL_BRENT/USD,prevday,2.0,2026-07-29 02:05:00+00:00,short,-26.556408862224608,-1.2379683159653234,stop_loss
OIL_BRENT/USD,prevday,2.0,2026-07-29 11:05:00+00:00,short,32.668452995568735,1.561553846153845,take_profit
OIL_BRENT/USD,prevday,2.0,2026-08-05 14:15:00+00:00,long,-27.114806355352787,-1.256836863192702,stop_loss
OIL_BRENT/USD,prevday,2.0,2026-08-05 15:05:00+00:00,long,12.454698681910722,0.5921911645744999,time_exit
OIL_BRENT/USD,prevday,2.0,2026-08-07 15:20:00+00:00,short,38.18378122754244,1.7942962380854943,take_profit
OIL_BRENT/USD,prevday,2.0,2026-08-09 19:35:00+00:00,short,-27.97082953011443,-1.268845161290325,stop_loss
OIL_BRENT/USD,prevday,2.0,2026-08-13 03:15:00+00:00,long,30.757689760199273,1.4315954003567068,take_profit
OIL_BRENT/USD,prevday,2.0,2026-08-15 00:55:00+00:00,short,35.671460099682406,1.6140889952152828,take_profit
OIL_BRENT/USD,prevday,2.0,2026-08-15 07:40:00+00:00,long,10.52754435916679,0.4614614309105338,time_exit
OIL_BRENT/USD,prevday,2.0,2026-08-17 01:20:00+00:00,long,40.47465670425368,1.7579304241508213,take_profit
OIL_BRENT/USD,prevday,2.0,2026-08-17 12:05:00+00:00,short,-30.381897853633312,-1.2747543708579607,stop_loss
OIL_BRENT/USD,prevday,2.0,2026-08-19 09:15:00+00:00,short,31.407027917814,1.3522419921174513,take_profit
OIL_BRENT/USD,prevday,2.0,2026-08-19 10:40:00+00:00,short,37.526603216305105,1.5731764193914175,take_profit
OIL_BRENT/USD,prevday,2.0,2026-08-20 07:45:00+00:00,short,32.35592572407123,1.3150374659804507,take_profit
OIL_BRENT/USD,prevday,2.0,2026-08-21 13:35:00+00:00,short,-34.69366139347438,-1.373914749790647,stop_loss
OIL_BRENT/USD,prevday,2.0,2026-08-21 18:00:00+00:00,short,31.088317632338146,1.2659238095237122,take_profit
OIL_BRENT/USD,prevday,2.3,2026-07-19 00:50:00+00:00,short,-0.25713814791540557,-0.012856907395770278,time_exit
OIL_BRENT/USD,prevday,2.3,2026-07-21 13:10:00+00:00,short,-25.46180453743894,-1.273417671133425,stop_loss
OIL_BRENT/USD,prevday,2.3,2026-07-21 15:05:00+00:00,short,34.947825843066084,1.7935186967193404,take_profit
OIL_BRENT/USD,prevday,2.3,2026-07-24 15:40:00+00:00,long,41.92392020219736,2.0770273672224024,take_profit
OIL_BRENT/USD,prevday,2.3,2026-07-27 11:10:00+00:00,long,40.22967973205132,1.913598080291515,take_profit
OIL_BRENT/USD,prevday,2.3,2026-07-29 02:05:00+00:00,short,-27.021938693348147,-1.2379683159653234,stop_loss
OIL_BRENT/USD,prevday,2.3,2026-07-29 11:05:00+00:00,short,39.63175961667896,1.861763846153833,take_profit
OIL_BRENT/USD,prevday,2.3,2026-08-05 14:15:00+00:00,long,-27.750764487349247,-1.256836863192702,stop_loss
OIL_BRENT/USD,prevday,2.3,2026-08-05 15:05:00+00:00,long,12.746814613130091,0.5921911645744998,time_exit
OIL_BRENT/USD,prevday,2.3,2026-08-07 15:20:00+00:00,short,45.61785801901872,2.0945062380854993,take_profit
OIL_BRENT/USD,prevday,2.3,2026-08-09 19:35:00+00:00,short,-28.7927920453855,-1.268845161290325,stop_loss
OIL_BRENT/USD,prevday,2.3,2026-08-13 03:15:00+00:00,long,38.291784222102606,1.731385400356718,take_profit
OIL_BRENT/USD,prevday,2.3,2026-08-15 00:55:00+00:00,short,43.80318886165047,1.9142989952152794,take_profit
OIL_BRENT/USD,prevday,2.3,2026-08-15 07:40:00+00:00,long,10.963478138319873,0.4614614309105339,time_exit
OIL_BRENT/USD,prevday,2.3,2026-08-17 01:20:00+00:00,long,30.90832568226501,1.2890587568712115,time_exit
OIL_BRENT/USD,prevday,2.3,2026-08-19 09:15:00+00:00,short,40.643054728614736,1.6524519921174732,take_profit
OIL_BRENT/USD,prevday,2.3,2026-08-19 10:40:00+00:00,short,47.599873334063204,1.8733864193914285,take_profit
OIL_BRENT/USD,prevday,2.3,2026-08-20 07:45:00+00:00,short,-44.47174866593562,-1.6870625340195848,stop_loss
OIL_BRENT/USD,prevday,2.3,2026-08-21 13:35:00+00:00,short,-34.99502041347656,-1.3739147497906468,stop_loss
OIL_BRENT/USD,prevday,2.3,2026-08-21 18:00:00+00:00,short,38.7948996827159,1.5661338095237862,take_profit
XAUT,asia,1.0,2026-07-08 18:10:00+00:00,long,0.8637475983976018,0.043187379919880094,time_exit
XAUT,asia,1.0,2026-07-09 09:20:00+00:00,short,8.552508051307708,0.4272563609097495,take_profit
XAUT,asia,1.0,2026-07-10 09:00:00+00:00,long,-2.970944261563634,-0.14716150274652562,take_profit
XAUT,asia,1.0,2026-07-10 11:40:00+00:00,long,-30.478469725919567,-1.514164226364276,stop_loss
XAUT,asia,1.0,2026-07-10 15:15:00+00:00,long,5.777303160958839,0.2959784551245204,take_profit
XAUT,asia,1.0,2026-07-11 11:05:00+00:00,short,-13.104850905239221,-0.6674269958390991,take_profit
XAUT,asia,1.0,2026-07-15 08:00:00+00:00,long,6.29100449581237,0.32473411595592944,take_profit
XAUT,asia,1.0,2026-07-15 13:20:00+00:00,short,11.759700988706303,0.6031047043998813,take_profit
XAUT,asia,1.0,2026-07-15 18:10:00+00:00,short,-23.27043891275049,-1.1792173289910242,stop_loss
XAUT,asia,1.0,2026-07-15 22:00:00+00:00,short,-1.3668092226240809,-0.07093530579394333,take_profit
XAUT,asia,1.0,2026-07-16 11:30:00+00:00,long,5.674081539300968,0.2948945123761579,take_profit
XAUT,asia,1.0,2026-07-18 21:40:00+00:00,long,-3.4430594381851183,-0.177894180540614,take_profit
XAUT,asia,1.0,2026-07-19 19:00:00+00:00,short,-4.422084716705362,-0.2292937431301582,take_profit
XAUT,asia,1.0,2026-07-23 03:00:00+00:00,short,12.00528469160525,0.6253653434418974,take_profit
XAUT,asia,1.0,2026-07-25 12:20:00+00:00,long,-16.670822306013083,-0.857669967355076,time_exit
XAUT,asia,1.0,2026-07-26 03:15:00+00:00,long,-22.531524764163315,-1.1794187371724691,time_exit
XAUT,asia,1.0,2026-07-26 16:40:00+00:00,short,-9.859258817769584,-0.5285532730649783,take_profit
XAUT,asia,1.0,2026-07-27 08:05:00+00:00,long,5.360174820637031,0.2904282424916387,take_profit
XAUT,asia,1.0,2026-07-29 17:25:00+00:00,short,-27.117543601024906,-1.4608139586034796,stop_loss
XAUT,asia,1.0,2026-07-29 19:00:00+00:00,short,9.537001343560378,0.5292171647674205,take_profit
XAUT,asia,1.0,2026-08-01 15:20:00+00:00,short,-7.345378099852954,-0.403332917833322,take_profit
XAUT,asia,1.0,2026-08-01 20:00:00+00:00,long,-2.08777701496757,-0.11557160272338064,time_exit
XAUT,asia,1.0,2026-08-02 16:05:00+00:00,short,-35.68693451982053,-1.980073320697789,stop_loss
XAUT,asia,1.0,2026-08-03 05:50:00+00:00,long,-25.7618322313592,-1.4883233232378077,stop_loss
XAUT,asia,1.0,2026-08-03 10:10:00+00:00,long,-25.86091883279485,-1.539884722686673,stop_loss
XAUT,asia,1.0,2026-08-04 02:10:00+00:00,long,9.660903540074552,0.5935366845674472,take_profit
XAUT,asia,1.0,2026-08-07 01:00:00+00:00,long,8.256466307319613,0.5013014935639162,take_profit
XAUT,asia,1.0,2026-08-09 01:00:00+00:00,short,-33.21228352916272,-1.9965075460227946,stop_loss
XAUT,asia,1.0,2026-08-12 10:45:00+00:00,short,-23.85158959766139,-1.4934363450600967,stop_loss
XAUT,asia,1.0,2026-08-13 01:10:00+00:00,short,-0.9013536175746459,-0.05817469160611807,take_profit
XAUT,asia,1.0,2026-08-13 08:20:00+00:00,long,3.5602725095008836,0.23005290284218244,take_profit
XAUT,asia,1.0,2026-08-15 09:55:00+00:00,long,-4.646370266900802,-0.29885784536014826,take_profit
XAUT,asia,1.0,2026-08-15 13:45:00+00:00,long,-11.709992537394447,-0.7577240973175156,time_exit
XAUT,asia,1.0,2026-08-16 11:30:00+00:00,long,-30.648105024765087,-2.013677859969847,stop_loss
XAUT,asia,1.0,2026-08-18 09:45:00+00:00,long,-24.370212851135335,-1.6683925020428245,stop_loss
XAUT,asia,1.5,2026-07-08 18:10:00+00:00,long,0.8637475983976018,0.043187379919880094,time_exit
XAUT,asia,1.5,2026-07-09 09:20:00+00:00,short,-31.51006603756053,-1.5741436390902295,stop_loss
XAUT,asia,1.5,2026-07-10 09:00:00+00:00,long,5.898667322246515,0.30425774588015075,take_profit
XAUT,asia,1.5,2026-07-10 11:40:00+00:00,long,-29.533844367129948,-1.514164226364276,stop_loss
XAUT,asia,1.5,2026-07-10 15:15:00+00:00,long,15.04881105461665,0.7956284551246604,take_profit
XAUT,asia,1.5,2026-07-11 11:05:00+00:00,short,-9.149204480459971,-0.47614049375870676,take_profit
XAUT,asia,1.5,2026-07-15 08:00:00+00:00,long,15.689977104773167,0.8243841159559151,take_profit
XAUT,asia,1.5,2026-07-15 13:20:00+00:00,short,21.347613210453748,1.1034547043998686,take_profit
XAUT,asia,1.5,2026-07-15 18:10:00+00:00,short,-23.31679871005899,-1.1792173289910242,stop_loss
XAUT,asia,1.5,2026-07-15 22:00:00+00:00,short,8.081760170575585,0.41859704130906117,take_profit
XAUT,asia,1.5,2026-07-16 11:30:00+00:00,long,15.468520918273272,0.7945445123761963,take_profit
XAUT,asia,1.5,2026-07-18 21:40:00+00:00,long,-20.470679959878364,-1.035034071337718,time_exit
XAUT,asia,1.5,2026-07-19 19:00:00+00:00,short,3.506825180403565,0.1810593853047645,take_profit
XAUT,asia,1.5,2026-07-23 03:00:00+00:00,short,21.88222511080723,1.1257153434419078,take_profit
XAUT,asia,1.5,2026-07-25 12:20:00+00:00,long,-17.04717784990868,-0.857669967355076,time_exit
XAUT,asia,1.5,2026-07-26 03:15:00+00:00,long,-23.040189789904435,-1.179418737172469,time_exit
XAUT,asia,1.5,2026-07-26 16:40:00+00:00,short,-5.108695826501799,-0.2678299095975071,take_profit
XAUT,asia,1.5,2026-07-27 08:05:00+00:00,long,14.989545986787688,0.7900782424915697,take_profit
XAUT,asia,1.5,2026-07-29 17:25:00+00:00,short,-28.152836896851056,-1.4608139586034794,stop_loss
XAUT,asia,1.5,2026-07-29 19:00:00+00:00,short,19.262135015843654,1.0295671647674516,take_profit
XAUT,asia,1.5,2026-08-01 15:20:00+00:00,short,-1.5275246351430063,-0.07999937674997115,take_profit
XAUT,asia,1.5,2026-08-01 20:00:00+00:00,long,-2.20321730107838,-0.11557160272338064,time_exit
XAUT,asia,1.5,2026-08-02 16:05:00+00:00,short,-37.660186405367234,-1.9800733206977887,stop_loss
XAUT,asia,1.5,2026-08-03 05:50:00+00:00,long,-27.18629148261358,-1.488323323237808,stop_loss
XAUT,asia,1.5,2026-08-03 10:10:00+00:00,long,-27.29085691897148,-1.5398847226866728,stop_loss
XAUT,asia,1.5,2026-08-04 02:10:00+00:00,long,18.777498412045578,1.0931866845674383,take_profit
XAUT,asia,1.5,2026-08-07 01:00:00+00:00,long,17.569096119472725,1.0009514935639576,take_profit
XAUT,asia,1.5,2026-08-09 01:00:00+00:00,short,-35.74502598436249,-1.9965075460227946,stop_loss
XAUT,asia,1.5,2026-08-12 10:45:00+00:00,short,-25.67049294241196,-1.4934363450600967,stop_loss
XAUT,asia,1.5,2026-08-13 01:10:00+00:00,short,7.299484806394339,0.43773796259067166,take_profit
XAUT,asia,1.5,2026-08-13 08:20:00+00:00,long,12.274665542097734,0.7297029028422399,take_profit
XAUT,asia,1.5,2026-08-15 09:55:00+00:00,long,-10.377766171530379,-0.6080621532573814,time_exit
XAUT,asia,1.5,2026-08-16 11:30:00+00:00,long,-33.94938914691428,-2.013677859969847,stop_loss
XAUT,asia,1.5,2026-08-18 09:45:00+00:00,long,-26.995269006282264,-1.6683925020428243,stop_loss
XAUT,asia,2.0,2026-07-08 18:10:00+00:00,long,0.8637475983976018,0.043187379919880094,time_exit
XAUT,asia,2.0,2026-07-09 09:20:00+00:00,short,-31.51006603756053,-1.5741436390902295,stop_loss
XAUT,asia,2.0,2026-07-10 09:00:00+00:00,long,14.650365533922045,0.7556769945069105,take_profit
XAUT,asia,2.0,2026-07-10 11:40:00+00:00,long,-29.79887453417105,-1.5141642263642756,stop_loss
XAUT,asia,2.0,2026-07-10 15:15:00+00:00,long,24.719228035721052,1.2952784551244656,take_profit
XAUT,asia,2.0,2026-07-11 11:05:00+00:00,short,-5.5770104612232,-0.28485399167831443,take_profit
XAUT,asia,2.0,2026-07-15 08:00:00+00:00,long,25.774903024310888,1.324034115955955,take_profit
XAUT,asia,2.0,2026-07-15 13:20:00+00:00,short,32.04794068079626,1.6038047043998562,take_profit
XAUT,asia,2.0,2026-07-15 18:10:00+00:00,short,-24.319476177681647,-1.1792173289910242,stop_loss
XAUT,asia,2.0,2026-07-15 22:00:00+00:00,short,18.28701525556563,0.9081293884120658,take_profit
XAUT,asia,2.0,2026-07-16 11:30:00+00:00,long,-34.930656985819894,-1.703705487623825,stop_loss
XAUT,asia,2.0,2026-07-18 21:40:00+00:00,long,-20.497962053418885,-1.0350340713377184,time_exit
XAUT,asia,2.0,2026-07-19 19:00:00+00:00,short,11.469962565835726,0.591412513739602,take_profit
XAUT,asia,2.0,2026-07-23 03:00:00+00:00,short,31.909227139192364,1.6260653434418888,take_profit
XAUT,asia,2.0,2026-07-25 12:20:00+00:00,long,-17.377908931387655,-0.857669967355076,time_exit
XAUT,asia,2.0,2026-07-26 03:15:00+00:00,long,-23.487190868545536,-1.179418737172469,time_exit
XAUT,asia,2.0,2026-07-26 16:40:00+00:00,short,-30.555940685886796,-1.571446726934948,stop_loss
XAUT,asia,2.0,2026-07-27 08:05:00+00:00,long,-32.1705898424231,-1.7081717575083677,stop_loss
XAUT,asia,2.0,2026-07-29 17:25:00+00:00,short,-26.57210988055602,-1.4608139586034794,stop_loss
XAUT,asia,2.0,2026-07-29 19:00:00+00:00,short,27.016030117980087,1.5299171647674452,take_profit
XAUT,asia,2.0,2026-08-01 15:20:00+00:00,short,4.428392872880334,0.24333416433337948,take_profit
XAUT,asia,2.0,2026-08-01 20:00:00+00:00,long,-2.1135018771545475,-0.11557160272338064,time_exit
XAUT,asia,2.0,2026-08-02 16:05:00+00:00,short,-36.12665651398777,-1.9800733206977887,stop_loss
XAUT,asia,2.0,2026-08-03 05:50:00+00:00,long,-26.079260567376224,-1.4883233232378077,stop_loss
XAUT,asia,2.0,2026-08-03 10:10:00+00:00,long,-26.179568079449474,-1.539884722686673,stop_loss
XAUT,asia,2.0,2026-08-04 02:10:00+00:00,long,26.24580843915171,1.5928366845674296,take_profit
XAUT,asia,2.0,2026-08-07 01:00:00+00:00,long,25.513702217233757,1.5006014935639227,take_profit
XAUT,asia,2.0,2026-08-09 01:00:00+00:00,short,-34.96402008128579,-1.9965075460227948,stop_loss
XAUT,asia,2.0,2026-08-12 10:45:00+00:00,short,-25.109609127928692,-1.4934363450600965,stop_loss
XAUT,asia,2.0,2026-08-13 01:10:00+00:00,short,15.228885769129864,0.9336506167876163,take_profit
XAUT,asia,2.0,2026-08-13 08:20:00+00:00,long,20.426554271247362,1.2293529028421826,take_profit
XAUT,asia,2.0,2026-08-15 09:55:00+00:00,long,-10.351788258692473,-0.6080621532573813,time_exit
XAUT,asia,2.0,2026-08-16 11:30:00+00:00,long,-33.86440609202737,-2.013677859969847,stop_loss
XAUT,asia,2.0,2026-08-18 09:45:00+00:00,long,-26.92769369829307,-1.668392502042824,stop_loss
XAUT,asia,2.3,2026-07-08 18:10:00+00:00,long,0.8637475983976018,0.043187379919880094,time_exit
XAUT,asia,2.3,2026-07-09 09:20:00+00:00,short,-31.51006603756053,-1.5741436390902295,stop_loss
XAUT,asia,2.3,2026-07-10 09:00:00+00:00,long,19.90138446092574,1.0265285436828826,take_profit
XAUT,asia,2.3,2026-07-10 11:40:00+00:00,long,-29.95789263439567,-1.514164226364276,stop_loss
XAUT,asia,2.3,2026-07-10 15:15:00+00:00,long,30.6028932072067,1.5950684551245495,take_profit
XAUT,asia,2.3,2026-07-11 11:05:00+00:00,short,-3.367285452865591,-0.17008209043007902,take_profit
XAUT,asia,2.3,2026-07-15 08:00:00+00:00,long,32.03911442397884,1.623824115955892,take_profit
XAUT,asia,2.3,2026-07-15 13:20:00+00:00,short,38.78751733291055,1.9040147043998803,take_profit
XAUT,asia,2.3,2026-07-15 18:10:00+00:00,short,-24.93713085323604,-1.1792173289910246,stop_loss
XAUT,asia,2.3,2026-07-15 22:00:00+00:00,short,24.81630954671118,1.2018487966739189,take_profit
XAUT,asia,2.3,2026-07-16 11:30:00+00:00,long,-36.02446380446196,-1.703705487623825,stop_loss
XAUT,asia,2.3,2026-07-18 21:40:00+00:00,long,-21.13982832783215,-1.035034071337718,time_exit
XAUT,asia,2.3,2026-07-19 19:00:00+00:00,short,16.75373251680681,0.8376243908006066,take_profit
XAUT,asia,2.3,2026-07-23 03:00:00+00:00,short,39.17381533034051,1.9262753434418771,take_profit
XAUT,asia,2.3,2026-07-25 12:20:00+00:00,long,-18.11402139813262,-0.8576699673550757,time_exit
XAUT,asia,2.3,2026-07-26 03:15:00+00:00,long,-24.482086979200574,-1.1794187371724691,time_exit
XAUT,asia,2.3,2026-07-26 16:40:00+00:00,short,-31.850262629960017,-1.5714467269349477,stop_loss
XAUT,asia,2.3,2026-07-27 08:05:00+00:00,long,-33.533306860854125,-1.7081717575083673,stop_loss
XAUT,asia,2.3,2026-07-29 17:25:00+00:00,short,-27.69768036363442,-1.4608139586034796,stop_loss
XAUT,asia,2.3,2026-07-29 19:00:00+00:00,short,33.68621695714234,1.8301271647674189,take_profit
XAUT,asia,2.3,2026-08-01 15:20:00+00:00,short,-32.372771219192344,-1.6966670821667253,stop_loss
XAUT,asia,2.3,2026-08-02 16:05:00+00:00,short,-36.49821372132831,-1.9800733206977887,stop_loss
XAUT,asia,2.3,2026-08-03 05:50:00+00:00,long,-26.34748182450167,-1.4883233232378077,stop_loss
XAUT,asia,2.3,2026-08-03 10:10:00+00:00,long,-26.448820984190768,-1.539884722686673,stop_loss
XAUT,asia,2.3,2026-08-04 02:10:00+00:00,long,31.506307283332205,1.892626684567424,take_profit
XAUT,asia,2.3,2026-08-07 01:00:00+00:00,long,31.105353952546675,1.800391493563978,take_profit
XAUT,asia,2.3,2026-08-09 01:00:00+00:00,short,-35.735691392220374,-1.9965075460227943,stop_loss
XAUT,asia,2.3,2026-08-12 10:45:00+00:00,short,-25.663789252175192,-1.4934363450600967,stop_loss
XAUT,asia,2.3,2026-08-13 01:10:00+00:00,short,20.525443213823284,1.231198209305783,take_profit
XAUT,asia,2.3,2026-08-13 08:20:00+00:00,long,26.12023927923024,1.5291429028421941,take_profit
XAUT,asia,2.3,2026-08-15 09:55:00+00:00,long,-10.704341728965911,-0.6080621532573814,time_exit
XAUT,asia,2.3,2026-08-16 11:30:00+00:00,long,-35.01773473323754,-2.013677859969847,stop_loss
XAUT,asia,2.3,2026-08-18 09:45:00+00:00,long,-27.844776971496774,-1.668392502042824,stop_loss
XAUT,london,1.0,2026-07-08 18:10:00+00:00,long,0.8913007244573168,0.04456503622286584,time_exit
XAUT,london,1.0,2026-07-10 01:20:00+00:00,short,7.739525199961008,0.3866316549239186,take_profit
XAUT,london,1.0,2026-07-10 03:10:00+00:00,short,7.533566817084424,0.37345511476807425,take_profit
XAUT,london,1.0,2026-07-10 09:00:00+00:00,long,-4.220599690005368,-0.20767307534849958,take_profit
XAUT,london,1.0,2026-07-10 13:05:00+00:00,long,-26.101337207981018,-1.2896633877892034,stop_loss
XAUT,london,1.0,2026-07-10 16:10:00+00:00,short,4.421417527525254,0.22424564398284896,take_profit
XAUT,london,1.0,2026-07-12 16:10:00+00:00,short,-5.591177046045079,-0.2823074332203838,take_profit
XAUT,london,1.0,2026-07-14 12:45:00+00:00,short,13.993564759073903,0.7105693501658368,take_profit
XAUT,london,1.0,2026-07-15 18:10:00+00:00,short,14.118057530959788,0.7068456240643586,take_profit
XAUT,london,1.0,2026-07-17 13:00:00+00:00,long,12.763678055534166,0.6301281438178434,take_profit
XAUT,london,1.0,2026-07-18 16:25:00+00:00,long,-35.38887717224698,-1.7253642582861433,stop_loss
XAUT,london,1.0,2026-07-18 19:40:00+00:00,short,-19.270231351129837,-0.9730876064088293,time_exit
XAUT,london,1.0,2026-07-20 15:00:00+00:00,long,2.2258967057743426,0.11463189727210549,take_profit
XAUT,london,1.0,2026-07-20 16:00:00+00:00,long,11.570407544111013,0.5945037381103662,take_profit
XAUT,london,1.0,2026-07-22 22:15:00+00:00,long,-25.73658971582957,-1.3068435432230672,stop_loss
XAUT,london,1.0,2026-07-24 15:05:00+00:00,short,-33.74729875623655,-1.7595989327206012,stop_loss
XAUT,london,1.0,2026-07-24 16:25:00+00:00,short,-0.8422880099075769,-0.04551917546669656,take_profit
XAUT,london,1.0,2026-07-25 16:55:00+00:00,short,-10.659774659875918,-0.5766035964566716,take_profit
XAUT,london,1.0,2026-07-26 10:50:00+00:00,short,-29.564868963070673,-1.6178665598132158,stop_loss
XAUT,london,1.0,2026-07-26 16:40:00+00:00,short,-9.346242326085349,-0.5285532730649783,take_profit
XAUT,london,1.0,2026-07-27 14:40:00+00:00,long,-3.0621402511391373,-0.1750218222129921,take_profit
XAUT,london,1.0,2026-07-29 01:15:00+00:00,long,0.6485796815296361,0.037200891632342775,take_profit
XAUT,london,1.0,2026-07-31 14:00:00+00:00,long,7.018166441362141,0.40224501536178303,take_profit
XAUT,london,1.0,2026-08-01 15:20:00+00:00,short,-8.139990758182995,-0.4628188536506284,take_profit
XAUT,london,1.0,2026-08-01 20:00:00+00:00,long,-2.013841522519972,-0.11557160272338059,time_exit
XAUT,london,1.0,2026-08-02 17:30:00+00:00,long,-3.1504642319619673,-0.18121969800647286,take_profit
XAUT,london,1.0,2026-08-03 03:05:00+00:00,long,-35.12073504474638,-2.0275490036624904,stop_loss
XAUT,london,1.0,2026-08-03 05:50:00+00:00,long,-24.734972302758194,-1.488323323237808,stop_loss
XAUT,london,1.0,2026-08-03 12:25:00+00:00,short,9.763138364569766,0.6054789130566091,take_profit
XAUT,london,1.0,2026-08-04 00:50:00+00:00,short,-21.508009072425104,-1.3178993824689866,stop_loss
XAUT,london,1.0,2026-08-06 16:00:00+00:00,long,-24.05876757740458,-1.5141054225141028,stop_loss
XAUT,london,1.0,2026-08-08 16:00:00+00:00,short,-27.199900295288558,-1.7652435842557024,stop_loss
XAUT,london,1.0,2026-08-10 07:00:00+00:00,short,4.426301040125583,0.2977749716674976,take_profit
XAUT,london,1.0,2026-08-12 03:50:00+00:00,short,-19.933063674703902,-1.3330379983168479,stop_loss
XAUT,london,1.0,2026-08-13 00:25:00+00:00,short,10.663085800287508,0.7326341300978239,take_profit
XAUT,london,1.0,2026-08-16 06:30:00+00:00,short,-9.862687240804572,-0.667854868464609,take_profit
XAUT,london,1.0,2026-08-16 15:05:00+00:00,long,-7.559171382447508,-0.5188012700633132,take_profit
XAUT,london,1.0,2026-08-16 17:05:00+00:00,short,-8.313925143501184,-0.576584204484144,take_profit
XAUT,london,1.0,2026-08-16 23:00:00+00:00,short,0.34727085630658117,0.02436476436636518,take_profit
XAUT,london,1.0,2026-08-18 01:15:00+00:00,short,7.574946779092171,0.5312046712881757,take_profit
XAUT,london,1.0,2026-08-19 12:05:00+00:00,long,4.223168253834359,0.29304278714330007,take_profit
XAUT,london,1.0,2026-08-22 06:00:00+00:00,short,-14.887469315056947,-1.0270122501694954,time_exit
XAUT,london,1.5,2026-07-08 18:10:00+00:00,long,0.8913007244573168,0.04456503622286584,time_exit
XAUT,london,1.5,2026-07-10 01:20:00+00:00,short,-32.32415178543658,-1.614768345076032,stop_loss
XAUT,london,1.5,2026-07-10 03:10:00+00:00,short,16.92677857478574,0.873805114768115,take_profit
XAUT,london,1.5,2026-07-10 09:00:00+00:00,long,4.207869598971866,0.21349038697718994,take_profit
XAUT,london,1.5,2026-07-10 13:05:00+00:00,long,-25.527643451310574,-1.2896633877892034,stop_loss
XAUT,london,1.5,2026-07-10 16:10:00+00:00,short,-34.26972594277306,-1.7771543560171774,stop_loss
XAUT,london,1.5,2026-07-12 16:10:00+00:00,short,1.8884285271588936,0.10153885016935105,take_profit
XAUT,london,1.5,2026-07-14 12:45:00+00:00,short,22.566519999488055,1.2109193501658417,take_profit
XAUT,london,1.5,2026-07-15 18:10:00+00:00,short,23.041969255763597,1.2071956240643718,take_profit
XAUT,london,1.5,2026-07-17 13:00:00+00:00,long,22.084933557706123,1.1297781438178482,take_profit
XAUT,london,1.5,2026-07-18 16:25:00+00:00,long,-34.48955805070967,-1.7253642582861435,stop_loss
XAUT,london,1.5,2026-07-18 19:40:00+00:00,short,-18.78052698876285,-0.9730876064088294,time_exit
XAUT,london,1.5,2026-07-20 15:00:00+00:00,long,11.624869577834207,0.6142818972720212,take_profit
XAUT,london,1.5,2026-07-20 16:00:00+00:00,long,20.960507605009177,1.0941537381103692,take_profit
XAUT,london,1.5,2026-07-22 22:15:00+00:00,long,-25.582810268443303,-1.3068435432230672,stop_loss
XAUT,london,1.5,2026-07-24 15:05:00+00:00,short,-33.54565428776522,-1.759598932720601,stop_loss
XAUT,london,1.5,2026-07-24 16:25:00+00:00,short,8.36591354793831,0.45483082453332796,take_profit
XAUT,london,1.5,2026-07-25 16:55:00+00:00,short,-6.308909388840689,-0.3399053946849376,take_profit
XAUT,london,1.5,2026-07-26 10:50:00+00:00,short,-29.824726468889104,-1.6178665598132156,stop_loss
XAUT,london,1.5,2026-07-26 16:40:00+00:00,short,-4.777578769125789,-0.267829909597507,take_profit
XAUT,london,1.5,2026-07-27 14:40:00+00:00,long,4.656840206469031,0.26246726668049564,take_profit
XAUT,london,1.5,2026-07-29 01:15:00+00:00,long,9.575107644549806,0.5368508916322756,take_profit
XAUT,london,1.5,2026-07-31 14:00:00+00:00,long,16.258637373109686,0.9018950153617786,take_profit
XAUT,london,1.5,2026-08-01 15:20:00+00:00,short,-3.1057396481336603,-0.1692282804759309,take_profit
XAUT,london,1.5,2026-08-01 20:00:00+00:00,long,-2.113833856068207,-0.11557160272338066,time_exit
XAUT,london,1.5,2026-08-02 17:30:00+00:00,long,4.6198484376064375,0.25317045299025875,take_profit
XAUT,london,1.5,2026-08-03 03:05:00+00:00,long,-37.186005640595965,-2.0275490036624904,stop_loss
XAUT,london,1.5,2026-08-03 05:50:00+00:00,long,-26.1895093709874,-1.4883233232378077,stop_loss
XAUT,london,1.5,2026-08-03 12:25:00+00:00,short,18.879665549823457,1.1058289130565975,take_profit
XAUT,london,1.5,2026-08-04 00:50:00+00:00,short,-22.997945614857688,-1.3178993824689866,stop_loss
XAUT,london,1.5,2026-08-06 16:00:00+00:00,long,-25.725404264173726,-1.5141054225141028,stop_loss
XAUT,london,1.5,2026-08-08 16:00:00+00:00,short,-29.08413445494542,-1.765243584255702,stop_loss
XAUT,london,1.5,2026-08-10 07:00:00+00:00,short,12.685643035587368,0.7981249716674054,take_profit
XAUT,london,1.5,2026-08-12 03:50:00+00:00,short,-21.52592359011338,-1.3330379983168479,stop_loss
XAUT,london,1.5,2026-08-13 00:25:00+00:00,short,19.379429331687035,1.232984130097817,take_profit
XAUT,london,1.5,2026-08-16 06:30:00+00:00,short,-7.678621711360813,-0.4767823026969383,take_profit
XAUT,london,1.5,2026-08-16 15:05:00+00:00,long,-4.038954539103275,-0.25320190509492035,take_profit
XAUT,london,1.5,2026-08-16 18:00:00+00:00,short,-6.336955347402292,-0.3992854845074983,take_profit
XAUT,london,1.5,2026-08-16 23:00:00+00:00,short,8.26110871610929,0.5247147643663247,take_profit
XAUT,london,1.5,2026-08-18 01:15:00+00:00,short,16.411231400527363,1.031554671288078,take_profit
XAUT,london,1.5,2026-08-19 12:05:00+00:00,long,12.871306155000195,0.7926927871433052,take_profit
XAUT,london,1.5,2026-08-22 06:00:00+00:00,short,-16.940435514077443,-1.0270122501694954,time_exit
XAUT,london,2.0,2026-07-08 18:10:00+00:00,long,0.8913007244573168,0.04456503622286584,time_exit
XAUT,london,2.0,2026-07-10 01:20:00+00:00,short,-32.32415178543658,-1.614768345076032,stop_loss
XAUT,london,2.0,2026-07-10 03:10:00+00:00,short,26.61923003421739,1.3741551147680566,take_profit
XAUT,london,2.0,2026-07-10 09:00:00+00:00,long,12.631977323784852,0.6346538493029626,take_profit
XAUT,london,2.0,2026-07-10 13:05:00+00:00,long,-25.994928713163304,-1.2896633877892034,stop_loss
XAUT,london,2.0,2026-07-10 16:10:00+00:00,short,-34.89703562340743,-1.7771543560171772,stop_loss
XAUT,london,2.0,2026-07-12 16:10:00+00:00,short,9.19247986464853,0.4853851335591693,take_profit
XAUT,london,2.0,2026-07-14 12:45:00+00:00,short,32.72353840938842,1.7112693501658238,take_profit
XAUT,london,2.0,2026-07-15 18:10:00+00:00,short,25.525040988101196,1.2906526218898882,time_exit
XAUT,london,2.0,2026-07-17 13:00:00+00:00,long,33.05677746389745,1.6294281438178535,take_profit
XAUT,london,2.0,2026-07-18 16:25:00+00:00,long,-36.14376654877196,-1.7253642582861433,stop_loss
XAUT,london,2.0,2026-07-18 19:40:00+00:00,short,-19.681289686192095,-0.9730876064088294,time_exit
XAUT,london,2.0,2026-07-20 15:00:00+00:00,long,22.091478950047,1.1139318972720798,take_profit
XAUT,london,2.0,2026-07-22 22:15:00+00:00,long,-26.49470165219455,-1.3068435432230672,stop_loss
XAUT,london,2.0,2026-07-24 15:05:00+00:00,short,-34.74137879130205,-1.759598932720601,stop_loss
XAUT,london,2.0,2026-07-24 16:25:00+00:00,short,18.195326848364285,0.9551808245332691,take_profit
XAUT,london,2.0,2026-07-25 16:55:00+00:00,short,-18.012478047361128,-0.9278565880482416,time_exit
XAUT,london,2.0,2026-07-26 10:50:00+00:00,short,-30.824804501099134,-1.6178665598132158,stop_loss
XAUT,london,2.0,2026-07-26 16:40:00+00:00,short,-28.971588341889877,-1.5714467269349475,stop_loss
XAUT,london,2.0,2026-07-27 14:40:00+00:00,long,12.49899502614236,0.6999563555739834,take_profit
XAUT,london,2.0,2026-07-29 01:15:00+00:00,long,18.767714799471726,1.0365008916323644,take_profit
XAUT,london,2.0,2026-07-31 14:00:00+00:00,long,25.903571841751685,1.4015450153617748,take_profit
XAUT,london,2.0,2026-08-01 15:20:00+00:00,short,2.3629116885038766,0.12436229269876664,take_profit
XAUT,london,2.0,2026-08-01 20:00:00+00:00,long,-2.2013483005852024,-0.11557160272338061,time_exit
XAUT,london,2.0,2026-08-02 17:30:00+00:00,long,13.066028674895412,0.6875606039870749,take_profit
XAUT,london,2.0,2026-08-03 03:05:00+00:00,long,-39.060281465885865,-2.0275490036624904,stop_loss
XAUT,london,2.0,2026-08-03 05:50:00+00:00,long,-27.509531875277503,-1.488323323237808,stop_loss
XAUT,london,2.0,2026-08-03 12:25:00+00:00,short,-25.033585739589334,-1.3959210869433758,stop_loss
XAUT,london,2.0,2026-08-04 00:50:00+00:00,short,-22.974557785024764,-1.3178993824689864,stop_loss
XAUT,london,2.0,2026-08-06 16:00:00+00:00,long,-25.699242737079544,-1.514105422514103,stop_loss
XAUT,london,2.0,2026-08-08 16:00:00+00:00,short,-29.054557257100818,-1.7652435842557024,stop_loss
XAUT,london,2.0,2026-08-10 07:00:00+00:00,short,20.61737112068981,1.2984749716674184,take_profit
XAUT,london,2.0,2026-08-12 03:50:00+00:00,short,-21.715842578632582,-1.3330379983168479,stop_loss
XAUT,london,2.0,2026-08-13 00:25:00+00:00,short,27.484046607685812,1.7333341300978098,take_profit
XAUT,london,2.0,2026-08-16 06:30:00+00:00,short,-4.687312338641708,-0.28570973692911145,take_profit
XAUT,london,2.0,2026-08-16 15:05:00+00:00,long,-25.79268466082712,-1.5811987299367278,stop_loss
XAUT,london,2.0,2026-08-16 23:00:00+00:00,short,-31.229751616408798,-1.9770352356337637,stop_loss
XAUT,london,2.0,2026-08-18 01:15:00+00:00,short,23.241535915861874,1.5319046712881188,take_profit
XAUT,london,2.0,2026-08-19 12:05:00+00:00,long,20.207705228920467,1.2923427871433104,take_profit
XAUT,london,2.0,2026-08-22 06:00:00+00:00,short,-16.47393812410086,-1.0270122501694954,time_exit
XAUT,london,2.3,2026-07-08 18:10:00+00:00,long,0.8913007244573168,0.04456503622286584,time_exit
XAUT,london,2.3,2026-07-10 01:20:00+00:00,short,-32.32415178543658,-1.614768345076032,stop_loss
XAUT,london,2.3,2026-07-10 03:10:00+00:00,short,32.43470090987696,1.6743651147680516,take_profit
XAUT,london,2.3,2026-07-10 09:00:00+00:00,long,17.76481840184283,0.8873519266984596,take_profit
XAUT,london,2.3,2026-07-10 13:05:00+00:00,long,-26.27732145485939,-1.2896633877892034,stop_loss
XAUT,london,2.3,2026-07-10 16:10:00+00:00,short,-35.27613531917886,-1.7771543560171772,stop_loss
XAUT,london,2.3,2026-07-12 16:10:00+00:00,short,13.701414053587667,0.7156929035930437,take_profit
XAUT,london,2.3,2026-07-14 12:45:00+00:00,short,21.0188760191352,1.0824265834730422,time_exit
XAUT,london,2.3,2026-07-15 18:10:00+00:00,short,25.604831490303656,1.290652621889888,time_exit
XAUT,london,2.3,2026-07-17 13:00:00+00:00,long,39.26106828260879,1.9292181438178742,take_profit
XAUT,london,2.3,2026-07-18 16:25:00+00:00,long,-36.467278304395116,-1.7253642582861437,stop_loss
XAUT,london,2.3,2026-07-18 19:40:00+00:00,short,-19.857450866591375,-0.9730876064088292,time_exit
XAUT,london,2.3,2026-07-20 15:00:00+00:00,long,28.28785903372925,1.4137218972720722,take_profit
XAUT,london,2.3,2026-07-22 22:15:00+00:00,long,-26.888633427780835,-1.3068435432230672,stop_loss
XAUT,london,2.3,2026-07-24 15:05:00+00:00,short,-35.25792482428746,-1.759598932720601,stop_loss
XAUT,london,2.3,2026-07-24 16:25:00+00:00,short,24.269616465348005,1.255390824533267,take_profit
XAUT,london,2.3,2026-07-25 16:55:00+00:00,short,-18.38799444250667,-0.9278565880482419,time_exit
XAUT,london,2.3,2026-07-26 10:50:00+00:00,short,-31.467426767557054,-1.6178665598132156,stop_loss
XAUT,london,2.3,2026-07-26 16:40:00+00:00,short,-29.57557555493084,-1.571446726934948,stop_loss
XAUT,london,2.3,2026-07-27 14:40:00+00:00,long,17.54458597020419,0.962449808910093,take_profit
XAUT,london,2.3,2026-07-29 01:15:00+00:00,long,24.828262814037792,1.336290891632355,take_profit
XAUT,london,2.3,2026-07-31 14:00:00+00:00,long,32.45560049393356,1.701335015361744,take_profit
XAUT,london,2.3,2026-08-01 15:20:00+00:00,short,5.927889249887851,0.30051663660356837,take_profit
XAUT,london,2.3,2026-08-01 20:00:00+00:00,long,-2.2934281510796835,-0.11557160272338057,time_exit
XAUT,london,2.3,2026-08-02 17:30:00+00:00,long,18.7726904886278,0.9481946945851476,take_profit
XAUT,london,2.3,2026-08-03 03:05:00+00:00,long,-40.9033759366595,-2.0275490036624904,stop_loss
XAUT,london,2.3,2026-08-03 05:50:00+00:00,long,-28.807593850001805,-1.4883233232378077,stop_loss
XAUT,london,2.3,2026-08-03 12:25:00+00:00,short,-26.214817971634858,-1.3959210869433758,stop_loss
XAUT,london,2.3,2026-08-04 00:50:00+00:00,short,-24.058632933306292,-1.3178993824689864,stop_loss
XAUT,london,2.3,2026-08-06 16:00:00+00:00,long,-26.911884592544645,-1.5141054225141028,stop_loss
XAUT,london,2.3,2026-08-08 16:00:00+00:00,short,-30.42552264244008,-1.765243584255702,stop_loss
XAUT,london,2.3,2026-08-10 07:00:00+00:00,short,26.58192223920616,1.5986849716674476,take_profit
XAUT,london,2.3,2026-08-12 03:50:00+00:00,short,-22.873606686394663,-1.3330379983168477,stop_loss
XAUT,london,2.3,2026-08-13 00:25:00+00:00,short,33.96330566167433,2.0335441300978134,take_profit
XAUT,london,2.3,2026-08-16 06:30:00+00:00,short,-2.9732673197553723,-0.1710661974685717,take_profit
XAUT,london,2.3,2026-08-16 15:05:00+00:00,long,-27.388471937237583,-1.5811987299367278,stop_loss
XAUT,london,2.3,2026-08-16 23:00:00+00:00,short,-33.16192893452307,-1.9770352356337637,stop_loss
XAUT,london,2.3,2026-08-18 01:15:00+00:00,short,29.515965305210557,1.8321146712880878,take_profit
XAUT,london,2.3,2026-08-19 12:05:00+00:00,long,26.58964555042593,1.5921327871433555,take_profit
XAUT,london,2.3,2026-08-22 06:00:00+00:00,short,-17.697925531216995,-1.0270122501694954,time_exit
XAUT,newyork,1.0,2026-07-08 18:10:00+00:00,long,0.8637475983976018,0.043187379919880094,time_exit
XAUT,newyork,1.0,2026-07-10 00:55:00+00:00,long,-29.019783509608136,-1.4497369686554225,stop_loss
XAUT,newyork,1.0,2026-07-11 00:40:00+00:00,short,-20.285586237052996,-1.0436647747291905,time_exit
XAUT,newyork,1.0,2026-07-11 21:35:00+00:00,long,-30.453509927708204,-1.6001913616934813,stop_loss
XAUT,newyork,1.0,2026-07-12 02:55:00+00:00,long,-36.61015103057042,-1.9872954918304693,stop_loss
XAUT,newyork,1.0,2026-07-16 02:45:00+00:00,long,1.4975859679570753,0.0846577113098499,take_profit
XAUT,newyork,1.0,2026-07-16 07:55:00+00:00,long,5.205898350320947,0.29378914091623004,take_profit
XAUT,newyork,1.0,2026-07-17 13:00:00+00:00,long,11.231381366067037,0.6301281438178432,take_profit
XAUT,newyork,1.0,2026-07-18 23:35:00+00:00,long,-7.430940311646626,-0.4117185681358118,take_profit
XAUT,newyork,1.0,2026-07-19 13:40:00+00:00,long,-6.332155112322022,-0.3537522189021911,take_profit
XAUT,newyork,1.0,2026-07-20 20:20:00+00:00,long,-33.35956081195439,-1.8769449109528322,stop_loss
XAUT,newyork,1.0,2026-07-23 00:50:00+00:00,long,-24.355472196093686,-1.4237855117262557,stop_loss
XAUT,newyork,1.0,2026-07-26 00:25:00+00:00,long,-17.081270516851333,-1.0278139854999586,time_exit
XAUT,newyork,1.0,2026-07-26 16:40:00+00:00,short,-8.60347498814137,-0.5285532730649783,take_profit
XAUT,newyork,1.0,2026-07-29 17:25:00+00:00,short,-23.526896967623045,-1.4608139586034796,stop_loss
XAUT,newyork,1.0,2026-07-29 19:00:00+00:00,short,8.27420253438985,0.5292171647674205,take_profit
XAUT,newyork,1.0,2026-07-30 14:45:00+00:00,short,10.150591179200815,0.6424310832879702,take_profit
XAUT,newyork,1.0,2026-08-02 02:15:00+00:00,short,-19.60096207295535,-1.2248081170424423,stop_loss
XAUT,newyork,1.0,2026-08-03 02:15:00+00:00,long,4.872150930876362,0.3120918436703078,take_profit
XAUT,newyork,1.0,2026-08-03 05:50:00+00:00,long,-23.379648229603447,-1.488323323237808,stop_loss
XAUT,newyork,1.0,2026-08-03 11:25:00+00:00,long,-3.784853478827049,-0.24833166812043264,take_profit
XAUT,newyork,1.0,2026-08-04 00:50:00+00:00,short,-19.986505363549725,-1.3178993824689864,stop_loss
XAUT,newyork,1.0,2026-08-05 00:15:00+00:00,long,0.547348569302498,0.03706893185477899,take_profit
XAUT,newyork,1.0,2026-08-06 11:15:00+00:00,short,4.43408579504548,0.30007396677408704,take_profit
XAUT,newyork,1.0,2026-08-06 13:05:00+00:00,short,-17.058776515552676,-1.1475549420418765,stop_loss
XAUT,newyork,1.0,2026-08-06 15:00:00+00:00,short,0.1262265865887784,0.008690807802517216,take_profit
XAUT,newyork,1.0,2026-08-09 01:00:00+00:00,short,-29.3463742543652,-2.020171678768038,stop_loss
XAUT,newyork,1.0,2026-08-11 12:00:00+00:00,short,-19.247509524065507,-1.3807647282198174,stop_loss
XAUT,newyork,1.0,2026-08-11 15:05:00+00:00,short,3.782754491837661,0.2790713013877553,take_profit
XAUT,newyork,1.0,2026-08-13 00:15:00+00:00,long,-16.358650699485967,-1.2001547772552725,stop_loss
XAUT,newyork,1.0,2026-08-16 03:40:00+00:00,short,-23.773401616507712,-1.7870333850005073,stop_loss
XAUT,newyork,1.0,2026-08-16 05:55:00+00:00,long,-13.364731508055407,-1.0418560702342827,time_exit
XAUT,newyork,1.0,2026-08-16 18:00:00+00:00,short,-7.739667899679586,-0.6161903230049671,take_profit
XAUT,newyork,1.0,2026-08-16 22:00:00+00:00,short,-20.39791148741926,-1.6442341523217117,stop_loss
XAUT,newyork,1.0,2026-08-16 23:00:00+00:00,short,0.2923226826038281,0.02436476436636515,take_profit
XAUT,newyork,1.0,2026-08-20 15:20:00+00:00,short,6.760979499214569,0.5632455135594344,take_profit
XAUT,newyork,1.0,2026-08-20 19:25:00+00:00,short,3.4759739275565167,0.2863516528938057,take_profit
XAUT,newyork,1.5,2026-07-08 18:10:00+00:00,long,0.8637475983976018,0.043187379919880094,time_exit
XAUT,newyork,1.5,2026-07-10 00:55:00+00:00,long,-29.019783509608136,-1.4497369686554225,stop_loss
XAUT,newyork,1.5,2026-07-11 00:40:00+00:00,short,-20.285586237052996,-1.0436647747291905,time_exit
XAUT,newyork,1.5,2026-07-11 21:35:00+00:00,long,-30.453509927708204,-1.6001913616934813,stop_loss
XAUT,newyork,1.5,2026-07-12 02:55:00+00:00,long,-36.61015103057042,-1.9872954918304693,stop_loss
XAUT,newyork,1.5,2026-07-16 02:45:00+00:00,long,10.336341673874571,0.5843077113099162,take_profit
XAUT,newyork,1.5,2026-07-17 13:00:00+00:00,long,20.219211447575223,1.1297781438178482,take_profit
XAUT,newyork,1.5,2026-07-18 23:35:00+00:00,long,-1.694267773128649,-0.09257785220373996,take_profit
XAUT,newyork,1.5,2026-07-19 13:40:00+00:00,long,-0.10281334967879552,-0.005628328353152886,take_profit
XAUT,newyork,1.5,2026-07-20 20:20:00+00:00,long,-34.282518506049456,-1.8769449109528318,stop_loss
XAUT,newyork,1.5,2026-07-23 00:50:00+00:00,long,-25.029314114559472,-1.423785511726256,stop_loss
XAUT,newyork,1.5,2026-07-26 00:25:00+00:00,long,-17.553857375452836,-1.0278139854999588,time_exit
XAUT,newyork,1.5,2026-07-26 16:40:00+00:00,short,-4.480191764356219,-0.26782990959750697,take_profit
XAUT,newyork,1.5,2026-07-29 17:25:00+00:00,short,-24.305236130443866,-1.4608139586034794,stop_loss
XAUT,newyork,1.5,2026-07-29 19:00:00+00:00,short,16.629611490021343,1.0295671647674516,take_profit
XAUT,newyork,1.5,2026-07-30 14:45:00+00:00,short,-22.402104733497545,-1.3589689167120254,stop_loss
XAUT,newyork,1.5,2026-08-02 02:15:00+00:00,short,-19.641747506448425,-1.2248081170424423,stop_loss
XAUT,newyork,1.5,2026-08-03 02:15:00+00:00,long,-26.383323110013308,-1.686508156329692,stop_loss
XAUT,newyork,1.5,2026-08-03 11:25:00+00:00,long,2.3052415040426038,0.1525024978192959,take_profit
XAUT,newyork,1.5,2026-08-04 00:50:00+00:00,short,-19.982247391668324,-1.3178993824689864,stop_loss
XAUT,newyork,1.5,2026-08-05 00:15:00+00:00,long,7.923340080910961,0.5367189318548314,take_profit
XAUT,newyork,1.5,2026-08-06 11:15:00+00:00,short,11.943139476723916,0.8004239667741161,take_profit
XAUT,newyork,1.5,2026-08-06 13:05:00+00:00,short,-17.39679477436027,-1.1475549420418762,stop_loss
XAUT,newyork,1.5,2026-08-06 15:00:00+00:00,short,7.539883796729345,0.5090408078024463,take_profit
XAUT,newyork,1.5,2026-08-09 01:00:00+00:00,short,-30.22730640629007,-2.0201716787680377,stop_loss
XAUT,newyork,1.5,2026-08-11 12:00:00+00:00,short,-19.82528958770343,-1.3807647282198172,stop_loss
XAUT,newyork,1.5,2026-08-11 15:05:00+00:00,short,10.88203818157542,0.779421301387837,take_profit
XAUT,newyork,1.5,2026-08-13 00:15:00+00:00,long,-17.017390926326474,-1.2001547772552725,stop_loss
XAUT,newyork,1.5,2026-08-16 03:40:00+00:00,short,-24.730723602368123,-1.7870333850005071,stop_loss
XAUT,newyork,1.5,2026-08-16 05:55:00+00:00,long,-13.902910751992408,-1.0418560702342827,time_exit
XAUT,newyork,1.5,2026-08-16 18:00:00+00:00,short,-5.217187813189242,-0.39928548450749846,take_profit
XAUT,newyork,1.5,2026-08-16 22:00:00+00:00,short,-21.31250714316022,-1.6442341523217117,stop_loss
XAUT,newyork,1.5,2026-08-16 23:00:00+00:00,short,6.577675180884391,0.5247147643663249,take_profit
XAUT,newyork,1.5,2026-08-20 15:20:00+00:00,short,13.472850838331299,1.0635955135594763,take_profit
XAUT,newyork,1.5,2026-08-20 19:25:00+00:00,short,10.177344007354336,0.7867016528938175,take_profit
XAUT,newyork,2.0,2026-07-08 18:10:00+00:00,long,0.8637475983976018,0.043187379919880094,time_exit
XAUT,newyork,2.0,2026-07-10 00:55:00+00:00,long,-29.019783509608136,-1.4497369686554225,stop_loss
XAUT,newyork,2.0,2026-07-11 00:40:00+00:00,short,-20.285586237052996,-1.0436647747291905,time_exit
XAUT,newyork,2.0,2026-07-11 21:35:00+00:00,long,-30.453509927708204,-1.6001913616934813,stop_loss
XAUT,newyork,2.0,2026-07-12 02:55:00+00:00,long,-36.61015103057042,-1.9872954918304693,stop_loss
XAUT,newyork,2.0,2026-07-16 02:45:00+00:00,long,19.175097379790756,1.0839577113099084,take_profit
XAUT,newyork,2.0,2026-07-17 13:00:00+00:00,long,29.449300561909666,1.629428143817853,take_profit
XAUT,newyork,2.0,2026-07-18 23:35:00+00:00,long,-31.507353505873237,-1.6882814318640993,stop_loss
XAUT,newyork,2.0,2026-07-19 13:40:00+00:00,long,-31.488750752659467,-1.7462477810978336,stop_loss
XAUT,newyork,2.0,2026-07-20 20:20:00+00:00,long,-32.663459132095085,-1.8769449109528318,stop_loss
XAUT,newyork,2.0,2026-07-23 00:50:00+00:00,long,-23.847255520069826,-1.423785511726256,stop_loss
XAUT,newyork,2.0,2026-07-26 00:25:00+00:00,long,-16.72484193051784,-1.027813985499959,time_exit
XAUT,newyork,2.0,2026-07-26 16:40:00+00:00,short,-25.045323626286102,-1.571446726934948,stop_loss
XAUT,newyork,2.0,2026-07-29 17:25:00+00:00,short,-22.550355157586388,-1.4608139586034794,stop_loss
XAUT,newyork,2.0,2026-07-29 19:00:00+00:00,short,22.927086966259132,1.5299171647674454,take_profit
XAUT,newyork,2.0,2026-07-30 14:45:00+00:00,short,-20.988428611927183,-1.3589689167120254,stop_loss
XAUT,newyork,2.0,2026-08-02 02:15:00+00:00,short,-18.40226265597986,-1.2248081170424423,stop_loss
XAUT,newyork,2.0,2026-08-03 02:15:00+00:00,long,-24.718413748504478,-1.686508156329692,stop_loss
XAUT,newyork,2.0,2026-08-03 11:25:00+00:00,long,7.836461812041639,0.5533366637590245,take_profit
XAUT,newyork,2.0,2026-08-04 00:50:00+00:00,short,-18.870901597283027,-1.3178993824689866,stop_loss
XAUT,newyork,2.0,2026-08-05 00:15:00+00:00,long,14.448544041798883,1.036368931854807,take_profit
XAUT,newyork,2.0,2026-08-06 11:15:00+00:00,short,18.5106343133818,1.3007739667740388,take_profit
XAUT,newyork,2.0,2026-08-06 15:00:00+00:00,short,14.737802187369422,1.009390807802527,take_profit
XAUT,newyork,2.0,2026-08-09 01:00:00+00:00,short,-30.091358067667468,-2.020171678768038,stop_loss
XAUT,newyork,2.0,2026-08-11 12:00:00+00:00,short,-19.736124673505206,-1.3807647282198174,stop_loss
XAUT,newyork,2.0,2026-08-11 15:05:00+00:00,short,17.787408610211415,1.2797713013878114,take_profit
XAUT,newyork,2.0,2026-08-13 00:15:00+00:00,long,-17.10777966561721,-1.2001547772552725,stop_loss
XAUT,newyork,2.0,2026-08-16 03:40:00+00:00,short,-24.86208210132036,-1.787033385000507,stop_loss
XAUT,newyork,2.0,2026-08-16 05:55:00+00:00,long,-13.976756771090445,-1.0418560702342825,time_exit
XAUT,newyork,2.0,2026-08-16 18:00:00+00:00,short,-2.3956996595052384,-0.1823806460100297,take_profit
XAUT,newyork,2.0,2026-08-16 22:00:00+00:00,short,-21.519404634071485,-1.6442341523217119,stop_loss
XAUT,newyork,2.0,2026-08-16 23:00:00+00:00,short,-25.02414559961112,-1.977035235633764,stop_loss
XAUT,newyork,2.0,2026-08-20 15:20:00+00:00,short,-10.928851324561439,-0.8989813978713237,time_exit
XAUT,newyork,2.3,2026-07-08 18:10:00+00:00,long,0.8637475983976018,0.043187379919880094,time_exit
XAUT,newyork,2.3,2026-07-10 00:55:00+00:00,long,-29.019783509608136,-1.4497369686554225,stop_loss
XAUT,newyork,2.3,2026-07-11 00:40:00+00:00,short,-20.285586237052996,-1.0436647747291905,time_exit
XAUT,newyork,2.3,2026-07-11 21:35:00+00:00,long,-30.453509927708204,-1.6001913616934813,stop_loss
XAUT,newyork,2.3,2026-07-12 02:55:00+00:00,long,-36.61015103057042,-1.9872954918304693,stop_loss
XAUT,newyork,2.3,2026-07-16 02:45:00+00:00,long,-33.857436855707675,-1.9139422886901194,stop_loss
XAUT,newyork,2.3,2026-07-17 13:00:00+00:00,long,32.821297489134274,1.9292181438178742,take_profit
XAUT,newyork,2.3,2026-07-18 23:35:00+00:00,long,-29.830534245194176,-1.6882814318640995,stop_loss
XAUT,newyork,2.3,2026-07-19 13:40:00+00:00,long,-29.81292152927074,-1.7462477810978336,stop_loss
XAUT,newyork,2.3,2026-07-20 20:20:00+00:00,long,-30.925112006783827,-1.876944910952832,stop_loss
XAUT,newyork,2.3,2026-07-23 00:50:00+00:00,long,-22.57810616536652,-1.423785511726256,stop_loss
XAUT,newyork,2.3,2026-07-26 00:25:00+00:00,long,-15.83474695393793,-1.0278139854999588,time_exit
XAUT,newyork,2.3,2026-07-26 16:40:00+00:00,short,-23.71241316655268,-1.5714467269349477,stop_loss
XAUT,newyork,2.3,2026-07-29 17:25:00+00:00,short,-21.350226754026707,-1.4608139586034796,stop_loss
XAUT,newyork,2.3,2026-07-29 19:00:00+00:00,short,25.966375562070926,1.8301271647674189,take_profit
XAUT,newyork,2.3,2026-07-30 14:45:00+00:00,short,-19.987195490718513,-1.3589689167120254,stop_loss
XAUT,newyork,2.3,2026-08-02 02:15:00+00:00,short,-17.524400133871936,-1.224808117042442,stop_loss
XAUT,newyork,2.3,2026-08-03 02:15:00+00:00,long,-23.539245216817534,-1.6865081563296922,stop_loss
XAUT,newyork,2.3,2026-08-03 11:25:00+00:00,long,10.706165103354998,0.793837163322929,take_profit
XAUT,newyork,2.3,2026-08-04 00:50:00+00:00,short,-18.056176134669485,-1.3178993824689862,stop_loss
XAUT,newyork,2.3,2026-08-05 00:15:00+00:00,long,17.82382676685546,1.3361589318547769,take_profit
XAUT,newyork,2.3,2026-08-06 11:15:00+00:00,short,21.92720023422323,1.600983966774056,take_profit
XAUT,newyork,2.3,2026-08-06 15:00:00+00:00,short,18.510711535224676,1.3096008078026058,take_profit
XAUT,newyork,2.3,2026-08-09 01:00:00+00:00,short,-29.30225804113144,-2.020171678768038,stop_loss
XAUT,newyork,2.3,2026-08-11 12:00:00+00:00,short,-19.21857486838973,-1.3807647282198174,stop_loss
XAUT,newyork,2.3,2026-08-11 15:05:00+00:00,short,21.38412881943952,1.5799813013877102,take_profit
XAUT,newyork,2.3,2026-08-13 00:15:00+00:00,long,-16.756682811939243,-1.2001547772552725,stop_loss
XAUT,newyork,2.3,2026-08-16 03:40:00+00:00,short,-24.35184646745841,-1.7870333850005076,stop_loss
XAUT,newyork,2.3,2026-08-16 05:55:00+00:00,long,-13.689916782332908,-1.0418560702342827,time_exit
XAUT,newyork,2.3,2026-08-16 18:00:00+00:00,short,-0.6720977257500671,-0.05223774291157973,take_profit
XAUT,newyork,2.3,2026-08-16 22:00:00+00:00,short,-21.13283286839947,-1.6442341523217117,stop_loss
XAUT,newyork,2.3,2026-08-16 23:00:00+00:00,short,-24.57461512637679,-1.9770352356337637,stop_loss
XAUT,newyork,2.3,2026-08-20 15:20:00+00:00,short,-10.732526871113802,-0.8989813978713237,time_exit
XAUT,prevday,1.0,2026-07-08 18:10:00+00:00,long,0.8637475983976018,0.043187379919880094,time_exit
XAUT,prevday,1.0,2026-07-12 02:55:00+00:00,long,-39.780240270776886,-1.9872954918304693,stop_loss
XAUT,prevday,1.0,2026-07-14 12:45:00+00:00,short,13.658329665137817,0.7105693501658369,take_profit
XAUT,prevday,1.0,2026-07-17 13:00:00+00:00,long,12.284245288916837,0.6301281438178434,take_profit
XAUT,prevday,1.0,2026-07-23 11:45:00+00:00,long,-31.507724204081267,-1.5960937998338356,stop_loss
XAUT,prevday,1.0,2026-07-26 16:40:00+00:00,short,-10.100847112711726,-0.5285532730649782,take_profit
XAUT,prevday,1.0,2026-07-27 11:40:00+00:00,short,7.240430707734939,0.38292239268687955,take_profit
XAUT,prevday,1.0,2026-07-29 19:00:00+00:00,short,10.083258697702988,0.5292171647674206,take_profit
XAUT,prevday,1.0,2026-07-30 14:45:00+00:00,short,12.369897445597314,0.6424310832879702,take_profit
XAUT,prevday,1.0,2026-07-31 14:00:00+00:00,long,7.844671570408179,0.40224501536178303,take_profit
XAUT,prevday,1.0,2026-08-03 01:00:00+00:00,long,-29.09766228464093,-1.4801104582155835,stop_loss
XAUT,prevday,1.0,2026-08-03 11:25:00+00:00,long,-4.7374634977351935,-0.24833166812043259,take_profit
XAUT,prevday,1.0,2026-08-04 11:55:00+00:00,short,7.993753054009634,0.42111364387019257,take_profit
XAUT,prevday,1.0,2026-08-06 08:20:00+00:00,short,-27.603127910435475,-1.4419973206348031,stop_loss
XAUT,prevday,1.0,2026-08-06 09:05:00+00:00,short,7.265265540759497,0.3908110522720788,take_profit
XAUT,prevday,1.0,2026-08-11 12:00:00+00:00,short,-25.869359935385283,-1.3807647282198174,stop_loss
XAUT,prevday,1.0,2026-08-12 13:20:00+00:00,short,-23.068119993564274,-1.2662168354284673,stop_loss
XAUT,prevday,1.0,2026-08-13 15:20:00+00:00,long,-24.555444517537513,-1.3828770201631173,stop_loss
XAUT,prevday,1.0,2026-08-18 15:45:00+00:00,long,-24.670783779512092,-1.428892168127298,stop_loss
XAUT,prevday,1.0,2026-08-20 15:20:00+00:00,short,9.446898237859598,0.5632455135594344,take_profit
XAUT,prevday,1.0,2026-08-20 19:25:00+00:00,short,4.856866076120227,0.2863516528938057,take_profit
XAUT,prevday,1.0,2026-08-20 23:55:00+00:00,short,1.7150207031172666,0.1005385944222685,take_profit
XAUT,prevday,1.0,2026-08-21 01:35:00+00:00,short,-25.11723700381741,-1.4694774144906064,stop_loss
XAUT,prevday,1.5,2026-07-08 18:10:00+00:00,long,0.8637475983976018,0.043187379919880094,time_exit
XAUT,prevday,1.5,2026-07-12 02:55:00+00:00,long,-39.780240270776886,-1.9872954918304693,stop_loss
XAUT,prevday,1.5,2026-07-14 12:45:00+00:00,short,23.27589232296541,1.2109193501658417,take_profit
XAUT,prevday,1.5,2026-07-17 13:00:00+00:00,long,22.242154707737814,1.1297781438178482,take_profit
XAUT,prevday,1.5,2026-07-23 11:45:00+00:00,long,-32.13260999628845,-1.5960937998338358,stop_loss
XAUT,prevday,1.5,2026-07-26 16:40:00+00:00,short,-5.2198385854812415,-0.267829909597507,take_profit
XAUT,prevday,1.5,2026-07-27 11:40:00+00:00,short,17.12221953537823,0.8832723926869167,take_profit
XAUT,prevday,1.5,2026-07-29 19:00:00+00:00,short,20.310710576186402,1.0295671647674516,take_profit
XAUT,prevday,1.5,2026-07-30 14:45:00+00:00,short,-27.36099191568666,-1.3589689167120254,stop_loss
XAUT,prevday,1.5,2026-07-31 14:00:00+00:00,long,17.664895359952602,0.901895015361779,take_profit
XAUT,prevday,1.5,2026-08-03 01:00:00+00:00,long,-29.512986309995,-1.4801104582155835,stop_loss
XAUT,prevday,1.5,2026-08-03 11:25:00+00:00,long,2.9508408381704996,0.15250249781929612,take_profit
XAUT,prevday,1.5,2026-08-04 11:55:00+00:00,short,-30.67094962203162,-1.5802863561298206,stop_loss
XAUT,prevday,1.5,2026-08-06 08:20:00+00:00,short,-27.102421669017872,-1.441997320634803,stop_loss
XAUT,prevday,1.5,2026-08-06 09:05:00+00:00,short,16.266370218671362,0.8911610522720408,take_profit
XAUT,prevday,1.5,2026-08-11 12:00:00+00:00,short,-25.65231085865998,-1.3807647282198177,stop_loss
XAUT,prevday,1.5,2026-08-12 13:20:00+00:00,short,-22.87457387727467,-1.2662168354284673,stop_loss
XAUT,prevday,1.5,2026-08-13 15:20:00+00:00,long,-24.349419452579458,-1.3828770201631173,stop_loss
XAUT,prevday,1.5,2026-08-18 15:45:00+00:00,long,-24.46379099519862,-1.428892168127298,stop_loss
XAUT,prevday,1.5,2026-08-20 15:20:00+00:00,short,17.68922489505438,1.0635955135594761,take_profit
XAUT,prevday,1.5,2026-08-20 19:25:00+00:00,short,13.362378099535363,0.7867016528938175,take_profit
XAUT,prevday,1.5,2026-08-21 01:35:00+00:00,short,-25.352256096614624,-1.4694774144906064,stop_loss
XAUT,prevday,2.0,2026-07-08 18:10:00+00:00,long,0.8637475983976018,0.043187379919880094,time_exit
XAUT,prevday,2.0,2026-07-12 02:55:00+00:00,long,-39.780240270776886,-1.9872954918304693,stop_loss
XAUT,prevday,2.0,2026-07-14 12:45:00+00:00,short,32.89345498079256,1.7112693501658234,take_profit
XAUT,prevday,2.0,2026-07-17 13:00:00+00:00,long,32.39228073383812,1.6294281438178533,take_profit
XAUT,prevday,2.0,2026-07-23 11:45:00+00:00,long,-32.763631703197696,-1.5960937998338358,stop_loss
XAUT,prevday,2.0,2026-07-26 16:40:00+00:00,short,-31.227965716059074,-1.5714467269349477,stop_loss
XAUT,prevday,2.0,2026-07-27 11:40:00+00:00,short,26.63134521410555,1.3836223926869045,take_profit
XAUT,prevday,2.0,2026-07-29 19:00:00+00:00,short,30.26203662382017,1.5299171647674452,take_profit
XAUT,prevday,2.0,2026-07-30 14:45:00+00:00,short,-27.703152880490396,-1.3589689167120254,stop_loss
XAUT,prevday,2.0,2026-07-31 14:00:00+00:00,long,27.794540240221423,1.4015450153617748,take_profit
XAUT,prevday,2.0,2026-08-03 01:00:00+00:00,long,-30.175379417758762,-1.4801104582155837,stop_loss
XAUT,prevday,2.0,2026-08-03 11:25:00+00:00,long,10.947069080070332,0.5533366637590245,take_profit
XAUT,prevday,2.0,2026-08-04 11:55:00+00:00,short,-31.60996559229086,-1.5802863561298206,stop_loss
XAUT,prevday,2.0,2026-08-06 08:20:00+00:00,short,-27.932184265009575,-1.441997320634803,stop_loss
XAUT,prevday,2.0,2026-08-06 09:05:00+00:00,short,26.176882010796465,1.3915110522720961,take_profit
XAUT,prevday,2.0,2026-08-11 12:00:00+00:00,short,-26.697606199394585,-1.3807647282198174,stop_loss
XAUT,prevday,2.0,2026-08-12 13:20:00+00:00,short,-23.806680369627298,-1.266216835428467,stop_loss
XAUT,prevday,2.0,2026-08-13 15:20:00+00:00,long,-25.34162381356714,-1.3828770201631175,stop_loss
XAUT,prevday,2.0,2026-08-18 15:45:00+00:00,long,-25.460655834584177,-1.428892168127298,stop_loss
XAUT,prevday,2.0,2026-08-20 15:20:00+00:00,short,-15.56068963332838,-0.8989813978713237,time_exit
XAUT,prevday,2.3,2026-07-08 18:10:00+00:00,long,0.8637475983976018,0.043187379919880094,time_exit
XAUT,prevday,2.3,2026-07-12 02:55:00+00:00,long,-39.780240270776886,-1.9872954918304693,stop_loss
XAUT,prevday,2.3,2026-07-14 12:45:00+00:00,short,20.806046745378506,1.0824265834730424,time_exit
XAUT,prevday,2.3,2026-07-17 13:00:00+00:00,long,37.88558285885743,1.9292181438178742,take_profit
XAUT,prevday,2.3,2026-07-23 11:45:00+00:00,long,-32.55313546563274,-1.5960937998338356,stop_loss
XAUT,prevday,2.3,2026-07-26 16:40:00+00:00,short,-31.027335659245317,-1.5714467269349477,stop_loss
XAUT,prevday,2.3,2026-07-27 11:40:00+00:00,short,32.20143104000388,1.6838323926868777,take_profit
XAUT,prevday,2.3,2026-07-29 19:00:00+00:00,short,36.17781092779503,1.830127164767419,take_profit
XAUT,prevday,2.3,2026-07-30 14:45:00+00:00,short,-27.847281870801922,-1.3589689167120254,stop_loss
XAUT,prevday,2.3,2026-07-31 14:00:00+00:00,long,33.91531818787598,1.7013350153617433,take_profit
XAUT,prevday,2.3,2026-08-03 01:00:00+00:00,long,-30.509278402519804,-1.4801104582155835,stop_loss
XAUT,prevday,2.3,2026-08-03 11:25:00+00:00,long,15.878849565548373,0.7938371633229292,take_profit
XAUT,prevday,2.3,2026-08-04 11:55:00+00:00,short,-32.11178270456145,-1.5802863561298206,stop_loss
XAUT,prevday,2.3,2026-08-06 08:20:00+00:00,short,-28.37561556221718,-1.4419973206348031,stop_loss
XAUT,prevday,2.3,2026-08-06 09:05:00+00:00,short,32.32960529324981,1.6917210522721107,take_profit
XAUT,prevday,2.3,2026-08-11 12:00:00+00:00,short,-27.2798715273349,-1.3807647282198174,stop_loss
XAUT,prevday,2.3,2026-08-12 13:20:00+00:00,short,-24.325895629941755,-1.2662168354284673,stop_loss
XAUT,prevday,2.3,2026-08-13 15:20:00+00:00,long,-25.894315646315853,-1.3828770201631175,stop_loss
XAUT,prevday,2.3,2026-08-18 15:45:00+00:00,long,-26.01594371351903,-1.428892168127298,stop_loss
XAUT,prevday,2.3,2026-08-20 15:20:00+00:00,short,-15.900062758568835,-0.8989813978713237,time_exit
AMZN/USD,asia,1.0,2026-07-16 00:10:00+00:00,long,0.0020974435904619337,0.00010487217952309669,time_exit
AMZN/USD,asia,1.0,2026-07-16 15:15:00+00:00,long,11.916977107810547,0.595847605633786,take_profit
AMZN/USD,asia,1.0,2026-07-18 08:35:00+00:00,short,-9.96953615921621,-0.49260540738575637,take_profit
AMZN/USD,asia,1.0,2026-07-20 00:00:00+00:00,short,-7.1594601567594065,-0.3572764836165351,time_exit
AMZN/USD,asia,1.0,2026-07-22 09:30:00+00:00,short,15.200393061135035,0.7640000334592065,take_profit
AMZN/USD,asia,1.0,2026-07-24 09:00:00+00:00,short,12.287083789872742,0.6082772134522902,take_profit
AMZN/USD,asia,1.0,2026-07-25 14:00:00+00:00,short,-37.2162638000486,-1.8202621986013368,stop_loss
AMZN/USD,asia,1.0,2026-07-29 18:15:00+00:00,short,15.95183026531288,0.809687194412111,take_profit
AMZN/USD,asia,1.0,2026-08-01 09:20:00+00:00,long,10.241974915995966,0.5115804526178239,take_profit
AMZN/USD,asia,1.0,2026-08-01 21:00:00+00:00,long,9.817802802910943,0.48542661674608395,take_profit
AMZN/USD,asia,1.0,2026-08-06 12:15:00+00:00,short,-24.332200754958766,-1.191501643630944,stop_loss
AMZN/USD,asia,1.0,2026-08-06 13:40:00+00:00,short,-0.28592010029853854,-0.014342752369012978,time_exit
AMZN/USD,asia,1.0,2026-08-09 11:05:00+00:00,long,5.065806773357478,0.25419150387404355,take_profit
AMZN/USD,asia,1.0,2026-08-09 19:15:00+00:00,short,1.0889172557384956,0.05436319891184882,take_profit
AMZN/USD,asia,1.0,2026-08-09 21:30:00+00:00,short,5.949007624494879,0.2966762039453405,take_profit
AMZN/USD,asia,1.0,2026-08-11 09:45:00+00:00,long,9.825266525494147,0.48709452289597754,take_profit
AMZN/USD,asia,1.0,2026-08-13 11:00:00+00:00,short,-3.4882836138970887,-0.17126567086340602,take_profit
AMZN/USD,asia,1.0,2026-08-13 16:10:00+00:00,short,-4.666753267611408,-0.2299129959630687,time_exit
AMZN/USD,asia,1.0,2026-08-18 15:00:00+00:00,short,12.354421317651152,0.611466533864494,take_profit
AMZN/USD,asia,1.0,2026-08-18 17:10:00+00:00,short,2.209519368834984,0.10803617021270902,take_profit
AMZN/USD,asia,1.0,2026-08-19 11:20:00+00:00,short,-31.827928343447844,-1.5528959638471955,stop_loss
AMZN/USD,asia,1.0,2026-08-22 17:00:00+00:00,long,-9.378481365810135,-0.4722464390801246,take_profit
AMZN/USD,asia,1.5,2026-07-16 00:10:00+00:00,long,0.0020974435904619337,0.00010487217952309669,time_exit
AMZN/USD,asia,1.5,2026-07-16 15:15:00+00:00,long,-28.055106731204354,-1.402752394366199,stop_loss
AMZN/USD,asia,1.5,2026-07-18 08:35:00+00:00,short,-4.15814689703762,-0.21390811107866672,take_profit
AMZN/USD,asia,1.5,2026-07-20 00:00:00+00:00,short,-6.915363900033197,-0.3572764836165351,time_exit
AMZN/USD,asia,1.5,2026-07-22 09:30:00+00:00,short,24.297608329619944,1.2643500334592106,take_profit
AMZN/USD,asia,1.5,2026-07-24 09:00:00+00:00,short,21.843749566694747,1.1086272134522845,take_profit
AMZN/USD,asia,1.5,2026-07-25 14:00:00+00:00,short,-36.66062085398333,-1.8202621986013368,stop_loss
AMZN/USD,asia,1.5,2026-07-29 18:15:00+00:00,short,25.424002319383195,1.3100371944121143,take_profit
AMZN/USD,asia,1.5,2026-08-01 09:20:00+00:00,long,-29.614833538447716,-1.4870195473822034,stop_loss
AMZN/USD,asia,1.5,2026-08-06 12:15:00+00:00,short,-23.023705242471173,-1.1915016436309438,stop_loss
AMZN/USD,asia,1.5,2026-08-06 13:40:00+00:00,short,-0.270544377734915,-0.014342752369012987,time_exit
AMZN/USD,asia,1.5,2026-08-09 11:05:00+00:00,long,14.215477750558684,0.7538415038740828,take_profit
AMZN/USD,asia,1.5,2026-08-09 19:15:00+00:00,short,10.618149355768436,0.5547131989117164,take_profit
AMZN/USD,asia,1.5,2026-08-09 21:30:00+00:00,short,15.425689198407941,0.7970262039453354,take_profit
AMZN/USD,asia,1.5,2026-08-11 09:45:00+00:00,long,19.401932314634323,0.9867445228959901,take_profit
AMZN/USD,asia,1.5,2026-08-13 11:00:00+00:00,short,5.375597872650484,0.26810149370468705,take_profit
AMZN/USD,asia,1.5,2026-08-13 16:10:00+00:00,short,-4.634613682221136,-0.22991299596306872,time_exit
AMZN/USD,asia,1.5,2026-08-18 15:00:00+00:00,short,22.309073918544883,1.1118165338645285,take_profit
AMZN/USD,asia,1.5,2026-08-18 17:10:00+00:00,short,12.478979157372603,0.6083861702127676,take_profit
AMZN/USD,asia,1.5,2026-08-19 11:20:00+00:00,short,-32.23996573327416,-1.5528959638471955,stop_loss
AMZN/USD,asia,1.5,2026-08-22 17:00:00+00:00,long,-7.696802758203346,-0.3826135351736013,time_exit
AMZN/USD,asia,2.0,2026-07-16 00:10:00+00:00,long,0.0020974435904619337,0.00010487217952309669,time_exit
AMZN/USD,asia,2.0,2026-07-16 15:15:00+00:00,long,-28.055106731204354,-1.402752394366199,stop_loss
AMZN/USD,asia,2.0,2026-07-18 08:35:00+00:00,short,-31.24604674357636,-1.6073945926142867,stop_loss
AMZN/USD,asia,2.0,2026-07-20 00:00:00+00:00,short,-6.7218065079186315,-0.3572764836165351,time_exit
AMZN/USD,asia,2.0,2026-07-22 09:30:00+00:00,short,32.963860302548504,1.7647000334591953,take_profit
AMZN/USD,asia,2.0,2026-07-24 09:00:00+00:00,short,31.1157850021729,1.6089772134523126,take_profit
AMZN/USD,asia,2.0,2026-07-25 14:00:00+00:00,short,-36.33457348500616,-1.8202621986013368,stop_loss
AMZN/USD,asia,2.0,2026-07-29 18:15:00+00:00,short,34.82186386075458,1.8103871944121175,take_profit
AMZN/USD,asia,2.0,2026-08-01 09:20:00+00:00,long,-29.637669812563576,-1.4870195473822037,stop_loss
AMZN/USD,asia,2.0,2026-08-06 12:15:00+00:00,short,-23.041459036136672,-1.1915016436309438,stop_loss
AMZN/USD,asia,2.0,2026-08-06 13:40:00+00:00,short,-0.2707529970257321,-0.01434275236901298,time_exit
AMZN/USD,asia,2.0,2026-08-09 11:05:00+00:00,long,-32.920344260162786,-1.7444084961258932,stop_loss
AMZN/USD,asia,2.0,2026-08-11 09:45:00+00:00,long,27.07247182334271,1.4863945228959277,take_profit
AMZN/USD,asia,2.0,2026-08-13 11:00:00+00:00,short,13.268550898817974,0.7074686582730976,take_profit
AMZN/USD,asia,2.0,2026-08-13 16:10:00+00:00,short,-4.373022754747938,-0.22991299596306874,time_exit
AMZN/USD,asia,2.0,2026-08-18 15:00:00+00:00,short,30.522950592535988,1.6121665338645028,take_profit
AMZN/USD,asia,2.0,2026-08-19 11:20:00+00:00,short,-30.34876751982837,-1.5528959638471955,stop_loss
AMZN/USD,asia,2.0,2026-08-22 17:00:00+00:00,long,-7.245307873066553,-0.3826135351736013,time_exit
AMZN/USD,asia,2.3,2026-07-16 00:10:00+00:00,long,0.0020974435904619337,0.00010487217952309669,time_exit
AMZN/USD,asia,2.3,2026-07-16 15:15:00+00:00,long,-28.055106731204354,-1.402752394366199,stop_loss
AMZN/USD,asia,2.3,2026-07-18 08:35:00+00:00,short,-31.24604674357636,-1.6073945926142867,stop_loss
AMZN/USD,asia,2.3,2026-07-20 00:00:00+00:00,short,-6.7218065079186315,-0.3572764836165351,time_exit
AMZN/USD,asia,2.3,2026-07-22 09:30:00+00:00,short,38.57165783969123,2.0649100334591974,take_profit
AMZN/USD,asia,2.3,2026-07-24 09:00:00+00:00,short,37.135630856414394,1.909187213452282,take_profit
AMZN/USD,asia,2.3,2026-07-25 14:00:00+00:00,short,-36.75788067948923,-1.820262198601337,stop_loss
AMZN/USD,asia,2.3,2026-07-29 18:15:00+00:00,short,41.069205168965716,2.1105971944121134,take_profit
AMZN/USD,asia,2.3,2026-08-01 09:20:00+00:00,long,-30.156689524257825,-1.4870195473822034,stop_loss
AMZN/USD,asia,2.3,2026-08-06 12:15:00+00:00,short,-23.444964827974637,-1.1915016436309438,stop_loss
AMZN/USD,asia,2.3,2026-08-06 13:40:00+00:00,short,-0.2754944677063007,-0.014342752369012973,time_exit
AMZN/USD,asia,2.3,2026-08-09 11:05:00+00:00,long,-33.49685070263426,-1.7444084961258937,stop_loss
AMZN/USD,asia,2.3,2026-08-11 09:45:00+00:00,long,33.10242005610683,1.786184522895995,take_profit
AMZN/USD,asia,2.3,2026-08-13 11:00:00+00:00,short,18.63958973180499,0.9710889570140172,take_profit
AMZN/USD,asia,2.3,2026-08-13 16:10:00+00:00,short,-4.498780064778443,-0.22991299596306872,time_exit
AMZN/USD,asia,2.3,2026-08-18 15:00:00+00:00,short,37.24800722554717,1.9123765338645233,take_profit
AMZN/USD,asia,2.3,2026-08-19 11:20:00+00:00,short,-31.403127679266326,-1.5528959638471955,stop_loss
AMZN/USD,asia,2.3,2026-08-22 17:00:00+00:00,long,-7.497020367131838,-0.38261353517360125,time_exit
AMZN/USD,london,1.0,2026-07-16 00:10:00+00:00,long,0.0025663251725384084,0.00012831625862692043,time_exit
AMZN/USD,london,1.0,2026-07-17 17:05:00+00:00,short,11.766297058445302,0.5883133431189232,take_profit
AMZN/USD,london,1.0,2026-07-18 18:00:00+00:00,short,-0.7650767571055397,-0.03780887042456141,take_profit
AMZN/USD,london,1.0,2026-07-18 20:00:00+00:00,short,-3.2109653211027673,-0.1588008553270123,take_profit
AMZN/USD,london,1.0,2026-07-18 22:25:00+00:00,short,-37.457451104819555,-1.8583904505442073,stop_loss
AMZN/USD,london,1.0,2026-07-19 02:30:00+00:00,short,-0.7183852079828039,-0.03701736688390003,take_profit
AMZN/USD,london,1.0,2026-07-19 15:15:00+00:00,long,-9.566283676377363,-0.4933021917128598,take_profit
AMZN/USD,london,1.0,2026-07-19 16:10:00+00:00,long,-4.233643233595865,-0.22049060678730503,take_profit
AMZN/USD,london,1.0,2026-07-19 20:55:00+00:00,short,-30.725112330077785,-1.6072695119980527,stop_loss
AMZN/USD,london,1.0,2026-07-19 23:35:00+00:00,long,10.975805531138281,0.5932278181391764,take_profit
AMZN/USD,london,1.0,2026-07-20 11:10:00+00:00,long,5.0226894344239845,0.2682866399112684,take_profit
AMZN/USD,london,1.0,2026-07-21 05:25:00+00:00,short,4.000058380136037,0.2125225274354987,take_profit
AMZN/USD,london,1.0,2026-07-21 09:00:00+00:00,short,11.513485505556545,0.6091207940690329,take_profit
AMZN/USD,london,1.0,2026-07-24 14:05:00+00:00,long,-22.888854102413557,-1.1963599603807449,stop_loss
AMZN/USD,london,1.0,2026-07-25 14:00:00+00:00,short,-33.99212712627616,-1.8202621986013372,stop_loss
AMZN/USD,london,1.0,2026-07-29 19:15:00+00:00,short,14.672372802395351,0.8153827759963366,take_profit
AMZN/USD,london,1.0,2026-08-01 00:05:00+00:00,short,6.670043954113529,0.3647242827274882,take_profit
AMZN/USD,london,1.0,2026-08-01 02:05:00+00:00,short,4.371378195166081,0.23730009289358428,take_profit
AMZN/USD,london,1.0,2026-08-01 11:10:00+00:00,short,-10.128981040353414,-0.5472540674126405,time_exit
AMZN/USD,london,1.0,2026-08-04 14:20:00+00:00,short,13.599745390553856,0.742905563227472,take_profit
AMZN/USD,london,1.0,2026-08-05 10:35:00+00:00,short,-24.604732560125434,-1.3243907977892677,stop_loss
AMZN/USD,london,1.0,2026-08-05 13:35:00+00:00,short,16.436533794193025,0.9087958837897688,take_profit
AMZN/USD,london,1.0,2026-08-09 19:15:00+00:00,short,6.5394352815194665,0.35511869796364665,take_profit
AMZN/USD,london,1.0,2026-08-10 11:30:00+00:00,short,5.230517231152495,0.28203584702394263,take_profit
AMZN/USD,london,1.0,2026-08-11 13:00:00+00:00,short,14.566365730393748,0.7810305738422635,take_profit
AMZN/USD,london,1.0,2026-08-13 14:15:00+00:00,short,10.506183533026249,0.5546644123059873,take_profit
AMZN/USD,london,1.0,2026-08-14 14:05:00+00:00,short,14.243648840430122,0.7437300846444574,take_profit
AMZN/USD,london,1.0,2026-08-15 17:30:00+00:00,short,-35.994360988787726,-1.8518942161281358,stop_loss
AMZN/USD,london,1.0,2026-08-16 01:00:00+00:00,short,-35.191933558958155,-1.8802501618952112,stop_loss
AMZN/USD,london,1.0,2026-08-16 16:30:00+00:00,long,-1.4348627490021322,-0.07965802050205241,take_profit
AMZN/USD,london,1.0,2026-08-18 15:00:00+00:00,short,10.996667431035819,0.6114665338644941,take_profit
AMZN/USD,london,1.0,2026-08-18 17:10:00+00:00,short,1.9666926565630476,0.10803617021270902,take_profit
AMZN/USD,london,1.0,2026-08-20 16:15:00+00:00,long,9.075860572204068,0.4974885867965711,take_profit
AMZN/USD,london,1.0,2026-08-21 11:50:00+00:00,long,-27.188945992066536,-1.4756654290237061,stop_loss
AMZN/USD,london,1.0,2026-08-22 15:05:00+00:00,long,-31.695604516518216,-1.7725764950856997,stop_loss
AMZN/USD,london,1.0,2026-08-22 17:00:00+00:00,long,-8.144919597795512,-0.4722464390801245,take_profit
AMZN/USD,london,1.5,2026-07-16 00:10:00+00:00,long,0.0025663251725384084,0.00012831625862692043,time_exit
AMZN/USD,london,1.5,2026-07-17 17:05:00+00:00,short,21.773322739661424,1.0886633431189292,take_profit
AMZN/USD,london,1.5,2026-07-18 18:00:00+00:00,short,9.452267478020214,0.4625411295754526,take_profit
AMZN/USD,london,1.5,2026-07-18 20:00:00+00:00,short,-40.03638430887372,-1.9411991446729833,stop_loss
AMZN/USD,london,1.5,2026-07-19 02:30:00+00:00,short,-2.7438931792307955,-0.1384138395865877,time_exit
AMZN/USD,london,1.5,2026-07-19 15:15:00+00:00,long,-4.249402423875015,-0.21495328756933077,take_profit
AMZN/USD,london,1.5,2026-07-19 17:05:00+00:00,long,16.731453578470752,0.8500040375873245,take_profit
AMZN/USD,london,1.5,2026-07-20 11:10:00+00:00,long,15.373015347830643,0.7679366399112153,take_profit
AMZN/USD,london,1.5,2026-07-21 05:25:00+00:00,short,14.489888988789847,0.7128725274355047,take_profit
AMZN/USD,london,1.5,2026-07-21 09:00:00+00:00,short,22.87269089328813,1.1094707940690565,take_profit
AMZN/USD,london,1.5,2026-07-24 14:05:00+00:00,long,-25.211264925381258,-1.1963599603807449,stop_loss
AMZN/USD,london,1.5,2026-07-25 14:00:00+00:00,short,-37.44112826807788,-1.8202621986013368,stop_loss
AMZN/USD,london,1.5,2026-07-29 19:15:00+00:00,short,26.078169190771657,1.3157327759963349,take_profit
AMZN/USD,london,1.5,2026-08-01 00:05:00+00:00,short,17.597190561171786,0.8650742827274723,take_profit
AMZN/USD,london,1.5,2026-08-01 11:10:00+00:00,short,-11.32474971501627,-0.5472540674126405,time_exit
AMZN/USD,london,1.5,2026-08-04 14:20:00+00:00,short,25.446053315965372,1.2432555632274618,take_profit
AMZN/USD,london,1.5,2026-08-05 10:35:00+00:00,short,-27.780680838442883,-1.3243907977892675,stop_loss
AMZN/USD,london,1.5,2026-08-05 13:35:00+00:00,short,28.77557948587827,1.4091458837897723,take_profit
AMZN/USD,london,1.5,2026-08-09 19:15:00+00:00,short,17.96150109805697,0.8554686979636408,take_profit
AMZN/USD,london,1.5,2026-08-10 11:30:00+00:00,short,16.708103183356975,0.7823858470239055,take_profit
AMZN/USD,london,1.5,2026-08-11 13:00:00+00:00,short,27.79248597928778,1.2813805738422523,take_profit
AMZN/USD,london,1.5,2026-08-13 14:15:00+00:00,short,23.46914975967887,1.0550144123059928,take_profit
AMZN/USD,london,1.5,2026-08-14 14:05:00+00:00,short,11.961967089751468,0.5266174437580384,time_exit
AMZN/USD,london,1.5,2026-08-15 17:30:00+00:00,short,-42.50830210768095,-1.8518942161281358,stop_loss
AMZN/USD,london,1.5,2026-08-16 01:00:00+00:00,short,-41.56065845824068,-1.8802501618952112,stop_loss
AMZN/USD,london,1.5,2026-08-16 16:30:00+00:00,long,8.626306599136129,0.4055129692468843,take_profit
AMZN/USD,london,1.5,2026-08-18 15:00:00+00:00,short,23.843022251412243,1.1118165338645287,take_profit
AMZN/USD,london,1.5,2026-08-18 17:10:00+00:00,short,13.337020568873145,0.6083861702127675,take_profit
AMZN/USD,london,1.5,2026-08-20 16:15:00+00:00,long,22.125214748441252,0.9971385867966289,take_profit
AMZN/USD,london,1.5,2026-08-21 11:50:00+00:00,long,-33.39609436030835,-1.4756654290237061,stop_loss
AMZN/USD,london,1.5,2026-08-22 15:05:00+00:00,long,-38.93160843930914,-1.7725764950856997,stop_loss
AMZN/USD,london,1.5,2026-08-22 17:00:00+00:00,long,-8.105536140114669,-0.38261353517360125,time_exit
AMZN/USD,london,2.0,2026-07-16 00:10:00+00:00,long,0.0025663251725384084,0.00012831625862692043,time_exit
AMZN/USD,london,2.0,2026-07-17 17:05:00+00:00,short,31.780348420876877,1.5890133431189017,take_profit
AMZN/USD,london,2.0,2026-07-18 18:00:00+00:00,short,19.86989232512982,0.9628911295754665,take_profit
AMZN/USD,london,2.0,2026-07-18 22:25:00+00:00,short,-39.08763067898178,-1.8583904505442073,stop_loss
AMZN/USD,london,2.0,2026-07-19 02:30:00+00:00,short,-2.803060677922291,-0.13841383958658773,time_exit
AMZN/USD,london,2.0,2026-07-19 15:15:00+00:00,long,1.2802898383794634,0.06339561657419802,take_profit
AMZN/USD,london,2.0,2026-07-19 20:55:00+00:00,short,-32.50035267563905,-1.6072695119980527,stop_loss
AMZN/USD,london,2.0,2026-07-19 23:35:00+00:00,long,31.167108808513362,1.5925278181391804,take_profit
AMZN/USD,london,2.0,2026-07-20 11:10:00+00:00,long,25.597876870971948,1.2675866399112825,take_profit
AMZN/USD,london,2.0,2026-07-21 05:25:00+00:00,short,25.12115643978583,1.2132225274355104,take_profit
AMZN/USD,london,2.0,2026-07-24 14:05:00+00:00,long,-25.37307666704765,-1.1963599603807449,stop_loss
AMZN/USD,london,2.0,2026-07-25 14:00:00+00:00,short,-37.68143410727095,-1.8202621986013365,stop_loss
AMZN/USD,london,2.0,2026-07-29 19:15:00+00:00,short,36.22626338295045,1.8160827759963336,take_profit
AMZN/USD,london,2.0,2026-08-01 00:05:00+00:00,short,28.226049341713622,1.365424282727552,take_profit
AMZN/USD,london,2.0,2026-08-01 11:10:00+00:00,short,-11.621771914270528,-0.5472540674126405,time_exit
AMZN/USD,london,2.0,2026-08-04 14:20:00+00:00,short,36.62283858582879,1.743605563227489,take_profit
AMZN/USD,london,2.0,2026-08-05 10:35:00+00:00,short,-28.787675236885242,-1.3243907977892677,stop_loss
AMZN/USD,london,2.0,2026-08-05 13:35:00+00:00,short,29.383294025336383,1.3885727860420156,time_exit
AMZN/USD,london,2.0,2026-08-09 19:15:00+00:00,short,29.486960107933932,1.3558186979636355,take_profit
AMZN/USD,london,2.0,2026-08-10 11:30:00+00:00,short,28.6540007268012,1.2827358470238681,take_profit
AMZN/USD,london,2.0,2026-08-11 13:00:00+00:00,short,40.82171534890607,1.7817305738422733,take_profit
AMZN/USD,london,2.0,2026-08-13 14:15:00+00:00,short,36.90523132064433,1.5553644123059986,take_profit
AMZN/USD,london,2.0,2026-08-14 14:05:00+00:00,short,12.884123268643105,0.5266174437580383,time_exit
AMZN/USD,london,2.0,2026-08-15 17:30:00+00:00,short,-45.78529602922207,-1.8518942161281358,stop_loss
AMZN/USD,london,2.0,2026-08-16 01:00:00+00:00,short,-44.764597886305765,-1.880250161895211,stop_loss
AMZN/USD,london,2.0,2026-08-16 16:30:00+00:00,long,20.407792990919383,0.890683958995821,take_profit
AMZN/USD,london,2.0,2026-08-18 15:00:00+00:00,short,37.59677509744107,1.6121665338645026,take_profit
AMZN/USD,london,2.0,2026-08-20 16:15:00+00:00,long,36.03157459444142,1.4967885867966089,take_profit
AMZN/USD,london,2.0,2026-08-21 11:50:00+00:00,long,-36.586496505104606,-1.4756654290237061,stop_loss
AMZN/USD,london,2.0,2026-08-22 15:05:00+00:00,long,-42.65083038559642,-1.7725764950857,stop_loss
AMZN/USD,london,2.0,2026-08-22 17:00:00+00:00,long,-8.879875786156639,-0.3826135351736013,time_exit
AMZN/USD,london,2.3,2026-07-16 00:10:00+00:00,long,0.0025663251725384084,0.00012831625862692043,time_exit
AMZN/USD,london,2.3,2026-07-17 17:05:00+00:00,short,37.78456382960641,1.8892233431188985,take_profit
AMZN/USD,london,2.3,2026-07-18 18:00:00+00:00,short,-2.2757827333859986,-0.10964593158168097,time_exit
AMZN/USD,london,2.3,2026-07-19 15:15:00+00:00,long,4.7717389921820015,0.230404959060298,take_profit
AMZN/USD,london,2.3,2026-07-19 20:55:00+00:00,short,-33.44030577279549,-1.6072695119980525,stop_loss
AMZN/USD,london,2.3,2026-07-19 23:35:00+00:00,long,10.686596711194465,0.5306983829388562,time_exit
AMZN/USD,london,2.3,2026-07-21 05:25:00+00:00,short,30.799241146113403,1.5134325274355016,take_profit
AMZN/USD,london,2.3,2026-07-24 14:05:00+00:00,long,-25.083567689847456,-1.1963599603807449,stop_loss
AMZN/USD,london,2.3,2026-07-25 14:00:00+00:00,short,-37.25148571784287,-1.8202621986013368,stop_loss
AMZN/USD,london,2.3,2026-07-29 19:15:00+00:00,short,41.733021179593536,2.1162927759963326,take_profit
AMZN/USD,london,2.3,2026-08-01 00:05:00+00:00,short,13.870153895195372,0.6747978538501869,time_exit
AMZN/USD,london,2.3,2026-08-01 21:00:00+00:00,long,37.17493381546607,1.7845166167460607,take_profit
AMZN/USD,london,2.3,2026-08-04 14:20:00+00:00,short,10.907376900237516,0.5055461300716884,time_exit
AMZN/USD,london,2.3,2026-08-05 10:35:00+00:00,short,-28.863218150607867,-1.3243907977892675,stop_loss
AMZN/USD,london,2.3,2026-08-05 13:35:00+00:00,short,29.46039992663536,1.3885727860420156,time_exit
AMZN/USD,london,2.3,2026-08-09 19:15:00+00:00,short,36.1105745997518,1.6560286979636887,take_profit
AMZN/USD,london,2.3,2026-08-10 11:30:00+00:00,short,35.660186373789294,1.5829458470239093,take_profit
AMZN/USD,london,2.3,2026-08-11 13:00:00+00:00,short,48.38625569501367,2.0819405738422727,take_profit
AMZN/USD,london,2.3,2026-08-13 14:15:00+00:00,short,44.92097930505577,1.8555744123060287,take_profit
AMZN/USD,london,2.3,2026-08-14 14:05:00+00:00,short,13.22182869784505,0.5266174437580383,time_exit
AMZN/USD,london,2.3,2026-08-15 17:30:00+00:00,short,-46.98537326570096,-1.851894216128136,stop_loss
AMZN/USD,london,2.3,2026-08-16 01:00:00+00:00,short,-45.93792162957041,-1.8802501618952114,stop_loss
AMZN/USD,london,2.3,2026-08-16 16:30:00+00:00,long,27.78741250917615,1.1817865528452474,take_profit
AMZN/USD,london,2.3,2026-08-18 15:00:00+00:00,short,46.02861500938856,1.912376533864523,take_profit
AMZN/USD,london,2.3,2026-08-20 16:15:00+00:00,long,44.89537745795482,1.796578586796535,take_profit
AMZN/USD,london,2.3,2026-08-21 11:50:00+00:00,long,-38.20096908826861,-1.4756654290237061,stop_loss
AMZN/USD,london,2.3,2026-08-22 15:05:00+00:00,long,-44.53290718672213,-1.7725764950857001,stop_loss
AMZN/USD,london,2.3,2026-08-22 17:00:00+00:00,long,-9.271722980288814,-0.38261353517360136,time_exit
AMZN/USD,newyork,1.0,2026-07-16 00:10:00+00:00,long,0.0017113689446244251,8.556844723122126e-05,time_exit
AMZN/USD,newyork,1.0,2026-07-18 21:40:00+00:00,long,5.95083287908804,0.2975411347517442,take_profit
AMZN/USD,newyork,1.0,2026-07-19 15:15:00+00:00,long,-9.92477189673364,-0.4933021917128597,take_profit
AMZN/USD,newyork,1.0,2026-07-19 16:10:00+00:00,long,-4.3922953580549144,-0.22049060678730512,take_profit
AMZN/USD,newyork,1.0,2026-07-19 21:30:00+00:00,short,-31.606306483141914,-1.5936454078355469,stop_loss
AMZN/USD,newyork,1.0,2026-07-20 01:10:00+00:00,short,5.728327645793016,0.2983413328341536,take_profit
AMZN/USD,newyork,1.0,2026-07-20 03:55:00+00:00,short,-1.3157668941220546,-0.06812097740035666,take_profit
AMZN/USD,newyork,1.0,2026-07-24 14:05:00+00:00,long,-23.076389428037437,-1.1963599603807449,stop_loss
AMZN/USD,newyork,1.0,2026-07-25 22:55:00+00:00,short,-35.562884157113174,-1.8888991646876618,stop_loss
AMZN/USD,newyork,1.0,2026-07-28 16:15:00+00:00,long,-4.338797635683221,-0.23950021325909232,time_exit
AMZN/USD,newyork,1.0,2026-07-29 19:15:00+00:00,short,14.700758831679977,0.8153827759963366,take_profit
AMZN/USD,newyork,1.0,2026-08-01 21:00:00+00:00,long,8.894611884729553,0.4854266167460839,take_profit
AMZN/USD,newyork,1.0,2026-08-03 21:30:00+00:00,long,-27.75475598470023,-1.5001613444050874,stop_loss
AMZN/USD,newyork,1.0,2026-08-09 01:50:00+00:00,short,-16.99636251895203,-0.9470791010807579,take_profit
AMZN/USD,newyork,1.0,2026-08-10 08:55:00+00:00,long,9.58972360294877,0.5446800755429937,take_profit
AMZN/USD,newyork,1.0,2026-08-10 11:30:00+00:00,short,5.019660669868662,0.28203584702394274,take_profit
AMZN/USD,newyork,1.0,2026-08-14 12:15:00+00:00,long,-25.425968310424153,-1.420576426956502,stop_loss
AMZN/USD,newyork,1.0,2026-08-15 21:00:00+00:00,short,-29.235318667719003,-1.6811736770106875,stop_loss
AMZN/USD,newyork,1.0,2026-08-18 15:00:00+00:00,short,9.319441448862076,0.5545596427136048,take_profit
AMZN/USD,newyork,1.0,2026-08-18 16:25:00+00:00,short,11.953078088693712,0.7034736040608972,take_profit
AMZN/USD,newyork,1.0,2026-08-20 08:45:00+00:00,short,-21.98095137263982,-1.2756949207451898,stop_loss
AMZN/USD,newyork,1.0,2026-08-20 11:55:00+00:00,short,14.12356743962665,0.8411415752098075,take_profit
AMZN/USD,newyork,1.0,2026-08-21 16:40:00+00:00,long,-1.2169614033874674,-0.07127811513234876,time_exit
AMZN/USD,newyork,1.0,2026-08-22 10:00:00+00:00,long,-28.931854274861827,-1.6969741498367017,stop_loss
AMZN/USD,newyork,1.0,2026-08-22 17:00:00+00:00,long,-7.778109751947584,-0.4722464390801244,take_profit
AMZN/USD,newyork,1.5,2026-07-16 00:10:00+00:00,long,0.0017113689446244251,8.556844723122126e-05,time_exit
AMZN/USD,newyork,1.5,2026-07-18 21:40:00+00:00,long,-10.79531736025173,-0.5397649442756234,time_exit
AMZN/USD,newyork,1.5,2026-07-19 15:15:00+00:00,long,-4.252663329535428,-0.2149532875693309,take_profit
AMZN/USD,newyork,1.5,2026-07-19 17:05:00+00:00,long,16.74429295827964,0.8500040375873245,take_profit
AMZN/USD,newyork,1.5,2026-07-20 01:10:00+00:00,short,16.000950591926774,0.7986913328341702,take_profit
AMZN/USD,newyork,1.5,2026-07-24 14:05:00+00:00,long,-24.35068608977133,-1.1963599603807449,stop_loss
AMZN/USD,newyork,1.5,2026-07-25 22:55:00+00:00,short,-37.526695034215905,-1.8888991646876616,stop_loss
AMZN/USD,newyork,1.5,2026-07-28 16:15:00+00:00,long,-4.578389507727662,-0.23950021325909238,time_exit
AMZN/USD,newyork,1.5,2026-07-29 19:15:00+00:00,short,25.031637218343633,1.315732775996335,take_profit
AMZN/USD,newyork,1.5,2026-08-01 21:00:00+00:00,long,19.234110344106735,0.985076616746081,take_profit
AMZN/USD,newyork,1.5,2026-08-03 21:30:00+00:00,long,-29.868480930792664,-1.5001613444050874,stop_loss
AMZN/USD,newyork,1.5,2026-08-09 01:50:00+00:00,short,-17.296912317955254,-0.8956186516213341,take_profit
AMZN/USD,newyork,1.5,2026-08-10 08:55:00+00:00,long,19.80767398948506,1.0443300755429725,take_profit
AMZN/USD,newyork,1.5,2026-08-10 11:30:00+00:00,short,15.149356432359468,0.7823858470239055,take_profit
AMZN/USD,newyork,1.5,2026-08-14 12:15:00+00:00,long,-27.93707272797196,-1.4205764269565022,stop_loss
AMZN/USD,newyork,1.5,2026-08-15 21:00:00+00:00,short,-32.12263988823783,-1.6811736770106875,stop_loss
AMZN/USD,newyork,1.5,2026-08-18 15:00:00+00:00,short,19.478714046824308,1.05490964271362,take_profit
AMZN/USD,newyork,1.5,2026-08-18 16:25:00+00:00,short,22.69736188336542,1.203823604060887,take_profit
AMZN/USD,newyork,1.5,2026-08-20 08:45:00+00:00,short,-24.631550032352127,-1.2756949207451895,stop_loss
AMZN/USD,newyork,1.5,2026-08-20 11:55:00+00:00,short,25.241113806933487,1.3414915752098218,take_profit
AMZN/USD,newyork,1.5,2026-08-21 16:40:00+00:00,long,-1.3771309837426742,-0.07127811513234879,time_exit
AMZN/USD,newyork,1.5,2026-08-22 10:00:00+00:00,long,-32.739701380943934,-1.6969741498367013,stop_loss
AMZN/USD,newyork,1.5,2026-08-22 17:00:00+00:00,long,-7.1312251659395205,-0.3826135351736013,time_exit
AMZN/USD,newyork,2.0,2026-07-16 00:10:00+00:00,long,0.0017113689446244251,8.556844723122126e-05,time_exit
AMZN/USD,newyork,2.0,2026-07-18 21:40:00+00:00,long,-10.79531736025173,-0.5397649442756234,time_exit
AMZN/USD,newyork,2.0,2026-07-19 15:15:00+00:00,long,1.2542269853463992,0.06339561657419783,take_profit
AMZN/USD,newyork,2.0,2026-07-19 21:30:00+00:00,short,-31.568860405781894,-1.5936454078355466,stop_loss
AMZN/USD,newyork,2.0,2026-07-20 01:10:00+00:00,short,-32.66097847487516,-1.7030586671658554,stop_loss
AMZN/USD,newyork,2.0,2026-07-24 14:05:00+00:00,long,-22.162108435851845,-1.1963599603807449,stop_loss
AMZN/USD,newyork,2.0,2026-07-25 22:55:00+00:00,short,-34.153891250595386,-1.8888991646876618,stop_loss
AMZN/USD,newyork,2.0,2026-07-28 16:15:00+00:00,long,-4.166895518169756,-0.23950021325909232,time_exit
AMZN/USD,newyork,2.0,2026-07-29 19:15:00+00:00,short,31.445396515404603,1.8160827759963334,take_profit
AMZN/USD,newyork,2.0,2026-08-01 21:00:00+00:00,long,26.64173496531345,1.484726616746078,take_profit
AMZN/USD,newyork,2.0,2026-08-03 21:30:00+00:00,long,-27.718031663913315,-1.5001613444050874,stop_loss
AMZN/USD,newyork,2.0,2026-08-09 01:50:00+00:00,short,-15.129290088817344,-0.8441582021617559,take_profit
AMZN/USD,newyork,2.0,2026-08-10 08:55:00+00:00,long,-25.61771130683287,-1.4539199244569885,stop_loss
AMZN/USD,newyork,2.0,2026-08-14 12:15:00+00:00,long,-24.30236874971626,-1.4205764269565022,stop_loss
AMZN/USD,newyork,2.0,2026-08-15 21:00:00+00:00,short,-27.943380016212984,-1.681173677010688,stop_loss
AMZN/USD,newyork,2.0,2026-08-18 15:00:00+00:00,short,24.98133426426234,1.5552596427135656,take_profit
AMZN/USD,newyork,2.0,2026-08-18 16:25:00+00:00,short,12.307225966315402,0.7430952284263699,time_exit
AMZN/USD,newyork,2.0,2026-08-20 08:45:00+00:00,short,-21.4422067240018,-1.2756949207451895,stop_loss
AMZN/USD,newyork,2.0,2026-08-20 11:55:00+00:00,short,30.16828163332162,1.8418415752098116,take_profit
AMZN/USD,newyork,2.0,2026-08-21 16:40:00+00:00,long,-1.210500365213249,-0.07127811513234876,time_exit
AMZN/USD,newyork,2.0,2026-08-22 10:00:00+00:00,long,-28.77825054149734,-1.6969741498367017,stop_loss
AMZN/USD,newyork,2.0,2026-08-22 17:00:00+00:00,long,-6.268358471121814,-0.38261353517360136,time_exit
AMZN/USD,newyork,2.3,2026-07-16 00:10:00+00:00,long,0.0017113689446244251,8.556844723122126e-05,time_exit
AMZN/USD,newyork,2.3,2026-07-18 21:40:00+00:00,long,-10.79531736025173,-0.5397649442756234,time_exit
AMZN/USD,newyork,2.3,2026-07-19 15:15:00+00:00,long,4.5583611742751575,0.23040495906029795,take_profit
AMZN/USD,newyork,2.3,2026-07-19 21:30:00+00:00,short,-31.674172771323068,-1.5936454078355466,stop_loss
AMZN/USD,newyork,2.3,2026-07-20 01:10:00+00:00,short,-32.76993409949595,-1.703058667165855,stop_loss
AMZN/USD,newyork,2.3,2026-07-24 14:05:00+00:00,long,-22.23604027991462,-1.1963599603807447,stop_loss
AMZN/USD,newyork,2.3,2026-07-25 22:55:00+00:00,short,-34.267827168262464,-1.888899164687662,stop_loss
AMZN/USD,newyork,2.3,2026-07-28 16:15:00+00:00,long,-4.180796103060716,-0.23950021325909238,time_exit
AMZN/USD,newyork,2.3,2026-07-29 19:15:00+00:00,short,36.765761190399544,2.1162927759963326,take_profit
AMZN/USD,newyork,2.3,2026-08-01 21:00:00+00:00,long,32.31408920962019,1.7845166167460607,take_profit
AMZN/USD,newyork,2.3,2026-08-03 21:30:00+00:00,long,-28.13450095889923,-1.5001613444050874,stop_loss
AMZN/USD,newyork,2.3,2026-08-09 01:50:00+00:00,short,-14.7949213046578,-0.813281932485854,take_profit
AMZN/USD,newyork,2.3,2026-08-10 08:55:00+00:00,long,-26.01895587689779,-1.4539199244569883,stop_loss
AMZN/USD,newyork,2.3,2026-08-14 12:15:00+00:00,long,-24.683011399004698,-1.4205764269565024,stop_loss
AMZN/USD,newyork,2.3,2026-08-15 21:00:00+00:00,short,-28.38105102305955,-1.6811736770106878,stop_loss
AMZN/USD,newyork,2.3,2026-08-18 15:00:00+00:00,short,30.27025772271555,1.8554696427135888,take_profit
AMZN/USD,newyork,2.3,2026-08-20 08:45:00+00:00,short,-21.584085827006394,-1.2756949207451898,stop_loss
AMZN/USD,newyork,2.3,2026-08-20 11:55:00+00:00,short,26.270582999452955,1.5933354852593404,time_exit
AMZN/USD,newyork,2.3,2026-08-21 16:40:00+00:00,long,-1.212669041482079,-0.07127811513234873,time_exit
AMZN/USD,newyork,2.3,2026-08-22 10:00:00+00:00,long,-28.82980831942234,-1.6969741498367017,stop_loss
AMZN/USD,newyork,2.3,2026-08-22 17:00:00+00:00,long,-6.2795885712122415,-0.38261353517360136,time_exit
AMZN/USD,prevday,1.0,2026-07-16 00:10:00+00:00,long,0.002658397064915219,0.00013291985324576094,time_exit
AMZN/USD,prevday,1.0,2026-07-20 00:00:00+00:00,short,-7.1455486679858105,-0.3572764836165351,time_exit
AMZN/USD,prevday,1.0,2026-07-21 22:15:00+00:00,long,-31.231593324985617,-1.5728141048165423,stop_loss
AMZN/USD,prevday,1.0,2026-07-22 00:50:00+00:00,long,4.874932628276353,0.25347354792048865,take_profit
AMZN/USD,prevday,1.0,2026-07-23 09:15:00+00:00,long,6.326300395117505,0.3272787095676572,take_profit
AMZN/USD,prevday,1.0,2026-07-23 11:30:00+00:00,long,-25.14288475227608,-1.292259118443894,stop_loss
AMZN/USD,prevday,1.0,2026-07-24 14:05:00+00:00,long,-22.675420615926136,-1.1963599603807449,stop_loss
AMZN/USD,prevday,1.0,2026-07-28 16:15:00+00:00,long,-4.430794392373199,-0.23950021325909232,time_exit
AMZN/USD,prevday,1.0,2026-08-05 12:50:00+00:00,short,11.828715503181128,0.6424615841727774,take_profit
AMZN/USD,prevday,1.0,2026-08-05 13:35:00+00:00,short,16.947341333719216,0.9087958837897689,take_profit
AMZN/USD,prevday,1.0,2026-08-09 23:05:00+00:00,long,7.077958370079854,0.37277772876380666,time_exit
AMZN/USD,prevday,1.0,2026-08-10 11:30:00+00:00,short,5.394960294464557,0.28203584702394263,take_profit
AMZN/USD,prevday,1.0,2026-08-14 12:15:00+00:00,long,-27.3269646106659,-1.4205764269565022,stop_loss
AMZN/USD,prevday,1.0,2026-08-16 00:05:00+00:00,short,-21.21541120623256,-1.1351213971320024,time_exit
AMZN/USD,prevday,1.0,2026-08-18 14:00:00+00:00,long,9.858196541762311,0.5397112973733433,take_profit
AMZN/USD,prevday,1.0,2026-08-21 16:40:00+00:00,long,-1.315997070838701,-0.07127811513234879,time_exit
AMZN/USD,prevday,1.5,2026-07-16 00:10:00+00:00,long,0.002658397064915219,0.00013291985324576094,time_exit
AMZN/USD,prevday,1.5,2026-07-20 00:00:00+00:00,short,-7.1455486679858105,-0.3572764836165351,time_exit
AMZN/USD,prevday,1.5,2026-07-21 22:15:00+00:00,long,-31.231593324985617,-1.5728141048165423,stop_loss
AMZN/USD,prevday,1.5,2026-07-22 00:50:00+00:00,long,14.484456413703299,0.7531235479205324,take_profit
AMZN/USD,prevday,1.5,2026-07-23 09:15:00+00:00,long,16.143467204367195,0.8269287095676757,take_profit
AMZN/USD,prevday,1.5,2026-07-23 11:30:00+00:00,long,-25.644971113519258,-1.292259118443894,stop_loss
AMZN/USD,prevday,1.5,2026-07-24 14:05:00+00:00,long,-23.12823339134477,-1.1963599603807449,stop_loss
AMZN/USD,prevday,1.5,2026-07-28 16:15:00+00:00,long,-4.51927435224264,-0.23950021325909232,time_exit
AMZN/USD,prevday,1.5,2026-08-05 12:50:00+00:00,short,-25.519802421784636,-1.3589384158272042,stop_loss
AMZN/USD,prevday,1.5,2026-08-05 13:35:00+00:00,short,25.743436978544853,1.4091458837897723,take_profit
AMZN/USD,prevday,1.5,2026-08-09 23:05:00+00:00,long,7.002142009662661,0.3727777287638066,time_exit
AMZN/USD,prevday,1.5,2026-08-10 11:30:00+00:00,short,14.8056622448566,0.7823858470239056,take_profit
AMZN/USD,prevday,1.5,2026-08-14 12:15:00+00:00,long,-27.303262997814763,-1.420576426956502,stop_loss
AMZN/USD,prevday,1.5,2026-08-16 00:05:00+00:00,short,-21.19701035308067,-1.1351213971320024,time_exit
AMZN/USD,prevday,1.5,2026-08-18 14:00:00+00:00,long,18.96818001144669,1.0393612973732937,take_profit
AMZN/USD,prevday,1.5,2026-08-21 16:40:00+00:00,long,-1.3278546995535394,-0.07127811513234875,time_exit
AMZN/USD,prevday,2.0,2026-07-16 00:10:00+00:00,long,0.002658397064915219,0.00013291985324576094,time_exit
AMZN/USD,prevday,2.0,2026-07-20 00:00:00+00:00,short,-7.1455486679858105,-0.3572764836165351,time_exit
AMZN/USD,prevday,2.0,2026-07-21 22:15:00+00:00,long,-31.231593324985617,-1.5728141048165423,stop_loss
AMZN/USD,prevday,2.0,2026-07-22 00:50:00+00:00,long,24.093980199129067,1.2527735479205149,take_profit
AMZN/USD,prevday,2.0,2026-07-23 09:15:00+00:00,long,26.1526899559924,1.3265787095676942,take_profit
AMZN/USD,prevday,2.0,2026-07-23 11:30:00+00:00,long,-26.152021195618133,-1.292259118443894,stop_loss
AMZN/USD,prevday,2.0,2026-07-24 14:05:00+00:00,long,-23.58552275961788,-1.1963599603807449,stop_loss
AMZN/USD,prevday,2.0,2026-07-28 16:15:00+00:00,long,-4.608629041752271,-0.23950021325909232,time_exit
AMZN/USD,prevday,2.0,2026-08-05 12:50:00+00:00,short,-26.024377679671804,-1.358938415827204,stop_loss
AMZN/USD,prevday,2.0,2026-08-05 13:35:00+00:00,short,25.869156434802687,1.3885727860420156,time_exit
AMZN/USD,prevday,2.0,2026-08-09 23:05:00+00:00,long,7.137730190897411,0.3727777287638066,time_exit
AMZN/USD,prevday,2.0,2026-08-10 11:30:00+00:00,short,24.744193131627327,1.2827358470238686,take_profit
AMZN/USD,prevday,2.0,2026-08-14 12:15:00+00:00,long,-28.10618176281441,-1.420576426956502,stop_loss
AMZN/USD,prevday,2.0,2026-08-16 00:05:00+00:00,short,-21.820359927662373,-1.1351213971320024,time_exit
AMZN/USD,prevday,2.0,2026-08-18 14:00:00+00:00,long,28.912671872531753,1.539011297373316,take_profit
AMZN/USD,prevday,2.0,2026-08-21 16:40:00+00:00,long,-1.3802847985621698,-0.07127811513234873,time_exit
AMZN/USD,prevday,2.3,2026-07-16 00:10:00+00:00,long,0.002658397064915219,0.00013291985324576094,time_exit
AMZN/USD,prevday,2.3,2026-07-20 00:00:00+00:00,short,-7.1455486679858105,-0.3572764836165351,time_exit
AMZN/USD,prevday,2.3,2026-07-21 22:15:00+00:00,long,-31.231593324985617,-1.5728141048165423,stop_loss
AMZN/USD,prevday,2.3,2026-07-22 00:50:00+00:00,long,29.85969447038429,1.552563547920492,take_profit
AMZN/USD,prevday,2.3,2026-07-23 09:15:00+00:00,long,-33.14180684166553,-1.671321290432303,stop_loss
AMZN/USD,prevday,2.3,2026-07-24 14:05:00+00:00,long,-22.93047353759687,-1.1963599603807449,stop_loss
AMZN/USD,prevday,2.3,2026-07-28 16:15:00+00:00,long,-4.480631926778333,-0.23950021325909238,time_exit
AMZN/USD,prevday,2.3,2026-08-05 12:50:00+00:00,short,-25.3015932611794,-1.3589384158272042,stop_loss
AMZN/USD,prevday,2.3,2026-08-05 13:35:00+00:00,short,25.150683031873886,1.3885727860420154,time_exit
AMZN/USD,prevday,2.3,2026-08-09 23:05:00+00:00,long,6.9394914384136825,0.37277772876380655,time_exit
AMZN/USD,prevday,2.3,2026-08-10 11:30:00+00:00,short,29.687227446229436,1.5829458470239093,take_profit
AMZN/USD,prevday,2.3,2026-08-14 12:15:00+00:00,long,-27.485543047374055,-1.4205764269565022,stop_loss
AMZN/USD,prevday,2.3,2026-08-16 00:05:00+00:00,short,-21.338524284876204,-1.1351213971320024,time_exit
AMZN/USD,prevday,2.3,2026-08-18 14:00:00+00:00,long,33.78187048597913,1.8388012973733152,take_profit
AMZN/USD,prevday,2.3,2026-08-21 16:40:00+00:00,long,-1.3576569401602367,-0.07127811513234876,time_exit
ADA,asia,1.0,2026-07-08 18:10:00+00:00,long,5.120083341472192,0.2560041670736096,time_exit
ADA,asia,1.0,2026-07-10 10:50:00+00:00,short,16.690377900912882,0.8302678544351906,take_profit
ADA,asia,1.0,2026-07-10 15:25:00+00:00,long,16.403099571289918,0.802648837209297,take_profit
ADA,asia,1.0,2026-07-11 08:45:00+00:00,short,-25.267198202293756,-1.2168593801881762,stop_loss
ADA,asia,1.0,2026-07-12 04:05:00+00:00,long,-22.62563625043521,-1.1168230167738693,stop_loss
ADA,asia,1.0,2026-07-13 18:00:00+00:00,long,14.83474350808673,0.7489868238241766,take_profit
ADA,asia,1.0,2026-07-14 01:15:00+00:00,long,17.949091215653176,0.8928514918190648,take_profit
ADA,asia,1.0,2026-07-15 23:55:00+00:00,short,17.67162993824052,0.8636277566539838,take_profit
ADA,asia,1.0,2026-07-16 10:15:00+00:00,long,14.746788177415581,0.7084514569324316,take_profit
ADA,asia,1.0,2026-07-16 14:00:00+00:00,long,-22.97712978584146,-1.0884239490100347,stop_loss
ADA,asia,1.0,2026-07-16 19:50:00+00:00,long,15.29990243708405,0.7408824724713085,take_profit
ADA,asia,1.0,2026-07-17 11:55:00+00:00,short,17.989555439171944,0.8584066599203029,take_profit
ADA,asia,1.0,2026-07-18 09:40:00+00:00,long,14.072192400124905,0.660148538140239,take_profit
ADA,asia,1.0,2026-07-19 07:35:00+00:00,long,-28.935323743141005,-1.3397130657683,stop_loss
ADA,asia,1.0,2026-07-19 22:00:00+00:00,long,14.786757750550965,0.7034799821040284,take_profit
ADA,asia,1.0,2026-07-19 23:55:00+00:00,long,16.72414024397042,0.7846117782909856,take_profit
ADA,asia,1.0,2026-07-20 18:35:00+00:00,short,-23.63558610705337,-1.091730054539128,stop_loss
ADA,asia,1.0,2026-07-23 02:20:00+00:00,short,18.835402420543243,0.8894294332723888,take_profit
ADA,asia,1.0,2026-07-26 13:35:00+00:00,long,-31.841048785640567,-1.4772921178178937,stop_loss
ADA,asia,1.0,2026-07-26 14:40:00+00:00,long,12.629630107362939,0.6038021049917937,take_profit
ADA,asia,1.0,2026-07-26 23:10:00+00:00,short,17.03676798025591,0.8047816326530494,take_profit
ADA,asia,1.0,2026-07-27 06:45:00+00:00,short,15.854094711230646,0.7370512901765475,take_profit
ADA,asia,1.0,2026-07-28 09:15:00+00:00,short,-26.28626551144003,-1.2042868205199535,stop_loss
ADA,asia,1.0,2026-07-29 19:05:00+00:00,short,17.714294008836276,0.8315975979772567,take_profit
ADA,asia,1.0,2026-07-29 23:15:00+00:00,long,18.717462209110415,0.8643160695155376,take_profit
ADA,asia,1.0,2026-07-30 05:15:00+00:00,long,15.621460070929613,0.7090943757606775,take_profit
ADA,asia,1.0,2026-07-30 08:45:00+00:00,short,-26.703572228537098,-1.1951871903272162,stop_loss
ADA,asia,1.0,2026-07-31 14:30:00+00:00,long,18.74413750172962,0.8594871379771178,take_profit
ADA,asia,1.0,2026-07-31 20:55:00+00:00,short,-23.419792404910098,-1.0557351697831516,stop_loss
ADA,asia,1.0,2026-08-03 08:40:00+00:00,long,19.456373469121285,0.8959876781627677,take_profit
ADA,asia,1.0,2026-08-04 18:00:00+00:00,long,12.141519442276543,0.5492874044839956,take_profit
ADA,asia,1.0,2026-08-07 15:00:00+00:00,long,14.592170143120697,0.6529823647294658,take_profit
ADA,asia,1.0,2026-08-07 18:45:00+00:00,long,20.271834929357567,0.8954464354527989,take_profit
ADA,asia,1.0,2026-08-08 10:05:00+00:00,long,16.596063507421487,0.7201827503377625,take_profit
ADA,asia,1.0,2026-08-08 13:00:00+00:00,long,14.037412392536716,0.6005012012011582,take_profit
ADA,asia,1.0,2026-08-08 23:30:00+00:00,long,-29.147635306881877,-1.2320982320810492,stop_loss
ADA,asia,1.0,2026-08-10 18:40:00+00:00,long,18.23526459242834,0.7902964124522626,take_profit
ADA,asia,1.0,2026-08-13 09:00:00+00:00,short,16.633256759865063,0.7096504617968107,take_profit
ADA,asia,1.0,2026-08-13 16:45:00+00:00,long,16.983937583264492,0.7144716002920887,take_profit
ADA,asia,1.0,2026-08-13 20:50:00+00:00,long,0.727876346932669,0.030188552640418302,time_exit
ADA,asia,1.0,2026-08-14 09:55:00+00:00,short,20.71359921737737,0.8585747628083515,take_profit
ADA,asia,1.0,2026-08-16 08:10:00+00:00,short,15.702587195872376,0.6398815411406044,take_profit
ADA,asia,1.0,2026-08-16 20:05:00+00:00,long,-26.66993598131994,-1.073069040028341,stop_loss
ADA,asia,1.0,2026-08-17 05:25:00+00:00,short,15.579453377904148,0.6405896791987288,take_profit
ADA,asia,1.0,2026-08-17 10:25:00+00:00,long,18.55178437962585,0.7531555133079644,take_profit
ADA,asia,1.0,2026-08-17 12:10:00+00:00,long,-28.83784355384843,-1.1533701522170692,stop_loss
ADA,asia,1.0,2026-08-17 13:05:00+00:00,long,17.71185021157641,0.7251122743682374,take_profit
ADA,asia,1.0,2026-08-17 14:30:00+00:00,long,9.2006109005481,0.37128292588277717,take_profit
ADA,asia,1.0,2026-08-17 20:10:00+00:00,long,12.484068189363434,0.5000707327098708,take_profit
ADA,asia,1.0,2026-08-17 23:45:00+00:00,long,-29.634277727787335,-1.1752971150378675,stop_loss
ADA,asia,1.5,2026-07-08 18:10:00+00:00,long,5.120083341472192,0.2560041670736096,time_exit
ADA,asia,1.5,2026-07-10 10:50:00+00:00,short,26.748614574910935,1.3306178544351877,take_profit
ADA,asia,1.5,2026-07-10 15:25:00+00:00,long,-5.802374393171544,-0.28115856236787096,time_exit
ADA,asia,1.5,2026-07-11 08:45:00+00:00,short,-24.971568609488315,-1.216859380188176,stop_loss
ADA,asia,1.5,2026-07-12 04:05:00+00:00,long,-22.360913285184832,-1.116823016773869,stop_loss
ADA,asia,1.5,2026-07-13 18:00:00+00:00,long,24.441662307606013,1.2486368238241843,take_profit
ADA,asia,1.5,2026-07-14 01:15:00+00:00,long,27.938467715748477,1.3925014918190652,take_profit
ADA,asia,1.5,2026-07-15 23:55:00+00:00,short,28.12833043816666,1.3639777566539881,take_profit
ADA,asia,1.5,2026-07-16 10:15:00+00:00,long,25.593443367989472,1.2081014569324406,take_profit
ADA,asia,1.5,2026-07-16 14:00:00+00:00,long,-23.615224121973895,-1.0884239490100347,stop_loss
ADA,asia,1.5,2026-07-16 19:50:00+00:00,long,-26.694313005150082,-1.2577175275286787,stop_loss
ADA,asia,1.5,2026-07-17 11:55:00+00:00,short,28.113387508634993,1.358756659920309,take_profit
ADA,asia,1.5,2026-07-18 09:40:00+00:00,long,24.648956996493204,1.1597985381402425,take_profit
ADA,asia,1.5,2026-07-19 07:35:00+00:00,long,-29.133093609895344,-1.3397130657682998,stop_loss
ADA,asia,1.5,2026-07-19 22:00:00+00:00,long,25.461971174441175,1.2031299821040389,take_profit
ADA,asia,1.5,2026-07-19 23:55:00+00:00,long,27.832968963067255,1.2842617782909675,take_profit
ADA,asia,1.5,2026-07-20 18:35:00+00:00,short,-24.268076102296632,-1.0917300545391282,stop_loss
ADA,asia,1.5,2026-07-23 02:20:00+00:00,short,30.21887266171899,1.389779433272392,take_profit
ADA,asia,1.5,2026-07-26 13:35:00+00:00,long,-33.01455958354934,-1.4772921178178935,stop_loss
ADA,asia,1.5,2026-07-26 14:40:00+00:00,long,23.93137432987725,1.1034521049918182,take_profit
ADA,asia,1.5,2026-07-26 23:10:00+00:00,short,-26.52467376856918,-1.1966183673469515,stop_loss
ADA,asia,1.5,2026-07-27 06:45:00+00:00,short,26.77224941571031,1.2374012901765603,take_profit
ADA,asia,1.5,2026-07-28 09:15:00+00:00,short,-26.70061850566012,-1.2042868205199535,stop_loss
ADA,asia,1.5,2026-07-29 19:05:00+00:00,short,28.819748904228987,1.3319475979772395,take_profit
ADA,asia,1.5,2026-07-29 23:15:00+00:00,long,30.298725350578255,1.3639660695155398,take_profit
ADA,asia,1.5,2026-07-30 05:15:00+00:00,long,27.58314636865905,1.208744375760653,take_profit
ADA,asia,1.5,2026-07-30 08:45:00+00:00,short,-27.93311635082258,-1.1951871903272164,stop_loss
ADA,asia,1.5,2026-07-31 14:30:00+00:00,long,31.00554625457065,1.3591371379771215,take_profit
ADA,asia,1.5,2026-07-31 20:55:00+00:00,short,-24.738810358995053,-1.0557351697831516,stop_loss
ADA,asia,1.5,2026-08-03 08:40:00+00:00,long,32.01314286696717,1.3956376781627569,take_profit
ADA,asia,1.5,2026-08-04 18:00:00+00:00,long,24.73212620696099,1.0489374044840187,take_profit
ADA,asia,1.5,2026-08-07 15:00:00+00:00,long,27.747214650231975,1.152632364729483,take_profit
ADA,asia,1.5,2026-08-07 18:45:00+00:00,long,-6.20532851903226,-0.2519638357788599,time_exit
ADA,asia,1.5,2026-08-08 10:05:00+00:00,long,29.89047341824263,1.2198327503377804,take_profit
ADA,asia,1.5,2026-08-08 23:30:00+00:00,long,-30.927583672040676,-1.2320982320810492,stop_loss
ADA,asia,1.5,2026-08-10 18:40:00+00:00,long,-29.582902846266833,-1.208303587547747,stop_loss
ADA,asia,1.5,2026-08-13 09:00:00+00:00,short,28.908540904984857,1.2100004617968037,take_profit
ADA,asia,1.5,2026-08-13 16:45:00+00:00,long,29.708970133731206,1.2141216002920932,take_profit
ADA,asia,1.5,2026-08-14 09:55:00+00:00,short,34.059678803129046,1.3589247628083538,take_profit
ADA,asia,1.5,2026-08-16 08:10:00+00:00,short,29.355136511693544,1.1402315411406017,take_profit
ADA,asia,1.5,2026-08-16 20:05:00+00:00,long,-28.256047017932957,-1.073069040028341,stop_loss
ADA,asia,1.5,2026-08-17 05:25:00+00:00,short,29.3984473449586,1.1409396791987234,take_profit
ADA,asia,1.5,2026-08-17 10:25:00+00:00,long,33.017490777775556,1.2528055133079785,take_profit
ADA,asia,1.5,2026-08-17 12:10:00+00:00,long,-31.158515360503596,-1.1533701522170694,stop_loss
ADA,asia,1.5,2026-08-17 13:05:00+00:00,long,32.32395171858272,1.2247622743682145,take_profit
ADA,asia,1.5,2026-08-17 14:30:00+00:00,long,23.548719984424235,0.8709329258827606,take_profit
ADA,asia,1.5,2026-08-17 20:10:00+00:00,long,27.50179198131015,0.9997207327098685,take_profit
ADA,asia,1.5,2026-08-17 23:45:00+00:00,long,-32.97826152532932,-1.1752971150378675,stop_loss
ADA,asia,2.0,2026-07-08 18:10:00+00:00,long,5.120083341472192,0.2560041670736096,time_exit
ADA,asia,2.0,2026-07-10 10:50:00+00:00,short,36.80685124890899,1.8309678544351848,take_profit
ADA,asia,2.0,2026-07-10 15:25:00+00:00,long,-5.858933580435886,-0.28115856236787096,time_exit
ADA,asia,2.0,2026-07-11 08:45:00+00:00,short,-25.214981310835295,-1.2168593801881762,stop_loss
ADA,asia,2.0,2026-07-12 04:05:00+00:00,long,-22.578878379506712,-1.116823016773869,stop_loss
ADA,asia,2.0,2026-07-13 18:00:00+00:00,long,-24.699207773336447,-1.2496131761758213,stop_loss
ADA,asia,2.0,2026-07-14 01:15:00+00:00,long,36.464594959780534,1.8921514918190658,take_profit
ADA,asia,2.0,2026-07-15 23:55:00+00:00,short,37.28802901489993,1.8643277566539929,take_profit
ADA,asia,2.0,2026-07-16 10:15:00+00:00,long,35.42995295345156,1.7077514569324503,take_profit
ADA,asia,2.0,2026-07-16 14:00:00+00:00,long,-23.35229931761438,-1.0884239490100347,stop_loss
ADA,asia,2.0,2026-07-16 19:50:00+00:00,long,-26.39710655103645,-1.257717527528679,stop_loss
ADA,asia,2.0,2026-07-17 11:55:00+00:00,short,38.03762360849973,1.8591066599202968,take_profit
ADA,asia,2.0,2026-07-18 09:40:00+00:00,long,-28.40316412056861,-1.3384514618597756,stop_loss
ADA,asia,2.0,2026-07-19 07:35:00+00:00,long,-27.668894707695628,-1.3397130657682998,stop_loss
ADA,asia,2.0,2026-07-19 22:00:00+00:00,long,34.22498093544213,1.7027799821040495,take_profit
ADA,asia,2.0,2026-07-19 23:55:00+00:00,long,37.07677424584954,1.7839117782909755,take_profit
ADA,asia,2.0,2026-07-20 18:35:00+00:00,short,-23.500044559239104,-1.0917300545391282,stop_loss
ADA,asia,2.0,2026-07-23 02:20:00+00:00,short,29.435849827583326,1.3980118829981862,time_exit
ADA,asia,2.0,2026-07-26 13:35:00+00:00,long,-31.9748423930034,-1.4772921178178935,stop_loss
ADA,asia,2.0,2026-07-26 14:40:00+00:00,long,33.672723268964745,1.6031021049917955,take_profit
ADA,asia,2.0,2026-07-26 23:10:00+00:00,short,-25.940511008243572,-1.1966183673469515,stop_loss
ADA,asia,2.0,2026-07-27 06:45:00+00:00,short,36.769725982014876,1.7377512901765413,take_profit
ADA,asia,2.0,2026-07-28 09:15:00+00:00,short,-26.36757875081901,-1.2042868205199535,stop_loss
ADA,asia,2.0,2026-07-29 19:05:00+00:00,short,39.15146306714596,1.8322975979772425,take_profit
ADA,asia,2.0,2026-07-29 23:15:00+00:00,long,41.27992375808992,1.8636160695155417,take_profit
ADA,asia,2.0,2026-07-30 08:45:00+00:00,short,-27.460671889804992,-1.1951871903272162,stop_loss
ADA,asia,2.0,2026-07-31 14:30:00+00:00,long,41.68670173208713,1.858787137977125,take_profit
ADA,asia,2.0,2026-07-31 20:55:00+00:00,short,-24.556994715259975,-1.0557351697831516,stop_loss
ADA,asia,2.0,2026-08-03 08:40:00+00:00,long,43.154607566694,1.8952876781627683,take_profit
ADA,asia,2.0,2026-08-04 18:00:00+00:00,long,36.59701588458977,1.5485874044839951,take_profit
ADA,asia,2.0,2026-08-07 15:00:00+00:00,long,40.25696072183376,1.6522823647294655,take_profit
ADA,asia,2.0,2026-08-07 18:45:00+00:00,long,-6.341827716620143,-0.25196383577885995,time_exit
ADA,asia,2.0,2026-08-08 10:05:00+00:00,long,3.0287413681326303,0.12094280138117626,time_exit
ADA,asia,2.0,2026-08-08 23:30:00+00:00,long,-30.929772620444123,-1.2320982320810492,stop_loss
ADA,asia,2.0,2026-08-10 18:40:00+00:00,long,-29.58499662276879,-1.2083035875477472,stop_loss
ADA,asia,2.0,2026-08-13 09:00:00+00:00,short,40.865468490424156,1.7103504617968281,take_profit
ADA,asia,2.0,2026-08-13 16:45:00+00:00,long,42.34789146895207,1.7137716002920977,take_profit
ADA,asia,2.0,2026-08-14 09:55:00+00:00,short,47.51805246809422,1.8592747628083557,take_profit
ADA,asia,2.0,2026-08-16 08:10:00+00:00,short,43.48798786301361,1.6405815411405982,take_profit
ADA,asia,2.0,2026-08-16 20:05:00+00:00,long,-29.377868188165397,-1.0730690400283411,stop_loss
ADA,asia,2.0,2026-08-17 05:25:00+00:00,short,43.96993482617202,1.641289679198718,take_profit
ADA,asia,2.0,2026-08-17 10:25:00+00:00,long,48.489160007931616,1.7524555133079642,take_profit
ADA,asia,2.0,2026-08-17 12:10:00+00:00,long,-33.031426020803714,-1.1533701522170692,stop_loss
ADA,asia,2.0,2026-08-17 13:05:00+00:00,long,48.246334258515816,1.7244122743682535,take_profit
ADA,asia,2.0,2026-08-17 20:10:00+00:00,long,43.39680987669611,1.4993707327098662,take_profit
ADA,asia,2.0,2026-08-17 23:45:00+00:00,long,-35.03711708022461,-1.1752971150378673,stop_loss
ADA,asia,2.3,2026-07-08 18:10:00+00:00,long,5.120083341472192,0.2560041670736096,time_exit
ADA,asia,2.3,2026-07-10 10:50:00+00:00,short,42.84179325330783,2.131177854435183,take_profit
ADA,asia,2.3,2026-07-10 15:25:00+00:00,long,-5.892869092794492,-0.281158562367871,time_exit
ADA,asia,2.3,2026-07-11 08:45:00+00:00,short,-25.361028931643485,-1.2168593801881762,stop_loss
ADA,asia,2.3,2026-07-12 04:05:00+00:00,long,-22.70965743609984,-1.1168230167738693,stop_loss
ADA,asia,2.3,2026-07-13 18:00:00+00:00,long,-24.842267983719896,-1.2496131761758213,stop_loss
ADA,asia,2.3,2026-07-14 01:15:00+00:00,long,38.01806111521047,1.961400384985563,time_exit
ADA,asia,2.3,2026-07-15 23:55:00+00:00,short,43.60132795705436,2.164537756653989,take_profit
ADA,asia,2.3,2026-07-16 10:15:00+00:00,long,42.189505243775145,2.0075414569324344,take_profit
ADA,asia,2.3,2026-07-16 14:00:00+00:00,long,-23.792184485022016,-1.0884239490100347,stop_loss
ADA,asia,2.3,2026-07-16 19:50:00+00:00,long,-26.89434647916298,-1.257717527528679,stop_loss
ADA,asia,2.3,2026-07-17 11:55:00+00:00,short,-23.826345771420712,-1.1429933400797025,stop_loss
ADA,asia,2.3,2026-07-18 09:40:00+00:00,long,-27.26297325807928,-1.3384514618597754,stop_loss
ADA,asia,2.3,2026-07-19 07:35:00+00:00,long,-26.558179690630055,-1.3397130657682998,stop_loss
ADA,asia,2.3,2026-07-19 22:00:00+00:00,long,38.63481839520345,2.0025699821040135,take_profit
ADA,asia,2.3,2026-07-20 18:35:00+00:00,short,-21.905907137484938,-1.0917300545391282,stop_loss
ADA,asia,2.3,2026-07-23 02:20:00+00:00,short,27.439054049898814,1.3980118829981865,time_exit
ADA,asia,2.3,2026-07-26 13:35:00+00:00,long,-29.805812769043033,-1.4772921178178937,stop_loss
ADA,asia,2.3,2026-07-26 14:40:00+00:00,long,37.25836368710403,1.902892104991829,take_profit
ADA,asia,2.3,2026-07-26 23:10:00+00:00,short,-24.321302635531243,-1.1966183673469515,stop_loss
ADA,asia,2.3,2026-07-27 06:45:00+00:00,short,40.430304205933695,2.0379612901765554,take_profit
ADA,asia,2.3,2026-07-28 09:15:00+00:00,short,-24.865161331864375,-1.2042868205199533,stop_loss
ADA,asia,2.3,2026-07-29 19:05:00+00:00,short,42.969826545135106,2.132507597977248,take_profit
ADA,asia,2.3,2026-07-29 23:15:00+00:00,long,24.653731944134652,1.1734674443518565,time_exit
ADA,asia,2.3,2026-07-31 14:30:00+00:00,long,46.41453865904011,2.158577137977124,take_profit
ADA,asia,2.3,2026-07-31 20:55:00+00:00,short,-23.680844485338636,-1.0557351697831518,stop_loss
ADA,asia,2.3,2026-08-03 08:40:00+00:00,long,48.19743151466985,2.1950776781627703,take_profit
ADA,asia,2.3,2026-08-04 18:00:00+00:00,long,42.36665695121927,1.848377404484018,take_profit
ADA,asia,2.3,2026-08-07 15:00:00+00:00,long,46.397504653190005,1.9520723647294687,take_profit
ADA,asia,2.3,2026-08-07 18:45:00+00:00,long,-6.222570043125638,-0.2519638357788599,time_exit
ADA,asia,2.3,2026-08-08 10:05:00+00:00,long,2.9717860761694856,0.12094280138117623,time_exit
ADA,asia,2.3,2026-08-08 23:30:00+00:00,long,-30.348140181145695,-1.2320982320810492,stop_loss
ADA,asia,2.3,2026-08-10 18:40:00+00:00,long,-29.028652611983443,-1.2083035875477472,stop_loss
ADA,asia,2.3,2026-08-13 09:00:00+00:00,short,47.13503835491605,2.0105604617968305,take_profit
ADA,asia,2.3,2026-08-13 16:45:00+00:00,long,49.10358230328364,2.0135616002920877,take_profit
ADA,asia,2.3,2026-08-14 09:55:00+00:00,short,54.78289628524455,2.159484762808342,take_profit
ADA,asia,2.3,2026-08-16 08:10:00+00:00,short,51.361420208564574,1.9407915411405725,take_profit
ADA,asia,2.3,2026-08-16 20:05:00+00:00,long,-29.500159056140287,-1.073069040028341,stop_loss
ADA,asia,2.3,2026-08-17 05:25:00+00:00,short,52.229033118575884,1.9414996791986983,take_profit
ADA,asia,2.3,2026-08-17 10:25:00+00:00,long,57.3519855748021,2.0522455133079838,take_profit
ADA,asia,2.3,2026-08-17 12:10:00+00:00,long,-33.55500568269865,-1.1533701522170692,stop_loss
ADA,asia,2.3,2026-08-17 13:05:00+00:00,long,14.636448269002436,0.5149706678700697,time_exit
ADA,london,1.0,2026-07-08 18:10:00+00:00,long,6.067794779200204,0.3033897389600102,time_exit
ADA,london,1.0,2026-07-09 07:00:00+00:00,short,10.294276142305169,0.5116094658692675,take_profit
ADA,london,1.0,2026-07-09 11:25:00+00:00,short,17.317810159457185,0.8519508281018219,take_profit
ADA,london,1.0,2026-07-10 08:15:00+00:00,long,16.878847934692153,0.8164446384039724,take_profit
ADA,london,1.0,2026-07-10 16:40:00+00:00,long,-25.14221238167225,-1.1966114643219339,stop_loss
ADA,london,1.0,2026-07-11 05:05:00+00:00,long,12.294160092273604,0.5994715265865931,take_profit
ADA,london,1.0,2026-07-11 06:00:00+00:00,long,12.428746813581352,0.5988541455885976,take_profit
ADA,london,1.0,2026-07-15 01:00:00+00:00,short,13.942283779016897,0.6638301289565856,take_profit
ADA,london,1.0,2026-07-15 07:15:00+00:00,short,-23.885549978804818,-1.1223550698465048,stop_loss
ADA,london,1.0,2026-07-15 16:25:00+00:00,long,18.376815196547085,0.8833341224572289,take_profit
ADA,london,1.0,2026-07-16 07:55:00+00:00,long,-27.33813096968025,-1.2912728587889168,stop_loss
ADA,london,1.0,2026-07-16 11:20:00+00:00,long,14.601655971870624,0.7079694839288034,take_profit
ADA,london,1.0,2026-07-16 14:00:00+00:00,long,-22.7662698133998,-1.0884239490100347,stop_loss
ADA,london,1.0,2026-07-18 16:50:00+00:00,long,15.658162375769027,0.7652535452322828,take_profit
ADA,london,1.0,2026-07-19 03:55:00+00:00,short,17.911929194221198,0.8622046612433908,take_profit
ADA,london,1.0,2026-07-19 16:05:00+00:00,short,14.881410647210693,0.7041852546917002,take_profit
ADA,london,1.0,2026-07-19 17:20:00+00:00,long,18.63365643815857,0.869495032973198,take_profit
ADA,london,1.0,2026-07-20 00:20:00+00:00,short,15.297736358673058,0.7016310036985034,take_profit
ADA,london,1.0,2026-07-20 01:30:00+00:00,short,18.11936497134488,0.819544700658285,take_profit
ADA,london,1.0,2026-07-20 02:25:00+00:00,short,18.985375692731395,0.8448665262093311,take_profit
ADA,london,1.0,2026-07-20 12:00:00+00:00,short,19.31432623963432,0.8452231111560535,take_profit
ADA,london,1.0,2026-07-23 02:20:00+00:00,short,20.668066463384765,0.8894294332723885,take_profit
ADA,london,1.0,2026-07-25 00:20:00+00:00,long,-30.59275326050456,-1.2935184701969664,stop_loss
ADA,london,1.0,2026-07-25 03:00:00+00:00,long,-30.78661947112763,-1.3362856985698557,stop_loss
ADA,london,1.0,2026-07-26 14:40:00+00:00,long,13.53918602832426,0.6038021049917937,take_profit
ADA,london,1.0,2026-07-26 22:00:00+00:00,long,-12.95722138787833,-0.5709535822401576,time_exit
ADA,london,1.0,2026-07-29 16:45:00+00:00,long,17.200627145479398,0.7666920799143954,take_profit
ADA,london,1.0,2026-07-30 08:45:00+00:00,short,-27.22501304037924,-1.1951871903272164,stop_loss
ADA,london,1.0,2026-07-31 04:40:00+00:00,short,-25.56285572070815,-1.1497000630875107,stop_loss
ADA,london,1.0,2026-07-31 09:00:00+00:00,short,16.96253487111447,0.7808519686852317,take_profit
ADA,london,1.0,2026-07-31 13:35:00+00:00,short,15.370780784463902,0.6966969452046252,take_profit
ADA,london,1.0,2026-07-31 15:25:00+00:00,long,14.666717092709225,0.6556487419543745,take_profit
ADA,london,1.0,2026-07-31 20:55:00+00:00,short,-23.92624522173317,-1.0557351697831518,stop_loss
ADA,london,1.0,2026-08-01 19:25:00+00:00,long,20.102302206560367,0.9061381855111776,take_profit
ADA,london,1.0,2026-08-03 01:30:00+00:00,long,15.168313397898544,0.6715614840989285,take_profit
ADA,london,1.0,2026-08-03 03:15:00+00:00,long,-26.032261360835346,-1.1372765899542914,stop_loss
ADA,london,1.0,2026-08-04 13:15:00+00:00,short,12.190577768720068,0.5449677824267616,take_profit
ADA,london,1.0,2026-08-04 14:00:00+00:00,long,16.49174827077333,0.7292984932951633,take_profit
ADA,london,1.0,2026-08-04 19:00:00+00:00,long,10.5092038566784,0.4580570621468717,take_profit
ADA,london,1.0,2026-08-05 10:45:00+00:00,short,21.666536354507997,0.9357907272467535,take_profit
ADA,london,1.0,2026-08-07 15:00:00+00:00,long,15.401579181737052,0.6529823647294658,take_profit
ADA,london,1.0,2026-08-07 18:45:00+00:00,long,21.396287718780133,0.8954464354527989,take_profit
ADA,london,1.0,2026-08-08 10:05:00+00:00,long,17.51662595129423,0.7201827503377626,take_profit
ADA,london,1.0,2026-08-08 14:35:00+00:00,short,19.388193882063035,0.7858122731467337,take_profit
ADA,london,1.0,2026-08-09 21:40:00+00:00,short,16.364499104754337,0.6529978803226435,take_profit
ADA,london,1.0,2026-08-09 23:50:00+00:00,short,-7.633172183326838,-0.3006622922045482,time_exit
ADA,london,1.0,2026-08-12 02:25:00+00:00,long,-27.686697695622634,-1.0971461081402252,stop_loss
ADA,london,1.0,2026-08-12 09:15:00+00:00,long,16.563571044015383,0.6710935776922561,take_profit
ADA,london,1.0,2026-08-13 02:15:00+00:00,long,12.044697216858399,0.4815426095820407,take_profit
ADA,london,1.0,2026-08-13 03:30:00+00:00,long,17.96104690098293,0.7112263996409622,take_profit
ADA,london,1.0,2026-08-13 13:30:00+00:00,long,20.85767047779917,0.8143440251572257,take_profit
ADA,london,1.0,2026-08-15 09:30:00+00:00,long,-34.28188114368107,-1.3170141409021796,stop_loss
ADA,london,1.0,2026-08-15 12:05:00+00:00,long,-17.114099066563714,-0.6752625000000583,take_profit
ADA,london,1.0,2026-08-15 13:50:00+00:00,long,-37.78380790540089,-1.511226417986732,stop_loss
ADA,london,1.0,2026-08-16 20:15:00+00:00,short,19.181335489218622,0.7911001344989943,take_profit
ADA,london,1.0,2026-08-18 18:35:00+00:00,short,19.980047952173948,0.8112066977285913,take_profit
ADA,london,1.0,2026-08-19 04:50:00+00:00,short,-30.184173366348208,-1.2059374536880993,stop_loss
ADA,london,1.0,2026-08-19 08:05:00+00:00,short,16.843382001390424,0.689569145830692,take_profit
ADA,london,1.0,2026-08-19 11:55:00+00:00,short,-33.58326948942437,-1.3561973821989421,stop_loss
ADA,london,1.5,2026-07-08 18:10:00+00:00,long,6.067794779200204,0.3033897389600102,time_exit
ADA,london,1.5,2026-07-09 07:00:00+00:00,short,20.361996564661258,1.011959465869299,take_profit
ADA,london,1.5,2026-07-09 11:25:00+00:00,short,27.76083713645368,1.3523008281018216,take_profit
ADA,london,1.5,2026-07-10 08:15:00+00:00,long,27.748292679973353,1.3160946384039829,take_profit
ADA,london,1.5,2026-07-10 16:40:00+00:00,long,-25.89321033513012,-1.1966114643219339,stop_loss
ADA,london,1.5,2026-07-11 05:05:00+00:00,long,23.214451476547644,1.099121526586603,take_profit
ADA,london,1.5,2026-07-11 06:00:00+00:00,long,23.711435249141605,1.0985041455886289,take_profit
ADA,london,1.5,2026-07-15 01:00:00+00:00,short,25.681152333444324,1.1641801289566032,take_profit
ADA,london,1.5,2026-07-15 07:15:00+00:00,short,-25.334982718576683,-1.1223550698465048,stop_loss
ADA,london,1.5,2026-07-15 16:25:00+00:00,long,4.119439129863128,0.1866841653626883,time_exit
ADA,london,1.5,2026-07-16 07:55:00+00:00,long,-28.60007214605006,-1.291272858788917,stop_loss
ADA,london,1.5,2026-07-16 11:20:00+00:00,long,26.056494863697427,1.207619483928793,take_profit
ADA,london,1.5,2026-07-16 14:00:00+00:00,long,-24.051853738532074,-1.088423949010035,stop_loss
ADA,london,1.5,2026-07-18 16:50:00+00:00,long,27.343211867601912,1.2649035452322654,take_profit
ADA,london,1.5,2026-07-19 03:55:00+00:00,short,4.832294561829843,0.21802743305027994,time_exit
ADA,london,1.5,2026-07-19 16:05:00+00:00,short,26.81337109787446,1.2045352546916825,take_profit
ADA,london,1.5,2026-07-19 17:20:00+00:00,long,31.211869534288898,1.369145032973188,take_profit
ADA,london,1.5,2026-07-20 00:20:00+00:00,short,28.15141732742737,1.2019810036984768,take_profit
ADA,london,1.5,2026-07-20 01:30:00+00:00,short,31.656194520472976,1.3198947006582669,take_profit
ADA,london,1.5,2026-07-20 02:25:00+00:00,short,33.11519883583097,1.3452165262093343,take_profit
ADA,london,1.5,2026-07-20 12:00:00+00:00,short,34.015155310902976,1.3455731111560554,take_profit
ADA,london,1.5,2026-07-23 02:20:00+00:00,short,36.07813174942347,1.3897794332723918,take_profit
ADA,london,1.5,2026-07-25 00:20:00+00:00,long,-34.51258930798814,-1.2935184701969664,stop_loss
ADA,london,1.5,2026-07-25 03:00:00+00:00,long,-34.73129551108651,-1.3362856985698561,stop_loss
ADA,london,1.5,2026-07-26 14:40:00+00:00,long,27.91324964097441,1.1034521049918182,take_profit
ADA,london,1.5,2026-07-26 22:00:00+00:00,long,-14.761753476840767,-0.5709535822401577,time_exit
ADA,london,1.5,2026-07-29 16:45:00+00:00,long,32.36684831127224,1.2663420799143967,take_profit
ADA,london,1.5,2026-07-30 08:45:00+00:00,short,-31.321866239265777,-1.1951871903272164,stop_loss
ADA,london,1.5,2026-07-31 04:40:00+00:00,short,-29.409585456952176,-1.1497000630875107,stop_loss
ADA,london,1.5,2026-07-31 09:00:00+00:00,short,32.01984131835395,1.2812019686852227,take_profit
ADA,london,1.5,2026-07-31 13:35:00+00:00,short,30.683221296091464,1.1970469452045795,take_profit
ADA,london,1.5,2026-07-31 15:25:00+00:00,long,30.322079163488972,1.1552987419543832,take_profit
ADA,london,1.5,2026-07-31 20:55:00+00:00,short,-28.34916601579255,-1.0557351697831518,stop_loss
ADA,london,1.5,2026-08-01 19:25:00+00:00,long,36.95191855815261,1.4057881855111718,take_profit
ADA,london,1.5,2026-08-03 01:30:00+00:00,long,31.651510684847842,1.1712114840989036,take_profit
ADA,london,1.5,2026-08-03 03:15:00+00:00,long,-31.454364511491413,-1.1372765899542916,stop_loss
ADA,london,1.5,2026-08-04 13:15:00+00:00,short,28.25340656528878,1.0453177824267437,take_profit
ADA,london,1.5,2026-08-04 14:00:00+00:00,long,33.911114990455474,1.2289484932951695,take_profit
ADA,london,1.5,2026-08-04 19:00:00+00:00,long,27.07612531475351,0.9577070621468861,take_profit
ADA,london,1.5,2026-08-05 10:45:00+00:00,short,20.101278312369946,0.6976377577749288,time_exit
ADA,london,1.5,2026-08-07 15:00:00+00:00,long,33.67458316997126,1.1526323647294834,take_profit
ADA,london,1.5,2026-08-07 18:45:00+00:00,long,-7.530912704039624,-0.25196383577885995,time_exit
ADA,london,1.5,2026-08-08 10:05:00+00:00,long,36.27568553458432,1.2198327503377804,take_profit
ADA,london,1.5,2026-08-08 14:35:00+00:00,short,19.24084833499606,0.6315979698554159,time_exit
ADA,london,1.5,2026-08-09 21:40:00+00:00,short,35.57913969564927,1.1533478803226567,take_profit
ADA,london,1.5,2026-08-09 23:50:00+00:00,short,-9.488949673606559,-0.3006622922045483,time_exit
ADA,london,1.5,2026-08-12 02:25:00+00:00,long,-34.41789006620037,-1.0971461081402252,stop_loss
ADA,london,1.5,2026-08-12 09:15:00+00:00,long,35.9207801604776,1.1707435776922468,take_profit
ADA,london,1.5,2026-08-13 02:15:00+00:00,long,30.809877274828423,0.9811926095820849,take_profit
ADA,london,1.5,2026-08-13 03:30:00+00:00,long,38.76818784925059,1.2108763996409715,take_profit
ADA,london,1.5,2026-08-13 13:30:00+00:00,long,-38.83412058392961,-1.1842559748427757,stop_loss
ADA,london,1.5,2026-08-15 09:30:00+00:00,long,-42.164624495612244,-1.31701414090218,stop_loss
ADA,london,1.5,2026-08-15 12:05:00+00:00,long,-15.208635667022918,-0.48789375000021973,take_profit
ADA,london,1.5,2026-08-15 13:50:00+00:00,long,-46.6483122768849,-1.5112264179867319,stop_loss
ADA,london,1.5,2026-08-16 20:15:00+00:00,short,38.65941126642207,1.2914501344990206,take_profit
ADA,london,1.5,2026-08-18 18:35:00+00:00,short,-36.548543084859276,-1.1901933022713984,stop_loss
ADA,london,1.5,2026-08-19 08:05:00+00:00,short,35.67032804542342,1.1899191458306877,take_profit
ADA,london,1.5,2026-08-19 11:55:00+00:00,short,-41.6223878691223,-1.3561973821989417,stop_loss
ADA,london,2.0,2026-07-08 18:10:00+00:00,long,6.067794779200204,0.3033897389600102,time_exit
ADA,london,2.0,2026-07-09 07:00:00+00:00,short,30.429716987016196,1.5123094658692733,take_profit
ADA,london,2.0,2026-07-09 11:25:00+00:00,short,38.40535946998316,1.8526508281018212,take_profit
ADA,london,2.0,2026-07-10 08:15:00+00:00,long,-25.414043848536704,-1.1821553615960254,stop_loss
ADA,london,2.0,2026-07-10 16:40:00+00:00,long,-25.11660725059721,-1.1966114643219339,stop_loss
ADA,london,2.0,2026-07-11 05:05:00+00:00,long,32.75474276362908,1.5987715265866125,take_profit
ADA,london,2.0,2026-07-15 01:00:00+00:00,short,35.192393597612266,1.66453012895662,take_profit
ADA,london,2.0,2026-07-15 07:15:00+00:00,short,-24.51940335314693,-1.1223550698465048,stop_loss
ADA,london,2.0,2026-07-15 16:25:00+00:00,long,3.986826860544437,0.18668416536268828,time_exit
ADA,london,2.0,2026-07-16 07:55:00+00:00,long,-27.679383588602676,-1.2912728587889168,stop_loss
ADA,london,2.0,2026-07-16 11:20:00+00:00,long,-26.951137357431033,-1.2906305160711913,stop_loss
ADA,london,2.0,2026-07-16 14:00:00+00:00,long,-22.141944644920013,-1.0884239490100347,stop_loss
ADA,london,2.0,2026-07-18 16:50:00+00:00,long,35.11512072114822,1.7645535452322763,take_profit
ADA,london,2.0,2026-07-19 03:55:00+00:00,short,4.491929529044297,0.2180274330502799,time_exit
ADA,london,2.0,2026-07-19 16:05:00+00:00,short,35.278214176125324,1.7048852546917006,take_profit
ADA,london,2.0,2026-07-19 17:20:00+00:00,long,-24.160578573786818,-1.1291049670268085,stop_loss
ADA,london,2.0,2026-07-20 12:00:00+00:00,short,38.60707577661211,1.8459231111560572,take_profit
ADA,london,2.0,2026-07-23 02:20:00+00:00,short,30.31857399183637,1.3980118829981862,time_exit
ADA,london,2.0,2026-07-25 00:20:00+00:00,long,-28.836786257937092,-1.2935184701969664,stop_loss
ADA,london,2.0,2026-07-25 03:00:00+00:00,long,-29.01952490949845,-1.336285698569856,stop_loss
ADA,london,2.0,2026-07-26 14:40:00+00:00,long,33.883433452252916,1.6031021049917953,take_profit
ADA,london,2.0,2026-07-26 22:00:00+00:00,long,-12.454687490525659,-0.5709535822401577,time_exit
ADA,london,2.0,2026-07-29 16:45:00+00:00,long,38.08316304159615,1.7659920799143982,take_profit
ADA,london,2.0,2026-07-30 08:45:00+00:00,short,-26.684233211181215,-1.1951871903272164,stop_loss
ADA,london,2.0,2026-07-31 04:40:00+00:00,short,-25.055091895950557,-1.1497000630875107,stop_loss
ADA,london,2.0,2026-07-31 09:00:00+00:00,short,37.9321247755164,1.78155196868524,take_profit
ADA,london,2.0,2026-07-31 13:35:00+00:00,short,37.4280455788524,1.6973969452046045,take_profit
ADA,london,2.0,2026-07-31 15:25:00+00:00,long,37.730881559183274,1.654948741954392,take_profit
ADA,london,2.0,2026-07-31 20:55:00+00:00,short,-24.86619444271157,-1.0557351697831516,stop_loss
ADA,london,2.0,2026-08-01 19:25:00+00:00,long,43.932003082767956,1.9054381855111768,take_profit
ADA,london,2.0,2026-08-03 01:30:00+00:00,long,39.99166137424231,1.670861484098913,take_profit
ADA,london,2.0,2026-08-03 03:15:00+00:00,long,-28.130068911115313,-1.1372765899542914,stop_loss
ADA,london,2.0,2026-08-04 13:15:00+00:00,short,37.361862340122855,1.5456677824267726,take_profit
ADA,london,2.0,2026-08-04 14:00:00+00:00,long,-31.630009536864854,-1.2693015067048337,stop_loss
ADA,london,2.0,2026-08-04 19:00:00+00:00,long,35.39428383526092,1.4573570621468448,take_profit
ADA,london,2.0,2026-08-05 10:45:00+00:00,short,17.43711408637263,0.6976377577749285,time_exit
ADA,london,2.0,2026-08-07 15:00:00+00:00,long,41.87420922040643,1.6522823647294653,take_profit
ADA,london,2.0,2026-08-07 18:45:00+00:00,long,-6.596598846109504,-0.2519638357788599,time_exit
ADA,london,2.0,2026-08-08 10:05:00+00:00,long,3.1504154175975927,0.12094280138117627,time_exit
ADA,london,2.0,2026-08-08 22:15:00+00:00,long,-29.41526947688314,-1.1265119517020314,stop_loss
ADA,london,2.0,2026-08-09 21:40:00+00:00,short,42.20817050982442,1.6536978803226352,take_profit
ADA,london,2.0,2026-08-09 23:50:00+00:00,short,-7.927764422985208,-0.30066229220454826,time_exit
ADA,london,2.0,2026-08-12 02:25:00+00:00,long,-28.755229373804017,-1.0971461081402252,stop_loss
ADA,london,2.0,2026-08-12 09:15:00+00:00,long,42.818887663408155,1.6703935776922376,take_profit
ADA,london,2.0,2026-08-13 02:15:00+00:00,long,39.22809669260501,1.4808426095820726,take_profit
ADA,london,2.0,2026-08-13 03:30:00+00:00,long,46.65452352539292,1.71052639964095,take_profit
ADA,london,2.0,2026-08-13 13:30:00+00:00,long,-33.40554150534973,-1.1842559748427754,stop_loss
ADA,london,2.0,2026-08-15 09:30:00+00:00,long,-36.270477931938586,-1.3170141409021798,stop_loss
ADA,london,2.0,2026-08-15 12:05:00+00:00,long,-8.058433911377394,-0.3005250000001476,take_profit
ADA,london,2.0,2026-08-15 13:50:00+00:00,long,-40.27925009546491,-1.5112264179867319,stop_loss
ADA,london,2.0,2026-08-16 20:15:00+00:00,short,46.3140328877792,1.7918001344990002,take_profit
ADA,london,2.0,2026-08-18 18:35:00+00:00,short,-31.86629252953008,-1.1901933022713984,stop_loss
ADA,london,2.0,2026-08-19 08:05:00+00:00,short,44.178094916120656,1.6902691458306833,take_profit
ADA,london,2.0,2026-08-19 11:55:00+00:00,short,-36.64483840661521,-1.3561973821989421,stop_loss
ADA,london,2.3,2026-07-08 18:10:00+00:00,long,6.067794779200204,0.3033897389600102,time_exit
ADA,london,2.3,2026-07-09 07:00:00+00:00,short,36.47034924043031,1.812519465869315,take_profit
ADA,london,2.3,2026-07-09 11:25:00+00:00,short,20.59488898025444,0.9877283195053365,time_exit
ADA,london,2.3,2026-07-10 08:15:00+00:00,long,-25.135768301013155,-1.1821553615960252,stop_loss
ADA,london,2.3,2026-07-10 16:40:00+00:00,long,-24.84158853746958,-1.1966114643219339,stop_loss
ADA,london,2.3,2026-07-11 05:05:00+00:00,long,38.47076774405759,1.8985615265866087,take_profit
ADA,london,2.3,2026-07-15 01:00:00+00:00,short,41.32345350025998,1.9647401289566144,take_profit
ADA,london,2.3,2026-07-15 07:15:00+00:00,short,-24.53355716883054,-1.122355069846505,stop_loss
ADA,london,2.3,2026-07-15 16:25:00+00:00,long,3.9891282547396343,0.1866841653626883,time_exit
ADA,london,2.3,2026-07-16 07:55:00+00:00,long,-27.69536150160107,-1.2912728587889168,stop_loss
ADA,london,2.3,2026-07-16 11:20:00+00:00,long,-26.966694890586577,-1.2906305160711913,stop_loss
ADA,london,2.3,2026-07-16 14:00:00+00:00,long,-22.154726073524415,-1.0884239490100347,stop_loss
ADA,london,2.3,2026-07-18 16:50:00+00:00,long,41.104741554077705,2.064343545232277,take_profit
ADA,london,2.3,2026-07-19 03:55:00+00:00,short,4.520552137507249,0.21802743305027988,time_exit
ADA,london,2.3,2026-07-19 16:05:00+00:00,short,41.75466419700409,2.0050952546916827,take_profit
ADA,london,2.3,2026-07-19 17:20:00+00:00,long,-24.455705499563113,-1.1291049670268087,stop_loss
ADA,london,2.3,2026-07-20 12:00:00+00:00,short,-24.476563918752813,-1.1561768888439354,stop_loss
ADA,london,2.3,2026-07-23 02:20:00+00:00,short,28.911902779960723,1.3980118829981865,time_exit
ADA,london,2.3,2026-07-25 00:20:00+00:00,long,-27.498864590414946,-1.2935184701969666,stop_loss
ADA,london,2.3,2026-07-25 03:00:00+00:00,long,-27.673124835290103,-1.336285698569856,stop_loss
ADA,london,2.3,2026-07-26 14:40:00+00:00,long,38.35379083497172,1.9028921049918293,take_profit
ADA,london,2.3,2026-07-26 22:00:00+00:00,long,-11.945834318292341,-0.5709535822401578,time_exit
ADA,london,2.3,2026-07-29 16:45:00+00:00,long,42.727985586868634,2.06578207991441,take_profit
ADA,london,2.3,2026-07-30 08:45:00+00:00,short,-25.742234046954607,-1.195187190327216,stop_loss
ADA,london,2.3,2026-07-31 04:40:00+00:00,short,-24.170604212200427,-1.1497000630875107,stop_loss
ADA,london,2.3,2026-07-31 09:00:00+00:00,short,42.7593655098634,2.08176196868522,take_profit
ADA,london,2.3,2026-07-31 15:25:00+00:00,long,41.82197774505967,1.9547387419543647,take_profit
ADA,london,2.3,2026-07-31 20:55:00+00:00,short,-23.47069751879734,-1.0557351697831516,stop_loss
ADA,london,2.3,2026-08-01 19:25:00+00:00,long,47.990618469607654,2.2052281855111757,take_profit
ADA,london,2.3,2026-08-03 01:30:00+00:00,long,44.77716887272451,1.9706514840989264,take_profit
ADA,london,2.3,2026-08-03 03:15:00+00:00,long,-26.859694114216317,-1.1372765899542914,stop_loss
ADA,london,2.3,2026-08-04 13:15:00+00:00,short,42.60352855802498,1.8458777824267525,take_profit
ADA,london,2.3,2026-08-04 14:00:00+00:00,long,-30.377473499998185,-1.2693015067048337,stop_loss
ADA,london,2.3,2026-08-04 19:00:00+00:00,long,40.985250893572754,1.7571470621468313,take_profit
ADA,london,2.3,2026-08-05 10:45:00+00:00,short,16.844176745539297,0.6976377577749286,time_exit
ADA,london,2.3,2026-08-07 15:00:00+00:00,long,47.789605460544394,1.9520723647294689,take_profit
ADA,london,2.3,2026-08-07 18:45:00+00:00,long,-6.409270703982383,-0.25196383577885995,time_exit
ADA,london,2.3,2026-08-08 10:05:00+00:00,long,3.060950910072588,0.12094280138117626,time_exit
ADA,london,2.3,2026-08-08 22:15:00+00:00,long,-28.579943893226798,-1.1265119517020314,stop_loss
ADA,london,2.3,2026-08-09 21:40:00+00:00,short,48.45437359830509,1.9539078803226222,take_profit
ADA,london,2.3,2026-08-09 23:50:00+00:00,short,-7.747401776544383,-0.30066229220454826,time_exit
ADA,london,2.3,2026-08-12 02:25:00+00:00,long,-28.101026121518263,-1.0971461081402252,stop_loss
ADA,london,2.3,2026-08-12 09:15:00+00:00,long,-33.25512180109552,-1.3275064223077424,stop_loss
ADA,london,2.3,2026-08-13 02:15:00+00:00,long,43.42200037076721,1.78063260958211,take_profit
ADA,london,2.3,2026-08-13 03:30:00+00:00,long,50.768843137622355,2.0103163996409616,take_profit
ADA,london,2.3,2026-08-13 13:30:00+00:00,long,-31.109850761118878,-1.1842559748427754,stop_loss
ADA,london,2.3,2026-08-15 09:30:00+00:00,long,-33.77790344504256,-1.3170141409021798,stop_loss
ADA,london,2.3,2026-08-15 12:05:00+00:00,long,-4.697284966832463,-0.1881037500002447,take_profit
ADA,london,2.3,2026-08-15 13:50:00+00:00,long,-37.59603643782554,-1.5112264179867316,stop_loss
ADA,london,2.3,2026-08-16 20:15:00+00:00,short,50.471650187418646,2.0920101344990067,take_profit
ADA,london,2.3,2026-08-18 18:35:00+00:00,short,-29.91591801038396,-1.1901933022713984,stop_loss
ADA,london,2.3,2026-08-19 08:05:00+00:00,short,-32.188427228097424,-1.3118308541692905,stop_loss
ADA,newyork,1.0,2026-07-08 18:10:00+00:00,long,17.376416339355995,0.8688208169677998,take_profit
ADA,newyork,1.0,2026-07-14 06:45:00+00:00,short,-22.902798136490144,-1.1255813368908822,stop_loss
ADA,newyork,1.0,2026-07-15 02:55:00+00:00,long,15.256909693556675,0.7670846875318702,take_profit
ADA,newyork,1.0,2026-07-15 04:20:00+00:00,long,17.424113899510147,0.862810097254854,take_profit
ADA,newyork,1.0,2026-07-15 15:10:00+00:00,short,19.189033952211453,0.9340869023704312,take_profit
ADA,newyork,1.0,2026-07-16 10:15:00+00:00,long,14.825674030716174,0.7084514569324318,take_profit
ADA,newyork,1.0,2026-07-16 14:00:00+00:00,long,-23.100042685094355,-1.0884239490100347,stop_loss
ADA,newyork,1.0,2026-07-16 19:50:00+00:00,long,15.381747096724144,0.7408824724713086,take_profit
ADA,newyork,1.0,2026-07-18 21:20:00+00:00,short,12.662659849107262,0.6010084568588576,take_profit
ADA,newyork,1.0,2026-07-18 23:05:00+00:00,short,12.810482306559852,0.6008028101439491,take_profit
ADA,newyork,1.0,2026-07-19 03:55:00+00:00,short,18.60506942435872,0.8622046612433908,take_profit
ADA,newyork,1.0,2026-07-19 16:05:00+00:00,short,18.281184213598124,0.8328335646140558,take_profit
ADA,newyork,1.0,2026-07-20 00:20:00+00:00,short,15.657744119192657,0.7016310036985035,take_profit
ADA,newyork,1.0,2026-07-20 01:30:00+00:00,short,18.545775248815293,0.8195447006582849,take_profit
ADA,newyork,1.0,2026-07-22 23:55:00+00:00,long,19.44435870224066,0.8453966308424471,take_profit
ADA,newyork,1.0,2026-07-23 02:30:00+00:00,long,-30.623064167905078,-1.3092841118525755,stop_loss
ADA,newyork,1.0,2026-07-26 23:10:00+00:00,short,18.33027405986819,0.8047816326530495,take_profit
ADA,newyork,1.0,2026-07-27 06:45:00+00:00,short,17.057807053823556,0.7370512901765475,take_profit
ADA,newyork,1.0,2026-07-28 08:20:00+00:00,long,9.838655205059926,0.4189430931923209,take_profit
ADA,newyork,1.0,2026-07-28 12:20:00+00:00,long,-28.093978628444443,-1.1863390018248832,stop_loss
ADA,newyork,1.0,2026-07-28 15:05:00+00:00,long,15.62723501933628,0.6759371681415721,take_profit
ADA,newyork,1.0,2026-07-29 23:15:00+00:00,long,20.252572144883793,0.8643160695155375,take_profit
ADA,newyork,1.0,2026-08-04 21:05:00+00:00,short,21.057351153624428,0.8833909265022736,take_profit
ADA,newyork,1.0,2026-08-05 23:35:00+00:00,short,17.740516526154614,0.7313233062330606,take_profit
ADA,newyork,1.0,2026-08-08 23:30:00+00:00,long,-30.32552773756349,-1.2320982320810492,stop_loss
ADA,newyork,1.0,2026-08-09 21:40:00+00:00,short,15.676130517172954,0.6529978803226436,take_profit
ADA,newyork,1.0,2026-08-09 23:50:00+00:00,short,-7.312084692596636,-0.3006622922045482,time_exit
ADA,newyork,1.0,2026-08-11 21:25:00+00:00,short,17.835754765802495,0.7378169811320783,take_profit
ADA,newyork,1.0,2026-08-13 17:55:00+00:00,long,-32.410865512252826,-1.32125307064705,stop_loss
ADA,newyork,1.0,2026-08-13 20:50:00+00:00,long,17.032789954502608,0.7132007410734496,take_profit
ADA,newyork,1.0,2026-08-15 04:25:00+00:00,short,15.354346383481927,0.6338789229878845,take_profit
ADA,newyork,1.0,2026-08-16 11:25:00+00:00,long,-33.33653962266445,-1.3590151576805962,stop_loss
ADA,newyork,1.0,2026-08-16 15:05:00+00:00,long,13.823095960316083,0.5792642826770802,take_profit
ADA,newyork,1.0,2026-08-16 20:15:00+00:00,short,19.096885051985055,0.7911001344989941,take_profit
ADA,newyork,1.0,2026-08-18 21:30:00+00:00,long,-45.54869548590419,-1.857493284228885,stop_loss
ADA,newyork,1.5,2026-07-08 18:10:00+00:00,long,27.369416339355908,1.3684708169677955,take_profit
ADA,newyork,1.5,2026-07-14 06:45:00+00:00,short,-23.127756822481157,-1.1255813368908825,stop_loss
ADA,newyork,1.5,2026-07-15 02:55:00+00:00,long,25.44215489549167,1.2667346875318586,take_profit
ADA,newyork,1.5,2026-07-15 07:10:00+00:00,long,27.88038553147547,1.3538323678218935,take_profit
ADA,newyork,1.5,2026-07-15 15:10:00+00:00,short,-1.4089525460080086,-0.06661309762957303,time_exit
ADA,newyork,1.5,2026-07-16 10:15:00+00:00,long,25.51885386256331,1.2081014569324409,take_profit
ADA,newyork,1.5,2026-07-16 14:00:00+00:00,long,-23.546399936714426,-1.0884239490100345,stop_loss
ADA,newyork,1.5,2026-07-16 19:50:00+00:00,long,-26.61651512636853,-1.2577175275286787,stop_loss
ADA,newyork,1.5,2026-07-18 21:20:00+00:00,short,22.72127136525843,1.1013584568588555,take_profit
ADA,newyork,1.5,2026-07-18 23:05:00+00:00,short,-29.531100350343443,-1.4005971898560459,stop_loss
ADA,newyork,1.5,2026-07-19 03:55:00+00:00,short,4.468260131122405,0.2180274330502799,time_exit
ADA,newyork,1.5,2026-07-19 16:05:00+00:00,short,27.44144038084564,1.3331835646140449,take_profit
ADA,newyork,1.5,2026-07-20 00:20:00+00:00,short,25.400528393644798,1.2019810036984768,take_profit
ADA,newyork,1.5,2026-07-20 01:30:00+00:00,short,28.562827171355714,1.3198947006582666,take_profit
ADA,newyork,1.5,2026-07-22 23:55:00+00:00,long,-25.614363102105237,-1.1532033691575405,stop_loss
ADA,newyork,1.5,2026-07-26 23:10:00+00:00,short,-25.96566247783091,-1.1966183673469515,stop_loss
ADA,newyork,1.5,2026-07-27 06:45:00+00:00,short,26.208020432823538,1.23740129017656,take_profit
ADA,newyork,1.5,2026-07-28 08:20:00+00:00,long,19.937188736699465,0.918593093192302,take_profit
ADA,newyork,1.5,2026-07-28 12:20:00+00:00,long,-26.22140412476663,-1.1863390018248832,stop_loss
ADA,newyork,1.5,2026-07-28 15:05:00+00:00,long,25.367247657521837,1.1755871681415468,take_profit
ADA,newyork,1.5,2026-07-29 23:15:00+00:00,long,30.124157435627296,1.3639660695155396,take_profit
ADA,newyork,1.5,2026-08-04 21:05:00+00:00,short,-25.36560446912063,-1.118009073497719,stop_loss
ADA,newyork,1.5,2026-08-05 23:35:00+00:00,short,27.319597641636804,1.231673306233047,take_profit
ADA,newyork,1.5,2026-08-08 23:30:00+00:00,long,-28.002231429932493,-1.2320982320810494,stop_loss
ADA,newyork,1.5,2026-08-09 21:40:00+00:00,short,25.56652449428755,1.1533478803226567,take_profit
ADA,newyork,1.5,2026-08-09 23:50:00+00:00,short,-6.818587136467206,-0.30066229220454826,time_exit
ADA,newyork,1.5,2026-08-11 21:25:00+00:00,short,-28.483923360622242,-1.2635830188679207,stop_loss
ADA,newyork,1.5,2026-08-13 17:55:00+00:00,long,-29.03124296685039,-1.3212530706470502,stop_loss
ADA,newyork,1.5,2026-08-13 20:50:00+00:00,long,1.0806431604898776,0.05051650572649333,time_exit
ADA,newyork,1.5,2026-08-15 04:25:00+00:00,short,24.28780591070945,1.134228922987902,take_profit
ADA,newyork,1.5,2026-08-16 11:25:00+00:00,long,-29.761414857870445,-1.3590151576805962,stop_loss
ADA,newyork,1.5,2026-08-16 15:05:00+00:00,long,-30.237561187641184,-1.4193357173229162,stop_loss
ADA,newyork,1.5,2026-08-16 20:15:00+00:00,short,26.732077702598843,1.2914501344990206,take_profit
ADA,newyork,1.5,2026-08-18 21:30:00+00:00,long,-39.441851959988725,-1.857493284228885,stop_loss
ADA,newyork,2.0,2026-07-08 18:10:00+00:00,long,22.061721467848763,1.1030860733924381,time_exit
ADA,newyork,2.0,2026-07-14 06:45:00+00:00,short,-23.008271976695553,-1.1255813368908822,stop_loss
ADA,newyork,2.0,2026-07-15 02:55:00+00:00,long,35.294254304141454,1.7663846875318752,take_profit
ADA,newyork,2.0,2026-07-15 07:10:00+00:00,long,38.34290462363306,1.853482367821905,take_profit
ADA,newyork,2.0,2026-07-15 15:10:00+00:00,short,-1.4291048844987224,-0.06661309762957303,time_exit
ADA,newyork,2.0,2026-07-16 10:15:00+00:00,long,36.58896786833136,1.70775145693245,take_profit
ADA,newyork,2.0,2026-07-16 14:00:00+00:00,long,-24.11621969993642,-1.0884239490100347,stop_loss
ADA,newyork,2.0,2026-07-16 19:50:00+00:00,long,-27.260631270996374,-1.2577175275286787,stop_loss
ADA,newyork,2.0,2026-07-18 21:20:00+00:00,short,-29.589534472088566,-1.4003915431411345,stop_loss
ADA,newyork,2.0,2026-07-18 23:05:00+00:00,short,-28.765019302062093,-1.4005971898560459,stop_loss
ADA,newyork,2.0,2026-07-19 03:55:00+00:00,short,4.35234675963829,0.21802743305027988,time_exit
ADA,newyork,2.0,2026-07-19 16:05:00+00:00,short,-23.429088923067557,-1.1685664353859408,stop_loss
ADA,newyork,2.0,2026-07-20 00:20:00+00:00,short,33.333082058392506,1.7023310036985206,take_profit
ADA,newyork,2.0,2026-07-20 01:30:00+00:00,short,36.855419377084104,1.8202447006582703,take_profit
ADA,newyork,2.0,2026-07-22 23:55:00+00:00,long,-24.199530469722138,-1.1532033691575405,stop_loss
ADA,newyork,2.0,2026-07-26 23:10:00+00:00,short,-24.53142550505757,-1.1966183673469515,stop_loss
ADA,newyork,2.0,2026-07-27 06:45:00+00:00,short,34.77239879671334,1.7377512901765415,take_profit
ADA,newyork,2.0,2026-07-28 08:20:00+00:00,long,29.365354894610885,1.4182430931922831,take_profit
ADA,newyork,2.0,2026-07-28 12:20:00+00:00,long,-25.260422714834604,-1.1863390018248832,stop_loss
ADA,newyork,2.0,2026-07-28 15:05:00+00:00,long,34.82406637438645,1.6752371681416036,take_profit
ADA,newyork,2.0,2026-07-29 23:15:00+00:00,long,40.03797487290174,1.8636160695155417,take_profit
ADA,newyork,2.0,2026-08-04 21:05:00+00:00,short,-24.914591656060676,-1.118009073497719,stop_loss
ADA,newyork,2.0,2026-08-05 23:35:00+00:00,short,37.73471365518868,1.732023306233061,take_profit
ADA,newyork,2.0,2026-08-08 23:30:00+00:00,long,-27.772957001078414,-1.2320982320810492,stop_loss
ADA,newyork,2.0,2026-08-09 21:40:00+00:00,short,36.35775202831425,1.6536978803226348,take_profit
ADA,newyork,2.0,2026-08-09 23:50:00+00:00,short,-6.828907520706164,-0.30066229220454826,time_exit
ADA,newyork,2.0,2026-08-11 21:25:00+00:00,short,-28.527035669350013,-1.2635830188679207,stop_loss
ADA,newyork,2.0,2026-08-13 17:55:00+00:00,long,-29.07518368013246,-1.32125307064705,stop_loss
ADA,newyork,2.0,2026-08-13 20:50:00+00:00,long,1.082278785644803,0.05051650572649335,time_exit
ADA,newyork,2.0,2026-08-15 04:25:00+00:00,short,35.05502629552737,1.6345789229878789,take_profit
ADA,newyork,2.0,2026-08-16 11:25:00+00:00,long,-30.098117868223227,-1.3590151576805962,stop_loss
ADA,newyork,2.0,2026-08-16 15:05:00+00:00,long,-30.57965103539292,-1.419335717322916,stop_loss
ADA,newyork,2.0,2026-08-16 20:15:00+00:00,short,37.508560980740555,1.791800134499,take_profit
ADA,newyork,2.0,2026-08-18 21:30:00+00:00,long,-40.27718333842591,-1.8574932842288854,stop_loss
ADA,newyork,2.3,2026-07-08 18:10:00+00:00,long,22.061721467848763,1.1030860733924381,time_exit
ADA,newyork,2.3,2026-07-14 06:45:00+00:00,short,-23.008271976695553,-1.1255813368908822,stop_loss
ADA,newyork,2.3,2026-07-15 02:55:00+00:00,long,41.28437897660059,2.066174687531879,take_profit
ADA,newyork,2.3,2026-07-15 07:10:00+00:00,long,44.80261398478918,2.153272367821905,take_profit
ADA,newyork,2.3,2026-07-15 15:10:00+00:00,short,-1.4456913246977863,-0.06661309762957303,time_exit
ADA,newyork,2.3,2026-07-16 10:15:00+00:00,long,43.51124279098451,2.007541456932434,take_profit
ADA,newyork,2.3,2026-07-16 14:00:00+00:00,long,-24.537559984978277,-1.0884239490100347,stop_loss
ADA,newyork,2.3,2026-07-16 19:50:00+00:00,long,-27.736908328224082,-1.257717527528679,stop_loss
ADA,newyork,2.3,2026-07-18 21:20:00+00:00,short,-30.106500358278375,-1.4003915431411345,stop_loss
ADA,newyork,2.3,2026-07-18 23:05:00+00:00,short,-29.267579885054182,-1.4005971898560456,stop_loss
ADA,newyork,2.3,2026-07-19 03:55:00+00:00,short,4.42838765854882,0.21802743305027986,time_exit
ADA,newyork,2.3,2026-07-19 16:05:00+00:00,short,-23.838424180746536,-1.1685664353859408,stop_loss
ADA,newyork,2.3,2026-07-20 00:20:00+00:00,short,39.89652063860639,2.0025410036985116,take_profit
ADA,newyork,2.3,2026-07-20 01:30:00+00:00,short,43.93768440703188,2.1204547006582812,take_profit
ADA,newyork,2.3,2026-07-22 23:55:00+00:00,long,-24.90876871522456,-1.1532033691575405,stop_loss
ADA,newyork,2.3,2026-07-26 23:10:00+00:00,short,-25.250390908400796,-1.1966183673469517,stop_loss
ADA,newyork,2.3,2026-07-27 06:45:00+00:00,short,41.974765950815936,2.0379612901765554,take_profit
ADA,newyork,2.3,2026-07-28 08:20:00+00:00,long,36.82766187034678,1.7180330931923158,take_profit
ADA,newyork,2.3,2026-07-28 12:20:00+00:00,long,-26.304098720177972,-1.1863390018248832,stop_loss
ADA,newyork,2.3,2026-07-28 15:05:00+00:00,long,42.752259035727974,1.9750271681415885,take_profit
ADA,newyork,2.3,2026-07-29 23:15:00+00:00,long,26.404731755458293,1.1734674443518567,time_exit
ADA,newyork,2.3,2026-08-04 21:05:00+00:00,short,-25.747251988708868,-1.118009073497719,stop_loss
ADA,newyork,2.3,2026-08-05 23:35:00+00:00,short,45.75494121976015,2.032233306233058,take_profit
ADA,newyork,2.3,2026-08-08 23:30:00+00:00,long,-28.867703366914334,-1.2320982320810494,stop_loss
ADA,newyork,2.3,2026-08-09 21:40:00+00:00,short,44.65139690993139,1.9539078803226224,take_profit
ADA,newyork,2.3,2026-08-09 23:50:00+00:00,short,-7.1393413237167795,-0.3006622922045482,time_exit
ADA,newyork,2.3,2026-08-11 21:25:00+00:00,short,-29.823839901154884,-1.2635830188679207,stop_loss
ADA,newyork,2.3,2026-08-13 17:55:00+00:00,long,-30.396906051637416,-1.3212530706470502,stop_loss
ADA,newyork,2.3,2026-08-13 20:50:00+00:00,long,1.1314778586043808,0.05051650572649336,time_exit
ADA,newyork,2.3,2026-08-15 04:25:00+00:00,short,43.37953667086937,1.9347889229878732,take_profit
ADA,newyork,2.3,2026-08-16 11:25:00+00:00,long,-31.64929088620243,-1.3590151576805964,stop_loss
ADA,newyork,2.3,2026-08-16 15:05:00+00:00,long,-32.155640929279315,-1.4193357173229162,stop_loss
ADA,newyork,2.3,2026-08-16 20:15:00+00:00,short,46.049961058649785,2.0920101344990067,take_profit
ADA,newyork,2.3,2026-08-18 21:30:00+00:00,long,-42.59845494891056,-1.8574932842288852,stop_loss
ADA,prevday,1.0,2026-07-08 18:10:00+00:00,long,6.574873329877494,0.3287436664938747,time_exit
ADA,prevday,1.0,2026-07-12 04:05:00+00:00,long,-22.483319732820984,-1.1168230167738693,stop_loss
ADA,prevday,1.0,2026-07-15 15:10:00+00:00,short,18.384540618967595,0.9340869023704313,take_profit
ADA,prevday,1.0,2026-07-16 09:30:00+00:00,long,16.741227383913635,0.8349938457637704,take_profit
ADA,prevday,1.0,2026-07-16 18:45:00+00:00,long,12.40516075850767,0.6085630853994126,take_profit
ADA,prevday,1.0,2026-07-17 16:15:00+00:00,short,-22.28981753324399,-1.0803282166886325,stop_loss
ADA,prevday,1.0,2026-07-20 18:35:00+00:00,short,-22.03837610435481,-1.0917300545391282,stop_loss
ADA,prevday,1.0,2026-07-23 15:35:00+00:00,long,-22.222165590353107,-1.1254073807691363,stop_loss
ADA,prevday,1.0,2026-07-27 06:45:00+00:00,short,14.226153069334998,0.7370512901765474,take_profit
ADA,prevday,1.0,2026-08-09 05:55:00+00:00,long,15.390778420178508,0.7858064695009215,take_profit
ADA,prevday,1.0,2026-08-10 18:40:00+00:00,long,15.721983827434482,0.7902964124522627,take_profit
ADA,prevday,1.0,2026-08-15 19:45:00+00:00,long,-26.573163612224608,-1.3149679982245597,stop_loss
ADA,prevday,1.0,2026-08-16 10:05:00+00:00,long,-22.940239115080793,-1.1658546444414464,stop_loss
ADA,prevday,1.0,2026-08-16 20:05:00+00:00,long,-20.622190070554172,-1.073069040028341,stop_loss
ADA,prevday,1.0,2026-08-17 11:30:00+00:00,long,-22.68223325005093,-1.2061483342458812,stop_loss
ADA,prevday,1.0,2026-08-17 14:30:00+00:00,long,6.813733853397485,0.371282925882777,take_profit
ADA,prevday,1.0,2026-08-17 15:05:00+00:00,long,-21.73780213694417,-1.1757701640526432,stop_loss
ADA,prevday,1.5,2026-07-08 18:10:00+00:00,long,6.574873329877494,0.3287436664938747,time_exit
ADA,prevday,1.5,2026-07-12 04:05:00+00:00,long,-22.483319732820984,-1.1168230167738693,stop_loss
ADA,prevday,1.5,2026-07-15 15:10:00+00:00,short,-1.311067734723978,-0.06661309762957301,time_exit
ADA,prevday,1.5,2026-07-16 09:30:00+00:00,long,26.233238543857617,1.3346438457637608,take_profit
ADA,prevday,1.5,2026-07-16 18:45:00+00:00,long,22.364044254691564,1.1082130853994538,take_profit
ADA,prevday,1.5,2026-07-17 16:15:00+00:00,short,-22.284530110994226,-1.0803282166886325,stop_loss
ADA,prevday,1.5,2026-07-20 18:35:00+00:00,short,-22.033148327142683,-1.0917300545391282,stop_loss
ADA,prevday,1.5,2026-07-23 15:35:00+00:00,long,-22.21689421598653,-1.1254073807691363,stop_loss
ADA,prevday,1.5,2026-07-27 06:45:00+00:00,short,23.87796431113677,1.23740129017656,take_profit
ADA,prevday,1.5,2026-08-09 05:55:00+00:00,long,-23.98229253402161,-1.2127935304990736,stop_loss
ADA,prevday,1.5,2026-08-10 18:40:00+00:00,long,-23.31394869980012,-1.208303587547747,stop_loss
ADA,prevday,1.5,2026-08-15 19:45:00+00:00,long,-24.75887282653404,-1.3149679982245597,stop_loss
ADA,prevday,1.5,2026-08-16 10:05:00+00:00,long,-21.373987348622595,-1.1658546444414462,stop_loss
ADA,prevday,1.5,2026-08-16 20:05:00+00:00,long,-19.21420380396777,-1.0730690400283411,stop_loss
ADA,prevday,1.5,2026-08-17 11:30:00+00:00,long,-21.133596912090777,-1.2061483342458812,stop_loss
ADA,prevday,1.5,2026-08-17 14:30:00+00:00,long,14.891982085091449,0.8709329258827605,take_profit
ADA,prevday,1.5,2026-08-17 15:05:00+00:00,long,-20.454549978610792,-1.1757701640526435,stop_loss
ADA,prevday,2.0,2026-07-08 18:10:00+00:00,long,6.574873329877494,0.3287436664938747,time_exit
ADA,prevday,2.0,2026-07-12 04:05:00+00:00,long,-22.483319732820984,-1.1168230167738693,stop_loss
ADA,prevday,2.0,2026-07-15 15:10:00+00:00,short,-1.311067734723978,-0.06661309762957301,time_exit
ADA,prevday,2.0,2026-07-16 09:30:00+00:00,long,36.054163939080105,1.834293845763771,take_profit
ADA,prevday,2.0,2026-07-16 18:45:00+00:00,long,32.76293247083129,1.607863085399447,take_profit
ADA,prevday,2.0,2026-07-17 16:15:00+00:00,short,-22.72141081460502,-1.0803282166886328,stop_loss
ADA,prevday,2.0,2026-07-20 18:35:00+00:00,short,-22.46510077558915,-1.091730054539128,stop_loss
ADA,prevday,2.0,2026-07-23 15:35:00+00:00,long,-22.652448940666957,-1.1254073807691363,stop_loss
ADA,prevday,2.0,2026-07-27 06:45:00+00:00,short,34.19055628306768,1.737751290176541,take_profit
ADA,prevday,2.0,2026-08-09 05:55:00+00:00,long,-24.691243549698065,-1.2127935304990736,stop_loss
ADA,prevday,2.0,2026-08-10 18:40:00+00:00,long,-24.00314251172217,-1.208303587547747,stop_loss
ADA,prevday,2.0,2026-08-15 19:45:00+00:00,long,-25.490780671143757,-1.3149679982245597,stop_loss
ADA,prevday,2.0,2026-08-16 10:05:00+00:00,long,-22.00583311642671,-1.1658546444414464,stop_loss
ADA,prevday,2.0,2026-08-16 20:05:00+00:00,long,-19.782203267860265,-1.0730690400283411,stop_loss
ADA,prevday,2.0,2026-08-17 11:30:00+00:00,long,-21.758336393292115,-1.2061483342458812,stop_loss
ADA,prevday,2.0,2026-08-17 14:30:00+00:00,long,24.12822532817077,1.3705829258827436,take_profit
ADA,prevday,2.0,2026-08-17 15:05:00+00:00,long,-21.266057693808,-1.1757701640526435,stop_loss
ADA,prevday,2.3,2026-07-08 18:10:00+00:00,long,6.574873329877494,0.3287436664938747,time_exit
ADA,prevday,2.3,2026-07-12 04:05:00+00:00,long,-22.483319732820984,-1.1168230167738693,stop_loss
ADA,prevday,2.3,2026-07-15 15:10:00+00:00,short,-1.311067734723978,-0.06661309762957301,time_exit
ADA,prevday,2.3,2026-07-16 09:30:00+00:00,long,41.94671917621352,2.1340838457637727,take_profit
ADA,prevday,2.3,2026-07-16 18:45:00+00:00,long,39.09648028769002,1.9076530853994145,take_profit
ADA,prevday,2.3,2026-07-17 16:15:00+00:00,short,-22.985574896792436,-1.0803282166886325,stop_loss
ADA,prevday,2.3,2026-07-20 18:35:00+00:00,short,-22.726284941310787,-1.0917300545391282,stop_loss
ADA,prevday,2.3,2026-07-23 15:35:00+00:00,long,-22.915811257053672,-1.1254073807691365,stop_loss
ADA,prevday,2.3,2026-07-27 06:45:00+00:00,short,40.56341906281871,2.0379612901765554,take_profit
ADA,prevday,2.3,2026-08-09 05:55:00+00:00,long,-25.123246797044516,-1.2127935304990736,stop_loss
ADA,prevday,2.3,2026-08-10 18:40:00+00:00,long,-24.423106596994433,-1.208303587547747,stop_loss
ADA,prevday,2.3,2026-08-15 19:45:00+00:00,long,-25.936772789975898,-1.3149679982245597,stop_loss
ADA,prevday,2.3,2026-08-16 10:05:00+00:00,long,-22.390851851822752,-1.1658546444414462,stop_loss
ADA,prevday,2.3,2026-08-16 20:05:00+00:00,long,-20.128316902606205,-1.073069040028341,stop_loss
ADA,prevday,2.3,2026-08-17 11:30:00+00:00,long,-22.13902487339395,-1.2061483342458812,stop_loss
ADA,prevday,2.3,2026-08-17 14:30:00+00:00,long,29.920324973812576,1.6703729258827629,take_profit
ADA,prevday,2.3,2026-08-17 15:05:00+00:00,long,-21.764409632405776,-1.1757701640526435,stop_loss
BNB,asia,1.0,2026-07-08 18:10:00+00:00,long,16.97146418330194,0.848573209165097,take_profit
BNB,asia,1.0,2026-07-10 04:15:00+00:00,short,-29.470575486066082,-1.4489381720131638,stop_loss
BNB,asia,1.0,2026-07-10 06:00:00+00:00,short,2.7722320646437275,0.1403660541663413,take_profit
BNB,asia,1.0,2026-07-10 17:05:00+00:00,short,10.77942953455666,0.544265481338288,take_profit
BNB,asia,1.0,2026-07-12 01:00:00+00:00,long,8.842938165519538,0.4416820157393798,take_profit
BNB,asia,1.0,2026-07-12 02:35:00+00:00,long,4.687092758279375,0.2320583076085276,take_profit
BNB,asia,1.0,2026-07-13 14:10:00+00:00,long,-25.30395553697874,-1.2470131069343688,stop_loss
BNB,asia,1.0,2026-07-15 09:10:00+00:00,long,11.345799833651029,0.5734380355086982,take_profit
BNB,asia,1.0,2026-07-16 06:20:00+00:00,short,11.576424277694512,0.5784600086947861,take_profit
BNB,asia,1.0,2026-07-16 11:10:00+00:00,long,4.629081357476455,0.22866417067402178,take_profit
BNB,asia,1.0,2026-07-16 13:05:00+00:00,long,4.193686462329264,0.20621375973747036,take_profit
BNB,asia,1.0,2026-07-16 15:15:00+00:00,long,11.106514477653704,0.5438911640263403,take_profit
BNB,asia,1.0,2026-07-19 12:15:00+00:00,long,-1.1279853428510265,-0.0546435622688717,take_profit
BNB,asia,1.0,2026-07-19 17:30:00+00:00,long,-27.013876225868124,-1.3100785634173469,stop_loss
BNB,asia,1.0,2026-07-19 19:05:00+00:00,long,5.869088922274697,0.2922887196289333,take_profit
BNB,asia,1.0,2026-07-20 00:00:00+00:00,short,16.407502485341123,0.8123673275178376,take_profit
BNB,asia,1.0,2026-07-20 16:15:00+00:00,short,1.7378834516154509,0.0846703183594123,take_profit
BNB,asia,1.0,2026-07-20 18:05:00+00:00,short,10.900308302326478,0.5301692213997883,take_profit
BNB,asia,1.0,2026-07-24 11:15:00+00:00,long,-33.21533362290891,-1.598577148517225,stop_loss
BNB,asia,1.0,2026-07-28 09:50:00+00:00,short,-33.05549720886698,-1.6434275048535651,stop_loss
BNB,asia,1.0,2026-07-29 21:10:00+00:00,long,11.533735434647138,0.5929134961627129,take_profit
BNB,asia,1.0,2026-07-30 03:30:00+00:00,short,6.912443310653945,0.3511828087754656,take_profit
BNB,asia,1.0,2026-08-03 09:05:00+00:00,long,16.159395285399626,0.8152430352299839,take_profit
BNB,asia,1.0,2026-08-04 09:20:00+00:00,long,-31.00725995344216,-1.539222418448349,stop_loss
BNB,asia,1.0,2026-08-04 10:30:00+00:00,long,-6.469637414731416,-0.33135807424516056,take_profit
BNB,asia,1.0,2026-08-04 13:30:00+00:00,long,12.97453427890099,0.6689553211199348,take_profit
BNB,asia,1.0,2026-08-05 23:05:00+00:00,long,6.757703022455351,0.3438210727968976,take_profit
BNB,asia,1.0,2026-08-06 02:35:00+00:00,long,1.6568687252910195,0.08372310345783798,take_profit
BNB,asia,1.0,2026-08-06 13:35:00+00:00,long,-28.090794627595173,-1.4170808893970368,stop_loss
BNB,asia,1.0,2026-08-08 08:15:00+00:00,short,-28.282737370407474,-1.4683799837989624,stop_loss
BNB,asia,1.0,2026-08-10 06:20:00+00:00,short,-32.53695370298179,-1.7403601087442202,stop_loss
BNB,asia,1.0,2026-08-10 10:30:00+00:00,short,11.509368918352019,0.6378222559113952,take_profit
BNB,asia,1.0,2026-08-10 14:10:00+00:00,long,-28.186810302902398,-1.5423717965426758,stop_loss
BNB,asia,1.0,2026-08-12 14:40:00+00:00,long,-25.52514377018317,-1.4411831982837888,stop_loss
BNB,asia,1.0,2026-08-12 15:10:00+00:00,long,-3.733875311356316,-0.21707645106643209,time_exit
BNB,asia,1.0,2026-08-15 12:45:00+00:00,short,11.026894510552284,0.6438663502263862,take_profit
BNB,asia,1.0,2026-08-16 10:20:00+00:00,short,10.22475538073065,0.5894386176173274,take_profit
BNB,asia,1.0,2026-08-17 15:55:00+00:00,short,4.637842393511212,0.26424804884174635,take_profit
BNB,asia,1.0,2026-08-18 08:35:00+00:00,long,-27.55603135704234,-1.5617923380326806,stop_loss
BNB,asia,1.0,2026-08-18 11:35:00+00:00,long,-25.223775258125734,-1.4757019305226786,stop_loss
BNB,asia,1.0,2026-08-18 14:15:00+00:00,long,9.856902188390583,0.5942097132747562,take_profit
BNB,asia,1.5,2026-07-08 18:10:00+00:00,long,26.964464183301907,1.3482232091650954,take_profit
BNB,asia,1.5,2026-07-10 04:15:00+00:00,short,-29.760160269124636,-1.4489381720131638,stop_loss
BNB,asia,1.5,2026-07-10 06:00:00+00:00,short,12.778496136033649,0.6407160541664393,take_profit
BNB,asia,1.5,2026-07-10 17:05:00+00:00,short,21.10087337635642,1.0446154813382664,take_profit
BNB,asia,1.5,2026-07-12 01:00:00+00:00,long,19.411841454051185,0.941332015739345,take_profit
BNB,asia,1.5,2026-07-12 02:35:00+00:00,long,15.373125906874506,0.7317083076086027,take_profit
BNB,asia,1.5,2026-07-13 14:10:00+00:00,long,-26.583043306646488,-1.2470131069343686,stop_loss
BNB,asia,1.5,2026-07-15 09:10:00+00:00,long,22.304898802662457,1.0730880355086188,take_profit
BNB,asia,1.5,2026-07-16 06:20:00+00:00,short,22.90508905051929,1.0788100086948331,take_profit
BNB,asia,1.5,2026-07-16 11:10:00+00:00,long,-38.389751864573,-1.7699358293260743,stop_loss
BNB,asia,1.5,2026-07-16 13:05:00+00:00,long,14.768163933921889,0.7058637597375129,take_profit
BNB,asia,1.5,2026-07-16 15:15:00+00:00,long,-30.86525555754771,-1.454708835973655,stop_loss
BNB,asia,1.5,2026-07-19 12:15:00+00:00,long,9.126591384707584,0.44303465659680985,take_profit
BNB,asia,1.5,2026-07-19 17:30:00+00:00,long,-27.226978491097363,-1.3100785634173469,stop_loss
BNB,asia,1.5,2026-07-19 19:05:00+00:00,long,16.027388136683776,0.7919387196289496,take_profit
BNB,asia,1.5,2026-07-20 00:00:00+00:00,short,26.987781224968078,1.3127173275178339,take_profit
BNB,asia,1.5,2026-07-20 16:15:00+00:00,short,12.343033918290633,0.5850203183594862,take_profit
BNB,asia,1.5,2026-07-20 18:05:00+00:00,short,21.996774047923005,1.030519221399774,take_profit
BNB,asia,1.5,2026-07-24 11:15:00+00:00,long,-34.825429427210466,-1.5985771485172247,stop_loss
BNB,asia,1.5,2026-07-28 09:50:00+00:00,short,-34.65784502717674,-1.6434275048535654,stop_loss
BNB,asia,1.5,2026-07-29 21:10:00+00:00,long,22.283489301252352,1.0925634961627477,take_profit
BNB,asia,1.5,2026-07-30 03:30:00+00:00,short,17.747025980527017,0.8515328087754689,take_profit
BNB,asia,1.5,2026-08-03 09:05:00+00:00,long,27.87075081924605,1.3148930352299522,take_profit
BNB,asia,1.5,2026-08-04 09:20:00+00:00,long,-33.48366955176154,-1.5392224184483487,stop_loss
BNB,asia,1.5,2026-08-04 10:30:00+00:00,long,0.5895682319969833,0.02796288863237605,take_profit
BNB,asia,1.5,2026-08-04 13:30:00+00:00,long,24.652599214783166,1.1686053211199396,take_profit
BNB,asia,1.5,2026-08-05 23:05:00+00:00,long,18.209525287043505,0.8434710727968722,take_profit
BNB,asia,1.5,2026-08-06 02:35:00+00:00,long,12.806782120144147,0.5833731034578523,take_profit
BNB,asia,1.5,2026-08-06 13:35:00+00:00,long,-31.472123178851916,-1.417080889397037,stop_loss
BNB,asia,1.5,2026-08-08 08:15:00+00:00,short,-31.687170340214205,-1.4683799837989624,stop_loss
BNB,asia,1.5,2026-08-10 06:20:00+00:00,short,-36.45347269026364,-1.7403601087442204,stop_loss
BNB,asia,1.5,2026-08-10 10:30:00+00:00,short,23.010277412377448,1.1381722559113692,take_profit
BNB,asia,1.5,2026-08-10 14:10:00+00:00,long,-31.891733928541363,-1.5423717965426758,stop_loss
BNB,asia,1.5,2026-08-12 14:40:00+00:00,long,-28.880213293329785,-1.441183198283789,stop_loss
BNB,asia,1.5,2026-08-12 15:10:00+00:00,long,-4.224662410271498,-0.21707645106643206,time_exit
BNB,asia,1.5,2026-08-15 12:45:00+00:00,short,22.171641108589586,1.1442163502263716,take_profit
BNB,asia,1.5,2026-08-16 10:20:00+00:00,short,21.600235322928057,1.0897886176173988,take_profit
BNB,asia,1.5,2026-08-17 15:55:00+00:00,short,15.485081730142785,0.7645980488417353,take_profit
BNB,asia,1.5,2026-08-18 08:35:00+00:00,long,-32.1140110050392,-1.5617923380326804,stop_loss
BNB,asia,1.5,2026-08-18 11:35:00+00:00,long,-29.39598179913774,-1.4757019305226786,stop_loss
BNB,asia,1.5,2026-08-18 14:15:00+00:00,long,1.9207260284020267,0.09935433933961488,time_exit
BNB,asia,2.0,2026-07-08 18:10:00+00:00,long,26.602051185350234,1.3301025592675118,time_exit
BNB,asia,2.0,2026-07-10 04:15:00+00:00,short,-29.749657988589313,-1.4489381720131636,stop_loss
BNB,asia,2.0,2026-07-10 06:00:00+00:00,short,22.749488537825115,1.1410660541662947,take_profit
BNB,asia,2.0,2026-07-10 17:05:00+00:00,short,31.504994239750403,1.5449654813383087,take_profit
BNB,asia,2.0,2026-07-12 01:00:00+00:00,long,30.29252209798063,1.440982015739389,take_profit
BNB,asia,2.0,2026-07-13 14:10:00+00:00,long,-26.970384464542335,-1.247013106934369,stop_loss
BNB,asia,2.0,2026-07-15 09:10:00+00:00,long,33.1668123088965,1.5727380355086593,take_profit
BNB,asia,2.0,2026-07-16 06:20:00+00:00,short,34.349756678219144,1.579160008694762,take_profit
BNB,asia,2.0,2026-07-16 11:10:00+00:00,long,-39.715433703776256,-1.7699358293260743,stop_loss
BNB,asia,2.0,2026-07-16 13:05:00+00:00,long,26.09286671381881,1.2055137597374437,take_profit
BNB,asia,2.0,2026-07-16 15:15:00+00:00,long,-32.24574567826927,-1.4547088359736555,stop_loss
BNB,asia,2.0,2026-07-19 12:15:00+00:00,long,20.24559485625079,0.9407128754624914,take_profit
BNB,asia,2.0,2026-07-19 17:30:00+00:00,long,-28.72538167472782,-1.3100785634173469,stop_loss
BNB,asia,2.0,2026-07-19 19:05:00+00:00,long,27.577937325736197,1.291588719628966,take_profit
BNB,asia,2.0,2026-07-20 00:00:00+00:00,short,-3.711286510518592,-0.16943799327819697,time_exit
BNB,asia,2.0,2026-07-20 16:15:00+00:00,short,-41.84083403874048,-1.9167296816404935,stop_loss
BNB,asia,2.0,2026-07-24 11:15:00+00:00,long,-33.55807643493732,-1.5985771485172247,stop_loss
BNB,asia,2.0,2026-07-28 09:50:00+00:00,short,-33.39659069884928,-1.6434275048535647,stop_loss
BNB,asia,2.0,2026-07-29 21:10:00+00:00,long,31.292365186434377,1.5922134961627246,take_profit
BNB,asia,2.0,2026-07-30 03:30:00+00:00,short,27.415128837605472,1.351882808775472,take_profit
BNB,asia,2.0,2026-08-03 09:05:00+00:00,long,37.79243595788379,1.8145430352299712,take_profit
BNB,asia,2.0,2026-08-04 09:20:00+00:00,long,-33.22160890086021,-1.539222418448349,stop_loss
BNB,asia,2.0,2026-08-04 10:30:00+00:00,long,8.10156729509886,0.3872838515097675,take_profit
BNB,asia,2.0,2026-08-04 13:30:00+00:00,long,35.16844108177584,1.6682553211199445,take_profit
BNB,asia,2.0,2026-08-05 23:05:00+00:00,long,29.259005095810487,1.3431210727969365,take_profit
BNB,asia,2.0,2026-08-06 02:35:00+00:00,long,24.226706265065907,1.0830231034578668,take_profit
BNB,asia,2.0,2026-08-06 13:35:00+00:00,long,-32.38604241957022,-1.417080889397037,stop_loss
BNB,asia,2.0,2026-08-08 08:15:00+00:00,short,-32.60733433719868,-1.4683799837989624,stop_loss
BNB,asia,2.0,2026-08-10 06:20:00+00:00,short,-37.512045379919925,-1.7403601087442206,stop_loss
BNB,asia,2.0,2026-08-10 10:30:00+00:00,short,34.08772694021666,1.6385222559113917,take_profit
BNB,asia,2.0,2026-08-10 14:10:00+00:00,long,-33.13893704184625,-1.5423717965426758,stop_loss
BNB,asia,2.0,2026-08-12 14:40:00+00:00,long,-30.009643634529098,-1.441183198283789,stop_loss
BNB,asia,2.0,2026-08-12 15:10:00+00:00,long,-4.38987801512255,-0.2170764510664321,time_exit
BNB,asia,2.0,2026-08-15 12:45:00+00:00,short,26.278476628142172,1.3051188215902643,time_exit
BNB,asia,2.0,2026-08-16 10:20:00+00:00,short,13.539919778479147,0.6553529598434683,time_exit
BNB,asia,2.0,2026-08-17 15:55:00+00:00,short,26.477004971843055,1.2649480488417244,take_profit
BNB,asia,2.0,2026-08-18 08:35:00+00:00,long,-33.51737301399335,-1.5617923380326808,stop_loss
BNB,asia,2.0,2026-08-18 11:35:00+00:00,long,-30.680567647549637,-1.4757019305226786,stop_loss
BNB,asia,2.0,2026-08-18 14:15:00+00:00,long,2.004660543385093,0.09935433933961493,time_exit
BNB,asia,2.3,2026-07-08 18:10:00+00:00,long,26.602051185350234,1.3301025592675118,time_exit
BNB,asia,2.3,2026-07-10 04:15:00+00:00,short,-29.749657988589313,-1.4489381720131636,stop_loss
BNB,asia,2.3,2026-07-10 06:00:00+00:00,short,28.73478967705828,1.4412760541663534,take_profit
BNB,asia,2.3,2026-07-10 17:05:00+00:00,short,8.505382862035086,0.41465918276211167,time_exit
BNB,asia,2.3,2026-07-12 01:00:00+00:00,long,36.00238800234196,1.740772015739368,take_profit
BNB,asia,2.3,2026-07-13 14:10:00+00:00,long,-26.68844865951716,-1.2470131069343688,stop_loss
BNB,asia,2.3,2026-07-15 09:10:00+00:00,long,39.076158663837944,1.872528035508623,take_profit
BNB,asia,2.3,2026-07-16 06:20:00+00:00,short,40.68770906339545,1.8793700086948257,take_profit
BNB,asia,2.3,2026-07-16 11:10:00+00:00,long,-39.75878970533419,-1.7699358293260745,stop_loss
BNB,asia,2.3,2026-07-16 13:05:00+00:00,long,32.61727058768801,1.5053037597374475,take_profit
BNB,asia,2.3,2026-07-16 15:15:00+00:00,long,-32.46994069323741,-1.4547088359736553,stop_loss
BNB,asia,2.3,2026-07-19 12:15:00+00:00,long,26.857520453794145,1.23931980678181,take_profit
BNB,asia,2.3,2026-07-19 17:30:00+00:00,long,-29.09465531855296,-1.3100785634173469,stop_loss
BNB,asia,2.3,2026-07-19 19:05:00+00:00,long,34.41584933575753,1.5913787196289757,take_profit
BNB,asia,2.3,2026-07-20 00:00:00+00:00,short,-3.780966892456404,-0.16943799327819695,time_exit
BNB,asia,2.3,2026-07-20 16:15:00+00:00,short,-42.62640672038415,-1.916729681640494,stop_loss
BNB,asia,2.3,2026-07-24 11:15:00+00:00,long,-34.18813816055655,-1.5985771485172247,stop_loss
BNB,asia,2.3,2026-07-28 09:50:00+00:00,short,-34.0236204872316,-1.6434275048535651,stop_loss
BNB,asia,2.3,2026-07-29 21:10:00+00:00,long,37.88239386003625,1.8920034961627568,take_profit
BNB,asia,2.3,2026-07-30 03:30:00+00:00,short,-34.29154257666741,-1.6502171912245478,stop_loss
BNB,asia,2.3,2026-08-03 09:05:00+00:00,long,19.582981589089414,0.9745595409024268,time_exit
BNB,asia,2.3,2026-08-04 09:20:00+00:00,long,-31.532274288441773,-1.5392224184483487,stop_loss
BNB,asia,2.3,2026-08-04 10:30:00+00:00,long,11.970232726335757,0.6028764292360864,take_profit
BNB,asia,2.3,2026-08-04 13:30:00+00:00,long,39.547094787296935,1.9680453211199658,take_profit
BNB,asia,2.3,2026-08-05 23:05:00+00:00,long,34.31309745628301,1.6429110727969214,take_profit
BNB,asia,2.3,2026-08-06 02:35:00+00:00,long,29.829780945866123,1.3828131034578754,take_profit
BNB,asia,2.3,2026-08-06 13:35:00+00:00,long,-31.414423348974708,-1.4170808893970368,stop_loss
BNB,asia,2.3,2026-08-08 08:15:00+00:00,short,-31.629076250802758,-1.4683799837989622,stop_loss
BNB,asia,2.3,2026-08-10 06:20:00+00:00,short,-36.38664023791499,-1.7403601087442204,stop_loss
BNB,asia,2.3,2026-08-10 10:30:00+00:00,short,39.12323382565957,1.9387322559113374,take_profit
BNB,asia,2.3,2026-08-12 14:40:00+00:00,long,-30.21046710478926,-1.4411831982837888,stop_loss
BNB,asia,2.3,2026-08-12 15:10:00+00:00,long,-4.419254923017629,-0.2170764510664321,time_exit
BNB,asia,2.3,2026-08-15 12:45:00+00:00,short,26.45433126120226,1.3051188215902643,time_exit
BNB,asia,2.3,2026-08-16 10:20:00+00:00,short,13.630528441150165,0.6553529598434685,time_exit
BNB,asia,2.3,2026-08-17 15:55:00+00:00,short,32.98002408540602,1.5651580488418164,take_profit
BNB,asia,2.3,2026-08-18 08:35:00+00:00,long,-33.93926292670921,-1.5617923380326808,stop_loss
BNB,asia,2.3,2026-08-18 11:35:00+00:00,long,-31.066750120785052,-1.4757019305226788,stop_loss
BNB,asia,2.3,2026-08-18 14:15:00+00:00,long,2.02989360867695,0.09935433933961489,time_exit
BNB,london,1.0,2026-07-08 18:10:00+00:00,long,6.152234189910211,0.30761170949551053,time_exit
BNB,london,1.0,2026-07-10 00:00:00+00:00,long,8.692839393020849,0.43198430106452873,take_profit
BNB,london,1.0,2026-07-10 16:15:00+00:00,long,-5.253515903152094,-0.25883339437242614,time_exit
BNB,london,1.0,2026-07-11 07:20:00+00:00,short,-30.3943994618256,-1.5052819742113004,stop_loss
BNB,london,1.0,2026-07-12 13:05:00+00:00,short,9.829979587732671,0.5019407738898215,take_profit
BNB,london,1.0,2026-07-13 16:05:00+00:00,short,15.317894114940685,0.7743920024745665,take_profit
BNB,london,1.0,2026-07-14 05:10:00+00:00,short,4.13984499541932,0.2060967528013068,take_profit
BNB,london,1.0,2026-07-14 09:40:00+00:00,short,-28.369158242813906,-1.4065237314002663,stop_loss
BNB,london,1.0,2026-07-15 01:30:00+00:00,short,9.657336762659995,0.4926630896060409,take_profit
BNB,london,1.0,2026-07-15 06:15:00+00:00,short,9.938243619957456,0.5020465835767115,take_profit
BNB,london,1.0,2026-07-16 05:35:00+00:00,short,10.231168722513427,0.5117061661789748,take_profit
BNB,london,1.0,2026-07-16 09:10:00+00:00,long,14.946261316400754,0.7399560763732923,take_profit
BNB,london,1.0,2026-07-16 15:00:00+00:00,short,13.096955735013948,0.6389452514802204,take_profit
BNB,london,1.0,2026-07-16 17:30:00+00:00,long,-27.789361574812276,-1.3386196929762826,stop_loss
BNB,london,1.0,2026-07-19 02:15:00+00:00,short,8.806925099514308,0.43590166073548003,take_profit
BNB,london,1.0,2026-07-19 05:05:00+00:00,long,12.017177363874495,0.5896535356133668,take_profit
BNB,london,1.0,2026-07-19 16:25:00+00:00,short,-2.7733015282820563,-0.13449304490499217,take_profit
BNB,london,1.0,2026-07-19 17:30:00+00:00,long,-26.941690305938973,-1.3100785634173469,stop_loss
BNB,london,1.0,2026-07-19 19:05:00+00:00,long,5.8534056645497365,0.2922887196289332,take_profit
BNB,london,1.0,2026-07-22 14:50:00+00:00,short,-23.793720655574873,-1.181229798183425,stop_loss
BNB,london,1.0,2026-07-22 18:05:00+00:00,short,3.4349983016753955,0.1746552849841717,time_exit
BNB,london,1.0,2026-07-24 00:10:00+00:00,long,10.184347680977384,0.5160289051205647,take_profit
BNB,london,1.0,2026-07-24 11:15:00+00:00,long,-31.875131659541317,-1.5985771485172249,stop_loss
BNB,london,1.0,2026-07-25 22:40:00+00:00,short,-34.4733077160591,-1.7859793978562535,stop_loss
BNB,london,1.0,2026-07-28 17:30:00+00:00,short,-22.55825287008478,-1.2119804226341377,stop_loss
BNB,london,1.0,2026-07-29 03:00:00+00:00,short,-1.247987966150541,-0.06871591860111163,take_profit
BNB,london,1.0,2026-07-29 14:45:00+00:00,long,2.3409487122585304,0.1290732148330403,take_profit
BNB,london,1.0,2026-07-29 16:20:00+00:00,long,8.546334440550623,0.47000712444922266,take_profit
BNB,london,1.0,2026-07-29 18:30:00+00:00,short,-21.709834504902293,-1.1828174099752977,stop_loss
BNB,london,1.0,2026-07-31 17:10:00+00:00,long,7.169958391814185,0.4001060552442474,take_profit
BNB,london,1.0,2026-07-31 18:40:00+00:00,long,-29.735464445749784,-1.6461589552355906,stop_loss
BNB,london,1.0,2026-08-01 00:00:00+00:00,long,5.9873241104568,0.3427431918814748,take_profit
BNB,london,1.0,2026-08-03 09:05:00+00:00,long,14.338968182139237,0.815243035229984,take_profit
BNB,london,1.0,2026-08-09 15:30:00+00:00,short,13.211334454902993,0.7390807326909861,take_profit
BNB,london,1.0,2026-08-09 23:05:00+00:00,short,-3.0077370697526176,-0.16581066903396816,time_exit
BNB,london,1.0,2026-08-10 17:05:00+00:00,long,9.686829472688006,0.53579278880045,take_profit
BNB,london,1.0,2026-08-10 19:15:00+00:00,long,-27.572725476708627,-1.5089186547281073,stop_loss
BNB,london,1.0,2026-08-12 12:20:00+00:00,short,6.0772413638179845,0.3429262666273659,take_profit
BNB,london,1.0,2026-08-12 15:10:00+00:00,long,-3.873351392560184,-0.21707645106643206,time_exit
BNB,london,1.0,2026-08-14 07:00:00+00:00,long,-29.363831395610326,-1.6528298336037153,stop_loss
BNB,london,1.0,2026-08-15 14:25:00+00:00,long,0.5976396026238362,0.03478994442143053,take_profit
BNB,london,1.0,2026-08-17 17:00:00+00:00,short,5.460838701886656,0.31766666157519,take_profit
BNB,london,1.0,2026-08-17 18:05:00+00:00,short,7.805230968994437,0.45117763118255766,take_profit
BNB,london,1.0,2026-08-18 04:30:00+00:00,long,-2.898693177481489,-0.16605912506638676,take_profit
BNB,london,1.0,2026-08-18 14:10:00+00:00,short,-21.529234580264102,-1.237467661980087,stop_loss
BNB,london,1.0,2026-08-19 02:15:00+00:00,short,-1.5163838567933485,-0.08937132034628956,take_profit
BNB,london,1.5,2026-07-08 18:10:00+00:00,long,6.152234189910211,0.30761170949551053,time_exit
BNB,london,1.5,2026-07-10 00:00:00+00:00,long,18.747318669279398,0.9316343010644679,take_profit
BNB,london,1.5,2026-07-10 16:15:00+00:00,long,-5.305564603146519,-0.2588333943724262,time_exit
BNB,london,1.5,2026-07-11 07:20:00+00:00,short,-30.695529030720603,-1.5052819742113004,stop_loss
BNB,london,1.5,2026-07-12 13:05:00+00:00,short,19.823276039908485,1.0022907738898454,take_profit
BNB,london,1.5,2026-07-13 16:05:00+00:00,short,25.717199295032067,1.27474200247455,take_profit
BNB,london,1.5,2026-07-14 05:10:00+00:00,short,14.615520525827808,0.7064467528013543,take_profit
BNB,london,1.5,2026-07-14 09:40:00+00:00,short,-29.510399732195232,-1.4065237314002663,stop_loss
BNB,london,1.5,2026-07-15 01:30:00+00:00,short,20.248411847929635,0.9930130896060776,take_profit
BNB,london,1.5,2026-07-15 06:15:00+00:00,short,20.84568833503898,1.0023965835767494,take_profit
BNB,london,1.5,2026-07-16 05:35:00+00:00,short,21.46850770791617,1.0120561661790035,take_profit
BNB,london,1.5,2026-07-16 09:10:00+00:00,long,-27.2397395281803,-1.2586439236267075,stop_loss
BNB,london,1.5,2026-07-19 02:15:00+00:00,short,19.752418183691578,0.9362516607354657,take_profit
BNB,london,1.5,2026-07-19 05:05:00+00:00,long,-8.251740231586272,-0.38393782383417707,time_exit
BNB,london,1.5,2026-07-19 17:30:00+00:00,long,-27.94050671337878,-1.3100785634173469,stop_loss
BNB,london,1.5,2026-07-19 19:05:00+00:00,long,16.447412480138624,0.7919387196289497,take_profit
BNB,london,1.5,2026-07-22 14:50:00+00:00,short,-24.92098403053669,-1.1812297981834248,stop_loss
BNB,london,1.5,2026-07-22 18:05:00+00:00,short,3.5977365230147917,0.1746552849841717,time_exit
BNB,london,1.5,2026-07-24 00:10:00+00:00,long,20.995124241392432,1.0156789051205914,take_profit
BNB,london,1.5,2026-07-24 11:15:00+00:00,long,-33.71547503569134,-1.5985771485172249,stop_loss
BNB,london,1.5,2026-07-25 22:40:00+00:00,short,-36.463659448151176,-1.7859793978562537,stop_loss
BNB,london,1.5,2026-07-28 17:30:00+00:00,short,-23.860676706020566,-1.2119804226341377,stop_loss
BNB,london,1.5,2026-07-29 03:00:00+00:00,short,8.105256271743535,0.4219261220983207,take_profit
BNB,london,1.5,2026-07-29 14:45:00+00:00,long,12.17977486424245,0.6287232148330255,take_profit
BNB,london,1.5,2026-07-29 16:20:00+00:00,long,19.020631330611543,0.9696571244492643,take_profit
BNB,london,1.5,2026-07-29 18:30:00+00:00,short,-23.651906375838667,-1.1828174099752975,stop_loss
BNB,london,1.5,2026-07-31 17:10:00+00:00,long,17.566123339403575,0.8997560552442683,take_profit
BNB,london,1.5,2026-07-31 18:40:00+00:00,long,-32.7166339737723,-1.6461589552355904,stop_loss
BNB,london,1.5,2026-08-01 00:00:00+00:00,long,16.190962567631914,0.842393191881446,take_profit
BNB,london,1.5,2026-08-03 09:05:00+00:00,long,25.69829001925531,1.3148930352299522,take_profit
BNB,london,1.5,2026-08-09 15:30:00+00:00,short,24.860478608256763,1.2394307326909875,take_profit
BNB,london,1.5,2026-08-10 17:05:00+00:00,long,6.258766958675621,0.30448595495525604,time_exit
BNB,london,1.5,2026-08-12 12:20:00+00:00,short,17.439262112762016,0.8432762666274041,take_profit
BNB,london,1.5,2026-08-12 15:10:00+00:00,long,-4.564933592632608,-0.21707645106643209,time_exit
BNB,london,1.5,2026-08-14 07:00:00+00:00,long,-34.60670792835609,-1.6528298336037157,stop_loss
BNB,london,1.5,2026-08-15 14:25:00+00:00,long,10.820120800117788,0.5344399444214665,take_profit
BNB,london,1.5,2026-08-17 17:00:00+00:00,short,16.738356039749497,0.8180166615752243,take_profit
BNB,london,1.5,2026-08-18 04:30:00+00:00,long,5.738096739297394,0.27591131240042066,take_profit
BNB,london,1.5,2026-08-18 14:10:00+00:00,short,-25.877490899964286,-1.237467661980087,stop_loss
BNB,london,1.5,2026-08-19 02:15:00+00:00,short,7.972931188875192,0.3909430194805112,take_profit
BNB,london,2.0,2026-07-08 18:10:00+00:00,long,6.152234189910211,0.30761170949551053,time_exit
BNB,london,2.0,2026-07-10 00:00:00+00:00,long,28.801797945539576,1.431284301064488,take_profit
BNB,london,2.0,2026-07-10 16:15:00+00:00,long,-5.35761330314095,-0.2588333943724262,time_exit
BNB,london,2.0,2026-07-11 07:20:00+00:00,short,-30.99665859961566,-1.5052819742113004,stop_loss
BNB,london,2.0,2026-07-12 13:05:00+00:00,short,30.010734330444453,1.5026407738897998,take_profit
BNB,london,2.0,2026-07-13 16:05:00+00:00,short,-14.083006011773357,-0.684564569689451,time_exit
BNB,london,2.0,2026-07-14 05:10:00+00:00,short,24.48656957622866,1.2067967528012886,take_profit
BNB,london,2.0,2026-07-14 09:40:00+00:00,short,-29.227958600299104,-1.4065237314002663,stop_loss
BNB,london,2.0,2026-07-15 01:30:00+00:00,short,30.1595457886263,1.4933630896060432,take_profit
BNB,london,2.0,2026-07-15 06:15:00+00:00,short,31.25549531207968,1.5027465835767175,take_profit
BNB,london,2.0,2026-07-16 05:35:00+00:00,short,32.40182420607453,1.5124061661789638,take_profit
BNB,london,2.0,2026-07-16 09:10:00+00:00,long,-27.780863315696536,-1.2586439236267075,stop_loss
BNB,london,2.0,2026-07-19 02:15:00+00:00,short,30.910556353944102,1.4366016607354515,take_profit
BNB,london,2.0,2026-07-19 05:05:00+00:00,long,-8.49833056459428,-0.383937823834177,time_exit
BNB,london,2.0,2026-07-19 17:30:00+00:00,long,-28.77546499629848,-1.3100785634173469,stop_loss
BNB,london,2.0,2026-07-19 19:05:00+00:00,long,27.626020053373388,1.291588719628966,take_profit
BNB,london,2.0,2026-07-22 14:50:00+00:00,short,-25.918187083717243,-1.181229798183425,stop_loss
BNB,london,2.0,2026-07-22 18:05:00+00:00,short,3.741698488597428,0.1746552849841717,time_exit
BNB,london,2.0,2026-07-24 00:10:00+00:00,long,32.576795188719515,1.5153289051206182,take_profit
BNB,london,2.0,2026-07-24 11:15:00+00:00,long,-35.40801030780366,-1.5985771485172249,stop_loss
BNB,london,2.0,2026-07-25 22:40:00+00:00,short,-38.29415507963655,-1.785979397856254,stop_loss
BNB,london,2.0,2026-07-28 17:30:00+00:00,short,-25.05849571639063,-1.211980422634138,stop_loss
BNB,london,2.0,2026-07-29 03:00:00+00:00,short,18.410597783065548,0.9125681627977533,take_profit
BNB,london,2.0,2026-07-29 14:45:00+00:00,long,23.17983527567298,1.1283732148330108,take_profit
BNB,london,2.0,2026-07-29 18:30:00+00:00,short,-24.84661643451574,-1.1828174099752975,stop_loss
BNB,london,2.0,2026-07-31 17:10:00+00:00,long,-32.78409878376119,-1.5984939447557531,stop_loss
BNB,london,2.0,2026-08-01 00:00:00+00:00,long,26.644502672459183,1.342043191881417,take_profit
BNB,london,2.0,2026-08-03 09:05:00+00:00,long,36.992317619198346,1.8145430352299716,take_profit
BNB,london,2.0,2026-08-09 15:30:00+00:00,short,36.755340762785025,1.7397807326909889,take_profit
BNB,london,2.0,2026-08-10 17:05:00+00:00,long,6.65652827096348,0.30448595495525604,time_exit
BNB,london,2.0,2026-08-12 12:20:00+00:00,short,29.552601155373132,1.3436262666273555,take_profit
BNB,london,2.0,2026-08-12 15:10:00+00:00,long,-4.902825928673964,-0.21707645106643206,time_exit
BNB,london,2.0,2026-08-14 07:00:00+00:00,long,-37.16826575769344,-1.6528298336037155,stop_loss
BNB,london,2.0,2026-08-15 14:25:00+00:00,long,22.485550489526894,1.0340899444215026,take_profit
BNB,london,2.0,2026-08-17 17:00:00+00:00,short,29.259829554608135,1.3183666615751672,take_profit
BNB,london,2.0,2026-08-18 04:30:00+00:00,long,16.352769437295965,0.7178817498673693,take_profit
BNB,london,2.0,2026-08-18 14:10:00+00:00,short,-28.59323949034579,-1.237467661980087,stop_loss
BNB,london,2.0,2026-08-19 02:15:00+00:00,short,19.6332505893061,0.8712573593074532,take_profit
BNB,london,2.3,2026-07-08 18:10:00+00:00,long,6.152234189910211,0.30761170949551053,time_exit
BNB,london,2.3,2026-07-10 00:00:00+00:00,long,34.834485511296336,1.7310743010645324,take_profit
BNB,london,2.3,2026-07-10 16:15:00+00:00,long,-5.388842523137614,-0.2588333943724262,time_exit
BNB,london,2.3,2026-07-11 07:20:00+00:00,short,-31.177336340952706,-1.5052819742113004,stop_loss
BNB,london,2.3,2026-07-12 13:05:00+00:00,short,36.216406987180136,1.8028507738898003,take_profit
BNB,london,2.3,2026-07-13 16:05:00+00:00,short,-14.247663687805662,-0.684564569689451,time_exit
BNB,london,2.3,2026-07-14 05:10:00+00:00,short,-36.85360029400525,-1.7953032471987695,stop_loss
BNB,london,2.3,2026-07-15 01:30:00+00:00,short,35.49609147489606,1.7935730896060509,take_profit
BNB,london,2.3,2026-07-15 06:15:00+00:00,short,36.96175575367683,1.8029565835767545,take_profit
BNB,london,2.3,2026-07-16 05:35:00+00:00,short,38.499732855936564,1.8126161661789129,take_profit
BNB,london,2.3,2026-07-16 09:10:00+00:00,long,-27.7025831926767,-1.2586439236267075,stop_loss
BNB,london,2.3,2026-07-19 02:15:00+00:00,short,37.26470727655459,1.736811660735491,take_profit
BNB,london,2.3,2026-07-19 05:05:00+00:00,long,-8.523845000165952,-0.383937823834177,time_exit
BNB,london,2.3,2026-07-19 17:30:00+00:00,long,-28.861857228527214,-1.3100785634173469,stop_loss
BNB,london,2.3,2026-07-19 19:05:00+00:00,long,34.14047422289722,1.5913787196289757,take_profit
BNB,london,2.3,2026-07-22 14:50:00+00:00,short,-26.147942838603228,-1.181229798183425,stop_loss
BNB,london,2.3,2026-07-22 18:05:00+00:00,short,3.7748673502167467,0.1746552849841717,time_exit
BNB,london,2.3,2026-07-24 00:10:00+00:00,long,39.36764507040175,1.8151189051205785,take_profit
BNB,london,2.3,2026-07-24 11:15:00+00:00,long,-35.9297712022701,-1.598577148517225,stop_loss
BNB,london,2.3,2026-07-25 22:40:00+00:00,short,-38.85844526238043,-1.7859793978562535,stop_loss
BNB,london,2.3,2026-07-28 17:30:00+00:00,short,-25.427749538486527,-1.2119804226341377,stop_loss
BNB,london,2.3,2026-07-29 03:00:00+00:00,short,24.708478506507372,1.2069533872174425,take_profit
BNB,london,2.3,2026-07-29 14:45:00+00:00,long,29.94279118728917,1.428163214832977,take_profit
BNB,london,2.3,2026-07-29 18:30:00+00:00,short,-25.507221669865377,-1.1828174099752973,stop_loss
BNB,london,2.3,2026-07-31 17:10:00+00:00,long,-33.6557404960181,-1.5984939447557527,stop_loss
BNB,london,2.3,2026-08-01 00:00:00+00:00,long,33.463091208736785,1.6418331918814904,take_profit
BNB,london,2.3,2026-08-03 09:05:00+00:00,long,20.515261147450694,0.9745595409024268,time_exit
BNB,london,2.3,2026-08-09 15:30:00+00:00,short,31.062078290939816,1.4473659799672276,time_exit
BNB,london,2.3,2026-08-10 17:05:00+00:00,long,6.7237654381179865,0.30448595495525604,time_exit
BNB,london,2.3,2026-08-12 12:20:00+00:00,short,36.520823229699346,1.643836266627413,take_profit
BNB,london,2.3,2026-08-12 15:10:00+00:00,long,-4.981305813560305,-0.2170764510664321,time_exit
BNB,london,2.3,2026-08-14 07:00:00+00:00,long,-37.763220842888074,-1.6528298336037153,stop_loss
BNB,london,2.3,2026-08-15 14:25:00+00:00,long,29.468544291378215,1.3338799444213956,take_profit
BNB,london,2.3,2026-08-17 17:00:00+00:00,short,36.712106134507465,1.618576661575188,take_profit
BNB,london,2.3,2026-08-18 04:30:00+00:00,long,23.019391801938653,0.983064012347397,take_profit
BNB,london,2.3,2026-08-18 14:10:00+00:00,short,-29.546213634504863,-1.237467661980087,stop_loss
BNB,london,2.3,2026-08-19 02:15:00+00:00,short,-46.818349047737115,-2.010628679653775,stop_loss
BNB,newyork,1.0,2026-07-08 18:10:00+00:00,long,13.445341617597466,0.6722670808798733,time_exit
BNB,newyork,1.0,2026-07-10 00:00:00+00:00,long,8.755849551315608,0.43198430106452873,take_profit
BNB,newyork,1.0,2026-07-12 12:25:00+00:00,short,15.275072339289482,0.7471656495441004,take_profit
BNB,newyork,1.0,2026-07-15 14:35:00+00:00,short,16.973636116612113,0.8180252750658674,take_profit
BNB,newyork,1.0,2026-07-16 06:20:00+00:00,short,12.199141962103734,0.5784600086947862,take_profit
BNB,newyork,1.0,2026-07-16 09:10:00+00:00,long,15.785468793599776,0.7399560763732923,take_profit
BNB,newyork,1.0,2026-07-17 22:25:00+00:00,short,-32.44821339006393,-1.4988534215643725,stop_loss
BNB,newyork,1.0,2026-07-18 00:20:00+00:00,short,5.6109412211423635,0.2671911641716108,take_profit
BNB,newyork,1.0,2026-07-18 02:40:00+00:00,short,-37.06846054099815,-1.7558051119856994,stop_loss
BNB,newyork,1.0,2026-07-18 04:30:00+00:00,short,-30.3419491094951,-1.4894988622161422,stop_loss
BNB,newyork,1.0,2026-07-19 22:45:00+00:00,short,4.816555410763661,0.24370671979999142,take_profit
BNB,newyork,1.0,2026-07-20 00:00:00+00:00,short,16.1336701050679,0.8123673275178378,take_profit
BNB,newyork,1.0,2026-07-20 07:20:00+00:00,long,11.814303403075616,0.585366643477493,take_profit
BNB,newyork,1.0,2026-07-20 10:45:00+00:00,long,10.996460617336647,0.5385398891323746,take_profit
BNB,newyork,1.0,2026-07-20 13:00:00+00:00,long,-25.056455863448022,-1.2140369611733777,stop_loss
BNB,newyork,1.0,2026-07-20 14:40:00+00:00,long,14.863827694418895,0.7381048369231142,take_profit
BNB,newyork,1.0,2026-07-22 00:10:00+00:00,long,-27.60524837996998,-1.3508739007191457,stop_loss
BNB,newyork,1.0,2026-07-25 03:05:00+00:00,short,1.2203754301698506,0.061377835433413866,take_profit
BNB,newyork,1.0,2026-07-27 01:00:00+00:00,long,10.74727282090926,0.5398630357761214,take_profit
BNB,newyork,1.0,2026-07-27 09:00:00+00:00,short,-25.780130690674977,-1.2811688689298397,stop_loss
BNB,newyork,1.0,2026-07-27 13:50:00+00:00,short,11.07543152134487,0.5648785231268119,take_profit
BNB,newyork,1.0,2026-07-27 15:05:00+00:00,short,-21.64290012651127,-1.0915179906908423,stop_loss
BNB,newyork,1.0,2026-07-27 20:15:00+00:00,short,3.2747019644072175,0.16883910599804788,take_profit
BNB,newyork,1.0,2026-07-28 09:00:00+00:00,long,-4.62984806655585,-0.23790521146633462,take_profit
BNB,newyork,1.0,2026-07-28 11:15:00+00:00,long,10.587159168608423,0.5466231352097967,take_profit
BNB,newyork,1.0,2026-07-28 14:30:00+00:00,long,10.712083171894578,0.5470919943387096,take_profit
BNB,newyork,1.0,2026-07-29 21:10:00+00:00,long,11.73629678743301,0.5929134961627129,take_profit
BNB,newyork,1.0,2026-08-01 03:10:00+00:00,short,-29.25338999976757,-1.4605511406701428,stop_loss
BNB,newyork,1.0,2026-08-04 15:05:00+00:00,short,10.051833488467834,0.5169648515356023,take_profit
BNB,newyork,1.0,2026-08-04 18:55:00+00:00,short,6.970752892398163,0.35483640706195,take_profit
BNB,newyork,1.0,2026-08-04 21:10:00+00:00,short,-30.35110193276756,-1.5340932665078486,stop_loss
BNB,newyork,1.0,2026-08-07 03:35:00+00:00,short,6.41337366035974,0.33442405333241454,take_profit
BNB,newyork,1.0,2026-08-12 12:20:00+00:00,short,6.620410032507847,0.34292626662736597,take_profit
BNB,newyork,1.0,2026-08-12 13:10:00+00:00,short,6.883890851406619,0.35414522235878515,take_profit
BNB,newyork,1.0,2026-08-12 14:50:00+00:00,short,-7.075273229521651,-0.3614310036615876,time_exit
BNB,newyork,1.0,2026-08-13 11:00:00+00:00,long,-24.687525164648893,-1.2703122755312206,stop_loss
BNB,newyork,1.0,2026-08-13 22:10:00+00:00,short,-1.6102352371771254,-0.08501560337232252,take_profit
BNB,newyork,1.0,2026-08-14 00:25:00+00:00,short,-32.554263248245334,-1.7216951297674625,stop_loss
BNB,newyork,1.0,2026-08-14 04:10:00+00:00,short,-2.237267244168363,-0.12254179440445813,take_profit
BNB,newyork,1.0,2026-08-17 10:05:00+00:00,long,2.665719140829104,0.146368105851636,take_profit
BNB,newyork,1.0,2026-08-17 13:05:00+00:00,long,-8.255752600831936,-0.4519800358924277,take_profit
BNB,newyork,1.0,2026-08-17 19:35:00+00:00,long,-33.70552670008276,-1.8621188684622048,stop_loss
BNB,newyork,1.0,2026-08-17 23:05:00+00:00,long,1.58416289297711,0.09090528927388826,take_profit
BNB,newyork,1.0,2026-08-19 00:10:00+00:00,short,-6.8776688244647985,-0.39395054006373664,time_exit
BNB,newyork,1.5,2026-07-08 18:10:00+00:00,long,13.445341617597466,0.6722670808798733,time_exit
BNB,newyork,1.5,2026-07-10 00:00:00+00:00,long,18.883208850099027,0.931634301064468,take_profit
BNB,newyork,1.5,2026-07-12 12:25:00+00:00,short,25.756920443593067,1.2475156495441249,take_profit
BNB,newyork,1.5,2026-07-15 14:35:00+00:00,short,2.602481003832569,0.12298066060727347,time_exit
BNB,newyork,1.5,2026-07-16 06:20:00+00:00,short,22.88561557256115,1.0788100086948331,take_profit
BNB,newyork,1.5,2026-07-16 09:10:00+00:00,long,-27.276665730417733,-1.2586439236267075,stop_loss
BNB,newyork,1.5,2026-07-17 22:25:00+00:00,short,-31.664684507734464,-1.4988534215643725,stop_loss
BNB,newyork,1.5,2026-07-18 00:20:00+00:00,short,15.728948097509297,0.7675411641716312,take_profit
BNB,newyork,1.5,2026-07-18 02:40:00+00:00,short,-36.533429048554666,-1.7558051119856997,stop_loss
BNB,newyork,1.5,2026-07-18 04:30:00+00:00,short,-29.904005421552,-1.489498862216142,stop_loss
BNB,newyork,1.5,2026-07-19 22:45:00+00:00,short,-34.23718394379534,-1.7576932802000689,stop_loss
BNB,newyork,1.5,2026-07-20 01:30:00+00:00,short,17.955782936950094,0.9554134299119482,take_profit
BNB,newyork,1.5,2026-07-20 03:05:00+00:00,short,18.85648847564498,0.9845266801334381,take_profit
BNB,newyork,1.5,2026-07-20 07:20:00+00:00,long,21.19034940482466,1.0850166434775004,take_profit
BNB,newyork,1.5,2026-07-20 13:00:00+00:00,long,-24.224630508229673,-1.2140369611733777,stop_loss
BNB,newyork,1.5,2026-07-20 14:40:00+00:00,long,24.098208790896525,1.2377548369231275,take_profit
BNB,newyork,1.5,2026-07-22 00:10:00+00:00,long,-26.951629558920104,-1.3508739007191457,stop_loss
BNB,newyork,1.5,2026-07-25 03:05:00+00:00,short,10.904385630094577,0.5617278354334226,take_profit
BNB,newyork,1.5,2026-07-27 01:00:00+00:00,long,20.405963185077397,1.039513035776123,take_profit
BNB,newyork,1.5,2026-07-27 09:00:00+00:00,short,-25.672611808828936,-1.2811688689298397,stop_loss
BNB,newyork,1.5,2026-07-27 13:50:00+00:00,short,20.7985624879491,1.0652285231268332,take_profit
BNB,newyork,1.5,2026-07-27 15:05:00+00:00,short,-21.765903842030788,-1.0915179906908423,stop_loss
BNB,newyork,1.5,2026-07-27 20:15:00+00:00,short,13.052955263925568,0.669189105997922,take_profit
BNB,newyork,1.5,2026-07-28 09:00:00+00:00,long,3.323614293680155,0.16814218280050086,take_profit
BNB,newyork,1.5,2026-07-28 11:15:00+00:00,long,-28.797291847753876,-1.4519768647902462,stop_loss
BNB,newyork,1.5,2026-07-28 14:30:00+00:00,long,20.157336468478235,1.0467419943387035,take_profit
BNB,newyork,1.5,2026-07-29 21:10:00+00:00,long,21.480194417340623,1.0925634961627477,take_profit
BNB,newyork,1.5,2026-08-01 03:10:00+00:00,short,-29.34242336264212,-1.4605511406701426,stop_loss
BNB,newyork,1.5,2026-08-04 15:05:00+00:00,short,-28.951113785458336,-1.4844351484643912,stop_loss
BNB,newyork,1.5,2026-08-07 03:35:00+00:00,short,15.79734404933511,0.834774053332471,take_profit
BNB,newyork,1.5,2026-08-12 12:20:00+00:00,short,16.224671253398817,0.8432762666274043,take_profit
BNB,newyork,1.5,2026-08-12 13:10:00+00:00,short,16.71780252047109,0.8544952223587242,take_profit
BNB,newyork,1.5,2026-08-12 14:50:00+00:00,short,-7.192076517414389,-0.36143100366158765,time_exit
BNB,newyork,1.5,2026-08-13 11:00:00+00:00,long,-25.09508315083858,-1.2703122755312208,stop_loss
BNB,newyork,1.5,2026-08-13 22:10:00+00:00,short,7.65267604067269,0.39747659494156323,take_profit
BNB,newyork,1.5,2026-08-14 04:10:00+00:00,short,6.62114994777205,0.3411873083932503,take_profit
BNB,newyork,1.5,2026-08-17 10:05:00+00:00,long,-36.190065049142994,-1.852231894148303,stop_loss
BNB,newyork,1.5,2026-08-17 13:05:00+00:00,long,-2.8781046484062163,-0.1529700538385339,take_profit
BNB,newyork,1.5,2026-08-17 19:35:00+00:00,long,-34.928251417148616,-1.8621188684622045,stop_loss
BNB,newyork,1.5,2026-08-17 23:05:00+00:00,long,10.664658990621039,0.5905552892739332,take_profit
BNB,newyork,1.5,2026-08-19 00:10:00+00:00,short,-7.1982603726101,-0.39395054006373664,time_exit
BNB,newyork,2.0,2026-07-08 18:10:00+00:00,long,13.445341617597466,0.6722670808798733,time_exit
BNB,newyork,2.0,2026-07-10 00:00:00+00:00,long,29.01056814888409,1.4312843010644882,take_profit
BNB,newyork,2.0,2026-07-12 12:25:00+00:00,short,36.441457516901096,1.7478656495440787,take_profit
BNB,newyork,2.0,2026-07-15 14:35:00+00:00,short,2.6536702191191717,0.1229806606072735,time_exit
BNB,newyork,2.0,2026-07-16 06:20:00+00:00,short,34.1588429157256,1.5791600086947624,take_profit
BNB,newyork,2.0,2026-07-16 09:10:00+00:00,long,-28.085629230373655,-1.2586439236267077,stop_loss
BNB,newyork,2.0,2026-07-17 22:25:00+00:00,short,-32.60378660538607,-1.4988534215643723,stop_loss
BNB,newyork,2.0,2026-07-18 00:20:00+00:00,short,-36.59251623317327,-1.7342088358283663,stop_loss
BNB,newyork,2.0,2026-07-19 22:45:00+00:00,short,-35.80167922362996,-1.7576932802000689,stop_loss
BNB,newyork,2.0,2026-07-20 01:30:00+00:00,short,28.609427757279676,1.4557634299119737,take_profit
BNB,newyork,2.0,2026-07-20 03:05:00+00:00,short,30.031206088399053,1.4848766801334208,take_profit
BNB,newyork,2.0,2026-07-20 07:20:00+00:00,long,33.001218561916374,1.5846666434775079,take_profit
BNB,newyork,2.0,2026-07-20 13:00:00+00:00,long,-26.084024115033426,-1.2140369611733777,stop_loss
BNB,newyork,2.0,2026-07-20 14:40:00+00:00,long,36.42240241680608,1.7374048369231034,take_profit
BNB,newyork,2.0,2026-07-22 00:10:00+00:00,long,-29.303332263549798,-1.3508739007191457,stop_loss
BNB,newyork,2.0,2026-07-25 03:05:00+00:00,short,22.416282078807292,1.0620778354334317,take_profit
BNB,newyork,2.0,2026-07-27 01:00:00+00:00,long,33.175718796774305,1.5391630357761248,take_profit
BNB,newyork,2.0,2026-07-27 09:00:00+00:00,short,-28.464886129178993,-1.2811688689298397,stop_loss
BNB,newyork,2.0,2026-07-27 13:50:00+00:00,short,33.892592055580394,1.5655785231268544,take_profit
BNB,newyork,2.0,2026-07-27 15:05:00+00:00,short,-24.369730015967026,-1.0915179906908423,stop_loss
BNB,newyork,2.0,2026-07-27 20:15:00+00:00,short,25.54163808487217,1.169539105998031,take_profit
BNB,newyork,2.0,2026-07-28 09:00:00+00:00,long,12.833077130110809,0.5741895770673364,take_profit
BNB,newyork,2.0,2026-07-28 11:15:00+00:00,long,-32.82419803454245,-1.4519768647902462,stop_loss
BNB,newyork,2.0,2026-07-28 14:30:00+00:00,long,33.94341751919356,1.5463919943386981,take_profit
BNB,newyork,2.0,2026-07-29 21:10:00+00:00,long,36.03010618937321,1.5922134961627241,take_profit
BNB,newyork,2.0,2026-08-01 03:10:00+00:00,short,-34.103202692363055,-1.4605511406701428,stop_loss
BNB,newyork,2.0,2026-08-04 15:05:00+00:00,short,-33.64840352116877,-1.4844351484643914,stop_loss
BNB,newyork,2.0,2026-08-07 03:35:00+00:00,short,29.365401452637308,1.3351240533324362,take_profit
BNB,newyork,2.0,2026-08-12 12:20:00+00:00,short,30.341525975850058,1.3436262666273555,take_profit
BNB,newyork,2.0,2026-08-12 13:10:00+00:00,short,31.417031840534825,1.354845222358749,take_profit
BNB,newyork,2.0,2026-08-12 14:50:00+00:00,short,-8.60819887676858,-0.36143100366158765,time_exit
BNB,newyork,2.0,2026-08-13 11:00:00+00:00,long,-30.036313722246803,-1.2703122755312208,stop_loss
BNB,newyork,2.0,2026-08-13 22:10:00+00:00,short,20.278089321014328,0.8799687932554492,take_profit
BNB,newyork,2.0,2026-08-14 04:10:00+00:00,short,18.875018022542214,0.8049164111909587,take_profit
BNB,newyork,2.0,2026-08-17 10:05:00+00:00,long,-44.1334306276355,-1.8522318941483031,stop_loss
BNB,newyork,2.0,2026-08-17 13:05:00+00:00,long,3.350812263756403,0.1460399282150775,take_profit
BNB,newyork,2.0,2026-08-17 19:35:00+00:00,long,-42.850167509623816,-1.8621188684622043,stop_loss
BNB,newyork,2.0,2026-08-17 23:05:00+00:00,long,-42.26403571478345,-1.9076947107260467,stop_loss
BNB,newyork,2.0,2026-08-19 00:10:00+00:00,short,-8.394781181319907,-0.39395054006373664,time_exit
BNB,newyork,2.3,2026-07-08 18:10:00+00:00,long,13.445341617597466,0.6722670808798733,time_exit
BNB,newyork,2.3,2026-07-10 00:00:00+00:00,long,35.08698372815577,1.7310743010645322,take_profit
BNB,newyork,2.3,2026-07-12 12:25:00+00:00,short,42.94947046600965,2.048075649544094,take_profit
BNB,newyork,2.3,2026-07-15 14:35:00+00:00,short,2.684623045794876,0.1229806606072735,time_exit
BNB,newyork,2.3,2026-07-16 06:20:00+00:00,short,41.12687104243829,1.8793700086948255,take_profit
BNB,newyork,2.3,2026-07-16 09:10:00+00:00,long,-28.578600017336086,-1.2586439236267075,stop_loss
BNB,newyork,2.3,2026-07-17 22:25:00+00:00,short,-33.176061992523564,-1.4988534215643723,stop_loss
BNB,newyork,2.3,2026-07-18 00:20:00+00:00,short,-37.2348034818027,-1.734208835828366,stop_loss
BNB,newyork,2.3,2026-07-19 22:45:00+00:00,short,-36.43008536816321,-1.7576932802000687,stop_loss
BNB,newyork,2.3,2026-07-20 01:30:00+00:00,short,35.11503438042649,1.75597342991202,take_profit
BNB,newyork,2.3,2026-07-20 03:05:00+00:00,short,36.95089347041419,1.7850866801333956,take_profit
BNB,newyork,2.3,2026-07-20 07:20:00+00:00,long,40.400476533597015,1.884456643477524,take_profit
BNB,newyork,2.3,2026-07-20 13:00:00+00:00,long,-27.008440950287415,-1.2140369611733777,stop_loss
BNB,newyork,2.3,2026-07-20 14:40:00+00:00,long,44.22064281259364,2.037194836923134,take_profit
BNB,newyork,2.3,2026-07-22 00:10:00+00:00,long,-30.51765565488388,-1.350873900719146,stop_loss
BNB,newyork,2.3,2026-07-25 03:05:00+00:00,short,29.944031768100977,1.3622878354334098,take_profit
BNB,newyork,2.3,2026-07-27 01:00:00+00:00,long,41.522776940909324,1.8389530357761652,take_profit
BNB,newyork,2.3,2026-07-27 09:00:00+00:00,short,-29.992201614205488,-1.2811688689298395,stop_loss
BNB,newyork,2.3,2026-07-27 13:50:00+00:00,short,42.558983127047654,1.8657885231268303,take_profit
BNB,newyork,2.3,2026-07-27 15:05:00+00:00,short,-25.826806233523637,-1.091517990690842,stop_loss
BNB,newyork,2.3,2026-07-27 20:15:00+00:00,short,34.01709242554723,1.4697491059980257,take_profit
BNB,newyork,2.3,2026-07-28 09:00:00+00:00,long,19.484654284008826,0.8178180136275282,take_profit
BNB,newyork,2.3,2026-07-28 11:15:00+00:00,long,-35.159422902413546,-1.451976864790246,stop_loss
BNB,newyork,2.3,2026-07-28 14:30:00+00:00,long,43.40683279293984,1.8461819943387199,take_profit
BNB,newyork,2.3,2026-07-29 21:10:00+00:00,long,46.12669068333438,1.892003496162757,take_profit
BNB,newyork,2.3,2026-08-01 03:10:00+00:00,short,-36.95537092255131,-1.4605511406701426,stop_loss
BNB,newyork,2.3,2026-08-04 15:05:00+00:00,short,-36.462535331173925,-1.4844351484643912,stop_loss
BNB,newyork,2.3,2026-08-07 03:35:00+00:00,short,38.97653268227114,1.6353340533324339,take_profit
BNB,newyork,2.3,2026-08-12 12:20:00+00:00,short,40.4605950938184,1.6438362666274131,take_profit
BNB,newyork,2.3,2026-08-12 13:10:00+00:00,short,42.07602345747026,1.6550552223588155,take_profit
BNB,newyork,2.3,2026-08-12 14:50:00+00:00,short,-9.492714714166448,-0.36143100366158765,time_exit
BNB,newyork,2.3,2026-08-13 11:00:00+00:00,long,-33.122626615885636,-1.2703122755312206,stop_loss
BNB,newyork,2.3,2026-08-13 22:10:00+00:00,short,-51.2046716374819,-2.014984396627866,stop_loss
BNB,newyork,2.3,2026-08-14 04:10:00+00:00,short,26.41579532478756,1.0831538728695838,take_profit
BNB,newyork,2.3,2026-08-17 10:05:00+00:00,long,-46.15051913215892,-1.852231894148303,stop_loss
BNB,newyork,2.3,2026-08-17 13:05:00+00:00,long,7.808474856345786,0.3254459174474419,take_profit
BNB,newyork,2.3,2026-08-17 19:35:00+00:00,long,-44.96891575291285,-1.8621188684622043,stop_loss
BNB,newyork,2.3,2026-08-17 23:05:00+00:00,long,-44.353802374502834,-1.9076947107260471,stop_loss
BNB,newyork,2.3,2026-08-19 00:10:00+00:00,short,-8.809865390190797,-0.39395054006373664,time_exit
BNB,prevday,1.0,2026-07-08 18:10:00+00:00,long,13.445341617597466,0.6722670808798733,time_exit
BNB,prevday,1.0,2026-07-10 04:15:00+00:00,short,-29.368392814373152,-1.4489381720131636,stop_loss
BNB,prevday,1.0,2026-07-10 06:00:00+00:00,short,2.7626199659912274,0.1403660541663414,take_profit
BNB,prevday,1.0,2026-07-10 08:35:00+00:00,short,9.407199492721048,0.4766326660600816,take_profit
BNB,prevday,1.0,2026-07-10 17:05:00+00:00,short,10.844454537195938,0.5442654813382881,take_profit
BNB,prevday,1.0,2026-07-12 01:00:00+00:00,long,8.896281626387157,0.44168201573938,take_profit
BNB,prevday,1.0,2026-07-12 02:35:00+00:00,long,4.7153668165679505,0.23205830760852758,take_profit
BNB,prevday,1.0,2026-07-12 12:25:00+00:00,short,15.252682475662453,0.7471656495441004,take_profit
BNB,prevday,1.0,2026-07-12 23:30:00+00:00,long,11.484875404677343,0.5543131345481661,take_profit
BNB,prevday,1.0,2026-07-15 14:35:00+00:00,short,17.136654902959677,0.8180252750658674,take_profit
BNB,prevday,1.0,2026-07-16 05:35:00+00:00,short,10.895013165372465,0.5117061661789749,take_profit
BNB,prevday,1.0,2026-07-16 09:10:00+00:00,long,15.916042265724606,0.7399560763732921,take_profit
BNB,prevday,1.0,2026-07-20 00:00:00+00:00,short,17.732161322698584,0.8123673275178377,take_profit
BNB,prevday,1.0,2026-07-20 07:20:00+00:00,long,12.984840553597152,0.5853666434774929,take_profit
BNB,prevday,1.0,2026-07-20 10:45:00+00:00,long,12.085967568164456,0.5385398891323746,take_profit
BNB,prevday,1.0,2026-07-20 13:00:00+00:00,long,-27.53899854479932,-1.2140369611733777,stop_loss
BNB,prevday,1.0,2026-07-20 14:40:00+00:00,long,16.336505508900856,0.7381048369231142,take_profit
BNB,prevday,1.0,2026-07-23 12:20:00+00:00,long,-27.363834491991796,-1.2183487038696845,stop_loss
BNB,prevday,1.0,2026-07-23 15:35:00+00:00,long,16.56962835041412,0.7561725798885638,take_profit
BNB,prevday,1.0,2026-07-27 13:50:00+00:00,short,12.565094711889788,0.5648785231268121,take_profit
BNB,prevday,1.0,2026-07-28 09:00:00+00:00,long,-5.351722955029274,-0.23790521146633467,take_profit
BNB,prevday,1.0,2026-07-28 13:05:00+00:00,long,19.0487107982648,0.8508387699911455,take_profit
BNB,prevday,1.0,2026-07-30 03:30:00+00:00,short,7.996126972541212,0.3511828087754655,take_profit
BNB,prevday,1.0,2026-08-04 15:05:00+00:00,short,11.853514162075307,0.5169648515356023,take_profit
BNB,prevday,1.0,2026-08-04 18:55:00+00:00,short,8.220183733163264,0.35483640706195,take_profit
BNB,prevday,1.0,2026-08-04 21:10:00+00:00,short,-35.79120336676901,-1.5340932665078484,stop_loss
BNB,prevday,1.0,2026-08-06 13:35:00+00:00,long,-32.04686241414524,-1.417080889397037,stop_loss
BNB,prevday,1.0,2026-08-08 08:15:00+00:00,short,-32.26583673480247,-1.4683799837989624,stop_loss
BNB,prevday,1.0,2026-08-10 14:10:00+00:00,long,-29.90480863742225,-1.4021089686013133,stop_loss
BNB,prevday,1.0,2026-08-10 19:15:00+00:00,long,-31.280415032746205,-1.5089186547281075,stop_loss
BNB,prevday,1.0,2026-08-13 11:00:00+00:00,long,-25.539302869952607,-1.2703122755312206,stop_loss
BNB,prevday,1.0,2026-08-15 12:45:00+00:00,short,12.615890070587035,0.643866350226386,take_profit
BNB,prevday,1.0,2026-08-18 11:35:00+00:00,long,-28.549065237293068,-1.4385099686007548,stop_loss
BNB,prevday,1.0,2026-08-18 14:15:00+00:00,long,11.453567074615933,0.5942097132747562,take_profit
BNB,prevday,1.5,2026-07-08 18:10:00+00:00,long,13.445341617597466,0.6722670808798733,time_exit
BNB,prevday,1.5,2026-07-10 04:15:00+00:00,short,-29.368392814373152,-1.4489381720131636,stop_loss
BNB,prevday,1.5,2026-07-10 06:00:00+00:00,short,12.610277992667019,0.6407160541664392,take_profit
BNB,prevday,1.5,2026-07-10 08:35:00+00:00,short,19.474922881261733,0.9769826660600891,take_profit
BNB,prevday,1.5,2026-07-10 17:05:00+00:00,short,21.229974262054533,1.0446154813382662,take_profit
BNB,prevday,1.5,2026-07-12 01:00:00+00:00,long,19.530608382796295,0.9413320157393451,take_profit
BNB,prevday,1.5,2026-07-12 02:35:00+00:00,long,15.467182874807873,0.7317083076086027,take_profit
BNB,prevday,1.5,2026-07-12 12:25:00+00:00,short,26.756464032426397,1.247515649544125,take_profit
BNB,prevday,1.5,2026-07-12 23:30:00+00:00,long,23.169195263594506,1.0539631345481753,take_profit
BNB,prevday,1.5,2026-07-15 14:35:00+00:00,short,2.7604622152192047,0.12298066060727349,time_exit
BNB,prevday,1.5,2026-07-16 05:35:00+00:00,short,22.772802807412376,1.0120561661790035,take_profit
BNB,prevday,1.5,2026-07-16 09:10:00+00:00,long,-28.894659341962132,-1.2586439236267075,stop_loss
BNB,prevday,1.5,2026-07-20 00:00:00+00:00,short,29.377410820245373,1.312717327517834,take_profit
BNB,prevday,1.5,2026-07-20 07:20:00+00:00,long,24.919177769184273,1.0850166434775004,take_profit
BNB,prevday,1.5,2026-07-20 13:00:00+00:00,long,-28.48739596006557,-1.2140369611733774,stop_loss
BNB,prevday,1.5,2026-07-20 14:40:00+00:00,long,28.338728036383614,1.2377548369231275,take_profit
BNB,prevday,1.5,2026-07-23 12:20:00+00:00,long,-28.58494848128607,-1.2183487038696843,stop_loss
BNB,prevday,1.5,2026-07-23 15:35:00+00:00,long,15.754070364951914,0.6882409028337836,time_exit
BNB,prevday,1.5,2026-07-27 13:50:00+00:00,short,24.719080020153918,1.065228523126833,take_profit
BNB,prevday,1.5,2026-07-28 09:00:00+00:00,long,3.984937122012923,0.16814218280050097,take_profit
BNB,prevday,1.5,2026-07-28 13:05:00+00:00,long,10.031347565208568,0.42184846365458645,time_exit
BNB,prevday,1.5,2026-07-30 03:30:00+00:00,short,20.419868942696105,0.8515328087754688,take_profit
BNB,prevday,1.5,2026-08-04 15:05:00+00:00,short,-36.20318985614884,-1.4844351484643914,stop_loss
BNB,prevday,1.5,2026-08-06 13:35:00+00:00,long,-33.53446157741897,-1.417080889397037,stop_loss
BNB,prevday,1.5,2026-08-08 08:15:00+00:00,short,-33.76360057541585,-1.4683799837989622,stop_loss
BNB,prevday,1.5,2026-08-10 14:10:00+00:00,long,-31.29297474654045,-1.4021089686013133,stop_loss
BNB,prevday,1.5,2026-08-10 19:15:00+00:00,long,-32.732436095782596,-1.5089186547281075,stop_loss
BNB,prevday,1.5,2026-08-13 11:00:00+00:00,long,-26.72482440678694,-1.2703122755312208,stop_loss
BNB,prevday,1.5,2026-08-15 12:45:00+00:00,short,23.460439230081533,1.1442163502263718,take_profit
BNB,prevday,1.5,2026-08-18 11:35:00+00:00,long,-30.169449766639392,-1.4385099686007548,stop_loss
BNB,prevday,1.5,2026-08-18 14:15:00+00:00,long,2.0237802490887633,0.09935433933961493,time_exit
BNB,prevday,2.0,2026-07-08 18:10:00+00:00,long,13.445341617597466,0.6722670808798733,time_exit
BNB,prevday,2.0,2026-07-10 04:15:00+00:00,short,-29.368392814373152,-1.4489381720131636,stop_loss
BNB,prevday,2.0,2026-07-10 06:00:00+00:00,short,22.457936019338042,1.1410660541662947,take_profit
BNB,prevday,2.0,2026-07-10 08:35:00+00:00,short,29.739737297546682,1.477332666060023,take_profit
BNB,prevday,2.0,2026-07-10 17:05:00+00:00,short,32.020170407249374,1.5449654813383091,take_profit
BNB,prevday,2.0,2026-07-12 01:00:00+00:00,long,30.78787167079932,1.4409820157393893,take_profit
BNB,prevday,2.0,2026-07-12 12:25:00+00:00,short,38.420976695227004,1.7478656495440787,take_profit
BNB,prevday,2.0,2026-07-12 23:30:00+00:00,long,35.34481194176545,1.5536131345481214,take_profit
BNB,prevday,2.0,2026-07-15 14:35:00+00:00,short,2.8847535504377086,0.12298066060727347,time_exit
BNB,prevday,2.0,2026-07-16 05:35:00+00:00,short,35.56372302237856,1.5124061661789638,take_profit
BNB,prevday,2.0,2026-07-16 09:10:00+00:00,long,-30.491830398140525,-1.2586439236267075,stop_loss
BNB,prevday,2.0,2026-07-20 00:00:00+00:00,short,-4.001464928577752,-0.16943799327819695,time_exit
BNB,prevday,2.0,2026-07-20 13:00:00+00:00,long,-28.573662156355724,-1.2140369611733774,stop_loss
BNB,prevday,2.0,2026-07-20 14:40:00+00:00,long,39.89880614244776,1.7374048369231037,take_profit
BNB,prevday,2.0,2026-07-23 12:20:00+00:00,long,-28.951103135772318,-1.2183487038696843,stop_loss
BNB,prevday,2.0,2026-07-23 15:35:00+00:00,long,15.955869790793368,0.6882409028337836,time_exit
BNB,prevday,2.0,2026-07-27 13:50:00+00:00,short,36.795276788465195,1.5655785231268546,take_profit
BNB,prevday,2.0,2026-07-28 09:00:00+00:00,long,13.917537949180343,0.5741895770673368,take_profit
BNB,prevday,2.0,2026-07-28 13:05:00+00:00,long,10.342428068295433,0.4218484636545864,time_exit
BNB,prevday,2.0,2026-07-30 03:30:00+00:00,short,33.42364740521013,1.3518828087754724,take_profit
BNB,prevday,2.0,2026-08-04 15:05:00+00:00,short,-37.69314646685531,-1.4844351484643912,stop_loss
BNB,prevday,2.0,2026-08-06 13:35:00+00:00,long,-34.914585619313904,-1.4170808893970368,stop_loss
BNB,prevday,2.0,2026-08-08 08:15:00+00:00,short,-35.153154923485275,-1.4683799837989624,stop_loss
BNB,prevday,2.0,2026-08-10 14:10:00+00:00,long,-32.580849510547196,-1.4021089686013133,stop_loss
BNB,prevday,2.0,2026-08-10 19:15:00+00:00,long,-34.07955246147367,-1.5089186547281077,stop_loss
BNB,prevday,2.0,2026-08-13 11:00:00+00:00,long,-27.824695135114464,-1.2703122755312206,stop_loss
BNB,prevday,2.0,2026-08-15 12:45:00+00:00,short,27.860800889898073,1.3051188215902643,time_exit
BNB,prevday,2.0,2026-08-18 11:35:00+00:00,long,-31.509906389263627,-1.4385099686007548,stop_loss
BNB,prevday,2.0,2026-08-18 14:15:00+00:00,long,2.1136986817618997,0.0993543393396149,time_exit
BNB,prevday,2.3,2026-07-08 18:10:00+00:00,long,13.445341617597466,0.6722670808798733,time_exit
BNB,prevday,2.3,2026-07-10 04:15:00+00:00,short,-29.368392814373152,-1.4489381720131636,stop_loss
BNB,prevday,2.3,2026-07-10 06:00:00+00:00,short,28.366530835343518,1.4412760541663534,take_profit
BNB,prevday,2.3,2026-07-10 08:35:00+00:00,short,35.993229640637814,1.7775426660600864,take_profit
BNB,prevday,2.3,2026-07-10 17:05:00+00:00,short,8.694878180950262,0.4146591827621117,time_exit
BNB,prevday,2.3,2026-07-12 01:00:00+00:00,long,36.80450168809548,1.7407720157393682,take_profit
BNB,prevday,2.3,2026-07-12 12:25:00+00:00,short,44.809277326840615,2.0480756495440935,take_profit
BNB,prevday,2.3,2026-07-12 23:30:00+00:00,long,42.2110846335427,1.8534031345481652,take_profit
BNB,prevday,2.3,2026-07-15 14:35:00+00:00,short,2.904696090115224,0.1229806606072735,time_exit
BNB,prevday,2.3,2026-07-16 05:35:00+00:00,short,42.91771707847137,1.812616166178913,take_profit
BNB,prevday,2.3,2026-07-16 09:10:00+00:00,long,-30.881555263123975,-1.2586439236267077,stop_loss
BNB,prevday,2.3,2026-07-20 00:00:00+00:00,short,-4.05260880412289,-0.16943799327819697,time_exit
BNB,prevday,2.3,2026-07-20 13:00:00+00:00,long,-28.938870360670258,-1.2140369611733777,stop_loss
BNB,prevday,2.3,2026-07-20 14:40:00+00:00,long,47.381315047936305,2.037194836923134,take_profit
BNB,prevday,2.3,2026-07-23 12:20:00+00:00,long,-29.491035485913887,-1.2183487038696845,stop_loss
BNB,prevday,2.3,2026-07-23 15:35:00+00:00,long,16.253443608077415,0.6882409028337836,time_exit
BNB,prevday,2.3,2026-07-27 13:50:00+00:00,short,44.668826352754124,1.86578852312683,take_profit
BNB,prevday,2.3,2026-07-28 09:00:00+00:00,long,20.309993170058647,0.8178180136275284,take_profit
BNB,prevday,2.3,2026-07-28 13:05:00+00:00,long,10.647694600908645,0.42184846365458645,time_exit
BNB,prevday,2.3,2026-07-30 03:30:00+00:00,short,-42.003838497192646,-1.6502171912245478,stop_loss
BNB,prevday,2.3,2026-08-04 15:05:00+00:00,short,-36.537062248820575,-1.4844351484643914,stop_loss
BNB,prevday,2.3,2026-08-06 13:35:00+00:00,long,-33.84372247316597,-1.4170808893970368,stop_loss
BNB,prevday,2.3,2026-08-08 08:15:00+00:00,short,-34.07497463262237,-1.4683799837989622,stop_loss
BNB,prevday,2.3,2026-08-10 14:10:00+00:00,long,-31.581564243597416,-1.4021089686013135,stop_loss
BNB,prevday,2.3,2026-08-10 19:15:00+00:00,long,-33.0343005668609,-1.5089186547281073,stop_loss
BNB,prevday,2.3,2026-08-13 11:00:00+00:00,long,-26.97128559166816,-1.2703122755312208,stop_loss
BNB,prevday,2.3,2026-08-15 12:45:00+00:00,short,27.006283949028145,1.3051188215902643,time_exit
BNB,prevday,2.3,2026-08-18 11:35:00+00:00,long,-30.543467954085187,-1.4385099686007548,stop_loss
BNB,prevday,2.3,2026-08-18 14:15:00+00:00,long,2.048869557193738,0.09935433933961493,time_exit
AAPL/USD,asia,1.0,2026-07-11 01:35:00+00:00,short,11.809487104356489,0.5904743552178244,take_profit
AAPL/USD,asia,1.0,2026-07-11 23:10:00+00:00,long,-34.919514988465224,-1.7255973300072287,stop_loss
AAPL/USD,asia,1.0,2026-07-12 16:20:00+00:00,short,4.373584508454638,0.2238524620629327,take_profit
AAPL/USD,asia,1.0,2026-07-12 23:25:00+00:00,long,-2.443124474180401,-0.12448869917196441,take_profit
AAPL/USD,asia,1.0,2026-07-13 00:45:00+00:00,long,6.255638582083899,0.3195498569815404,take_profit
AAPL/USD,asia,1.0,2026-07-14 11:35:00+00:00,long,12.371257840850898,0.6279341366832113,take_profit
AAPL/USD,asia,1.0,2026-07-16 13:00:00+00:00,long,15.012264428513742,0.7525341939603747,take_profit
AAPL/USD,asia,1.0,2026-07-18 08:10:00+00:00,short,11.406810433694524,0.5633217618037,take_profit
AAPL/USD,asia,1.0,2026-07-18 15:00:00+00:00,short,-6.3517281614780625,-0.3101834448403886,time_exit
AAPL/USD,asia,1.0,2026-07-19 14:25:00+00:00,short,3.587745263889772,0.17629943582505328,take_profit
AAPL/USD,asia,1.0,2026-07-19 17:40:00+00:00,short,5.908280849231829,0.28930892388446616,take_profit
AAPL/USD,asia,1.0,2026-07-22 06:00:00+00:00,short,0.674525028507615,0.032839240506291015,take_profit
AAPL/USD,asia,1.0,2026-07-22 07:10:00+00:00,short,-33.92941679621719,-1.6507689282720424,stop_loss
AAPL/USD,asia,1.0,2026-07-22 13:10:00+00:00,short,14.311739583816802,0.7200833165091304,take_profit
AAPL/USD,asia,1.0,2026-07-22 17:40:00+00:00,long,6.924084733206456,0.3434335694408762,take_profit
AAPL/USD,asia,1.0,2026-07-23 07:10:00+00:00,long,-29.58711109679654,-1.4575051708581077,stop_loss
AAPL/USD,asia,1.0,2026-07-26 08:10:00+00:00,long,-1.7666488015992972,-0.08964079018577324,take_profit
AAPL/USD,asia,1.0,2026-07-27 10:15:00+00:00,long,-0.9152536497460595,-0.04652391260560705,take_profit
AAPL/USD,asia,1.0,2026-07-27 11:35:00+00:00,long,7.6587621171386004,0.3896705926090208,take_profit
AAPL/USD,asia,1.0,2026-07-27 13:00:00+00:00,long,10.206690627331454,0.5152909176014938,take_profit
AAPL/USD,asia,1.0,2026-07-28 03:25:00+00:00,short,7.3854018451835515,0.36905306206887334,take_profit
AAPL/USD,asia,1.0,2026-07-28 09:05:00+00:00,short,-39.91487119521696,-1.9799564267351855,stop_loss
AAPL/USD,asia,1.0,2026-07-28 11:20:00+00:00,short,-32.31712847757346,-1.6691721116520517,stop_loss
AAPL/USD,asia,1.0,2026-07-29 10:10:00+00:00,long,-1.9063784257272083,-0.10186458952809914,take_profit
AAPL/USD,asia,1.0,2026-07-29 13:05:00+00:00,long,3.6196490219162882,0.1938055784159658,take_profit
AAPL/USD,asia,1.0,2026-07-29 15:20:00+00:00,long,5.202378222522633,0.27747356580511956,take_profit
AAPL/USD,asia,1.0,2026-07-29 18:20:00+00:00,short,12.306117086888628,0.6527355902777741,take_profit
AAPL/USD,asia,1.0,2026-08-01 11:00:00+00:00,short,-30.473705861060523,-1.595543396122223,stop_loss
AAPL/USD,asia,1.0,2026-08-02 18:10:00+00:00,short,4.513302679830824,0.2440970128517709,take_profit
AAPL/USD,asia,1.0,2026-08-02 21:15:00+00:00,short,-25.12747279928017,-1.3523894530064993,stop_loss
AAPL/USD,asia,1.0,2026-08-02 22:15:00+00:00,short,11.161834907644494,0.6174432525220607,take_profit
AAPL/USD,asia,1.0,2026-08-03 08:20:00+00:00,long,1.6223648167597151,0.08865021097041373,take_profit
AAPL/USD,asia,1.0,2026-08-07 09:10:00+00:00,long,-3.1295604953445313,-0.1707046222498063,take_profit
AAPL/USD,asia,1.0,2026-08-07 11:00:00+00:00,long,5.290012782185043,0.289536892951701,take_profit
AAPL/USD,asia,1.0,2026-08-07 13:00:00+00:00,short,-23.182482309028455,-1.2615355496189478,stop_loss
AAPL/USD,asia,1.0,2026-08-07 15:15:00+00:00,short,11.914424712589717,0.665136522750266,take_profit
AAPL/USD,asia,1.0,2026-08-09 06:50:00+00:00,short,0.34813936946587276,0.01918013430338999,take_profit
AAPL/USD,asia,1.0,2026-08-09 11:00:00+00:00,long,3.8589087042114425,0.2125183546295908,take_profit
AAPL/USD,asia,1.0,2026-08-10 00:20:00+00:00,short,-24.405545655407245,-1.3383769970354205,stop_loss
AAPL/USD,asia,1.0,2026-08-10 10:10:00+00:00,short,-6.033716898380474,-0.3399838483951872,take_profit
AAPL/USD,asia,1.0,2026-08-11 13:05:00+00:00,short,14.174344858773885,0.8041545044542162,take_profit
AAPL/USD,asia,1.0,2026-08-12 12:15:00+00:00,short,9.058181256522724,0.5057644353791625,take_profit
AAPL/USD,asia,1.0,2026-08-13 08:25:00+00:00,short,-33.43294553326368,-1.8480383386772836,stop_loss
AAPL/USD,asia,1.0,2026-08-13 15:35:00+00:00,short,-13.451177527122619,-0.7720628580700465,time_exit
AAPL/USD,asia,1.0,2026-08-14 15:30:00+00:00,long,-4.402240829208976,-0.2566401024887649,time_exit
AAPL/USD,asia,1.0,2026-08-16 05:20:00+00:00,long,-7.341674566329397,-0.43021023708671824,take_profit
AAPL/USD,asia,1.0,2026-08-18 00:00:00+00:00,long,-4.37613566050044,-0.25866002478085837,take_profit
AAPL/USD,asia,1.0,2026-08-18 06:10:00+00:00,long,-1.878116162435333,-0.11158697695148616,take_profit
AAPL/USD,asia,1.0,2026-08-19 11:10:00+00:00,long,0.3907940636894711,0.023270693994770084,take_profit
AAPL/USD,asia,1.0,2026-08-19 12:35:00+00:00,long,-2.4199982539499807,-0.14403709384972913,take_profit
AAPL/USD,asia,1.0,2026-08-20 08:20:00+00:00,long,9.225902876876878,0.5507076023687368,take_profit
AAPL/USD,asia,1.0,2026-08-20 16:45:00+00:00,short,7.647238484646159,0.4515019109894078,take_profit
AAPL/USD,asia,1.0,2026-08-21 11:00:00+00:00,short,-26.251372958248492,-1.5360412744587977,stop_loss
AAPL/USD,asia,1.5,2026-07-11 01:35:00+00:00,short,1.2599945292611547,0.06299972646305774,time_exit
AAPL/USD,asia,1.5,2026-07-11 23:10:00+00:00,long,-34.555431464054905,-1.7255973300072285,stop_loss
AAPL/USD,asia,1.5,2026-07-12 16:20:00+00:00,short,14.00179649318584,0.7242024620629307,take_profit
AAPL/USD,asia,1.5,2026-07-12 23:25:00+00:00,long,6.634811006229288,0.33826695124200656,take_profit
AAPL/USD,asia,1.5,2026-07-13 00:45:00+00:00,long,16.17659491437013,0.8191998569815223,take_profit
AAPL/USD,asia,1.5,2026-07-14 11:35:00+00:00,long,-27.50975088747976,-1.37066586331678,stop_loss
AAPL/USD,asia,1.5,2026-07-16 13:00:00+00:00,long,24.44283618100362,1.252184193960419,take_profit
AAPL/USD,asia,1.5,2026-07-18 08:10:00+00:00,short,-28.774531937619052,-1.4380782381963242,stop_loss
AAPL/USD,asia,1.5,2026-07-18 15:00:00+00:00,short,-6.027958156920718,-0.31018344484038857,time_exit
AAPL/USD,asia,1.5,2026-07-19 14:25:00+00:00,short,13.068108369161948,0.6766494358250094,take_profit
AAPL/USD,asia,1.5,2026-07-19 17:40:00+00:00,short,-33.51303465405782,-1.7120910761155153,stop_loss
AAPL/USD,asia,1.5,2026-07-22 06:00:00+00:00,short,10.079446026159667,0.5331892405062904,take_profit
AAPL/USD,asia,1.5,2026-07-22 07:10:00+00:00,short,-31.53902593412594,-1.6507689282720424,stop_loss
AAPL/USD,asia,1.5,2026-07-22 13:10:00+00:00,short,22.547355518683958,1.2204333165091341,take_profit
AAPL/USD,asia,1.5,2026-07-22 17:40:00+00:00,long,15.956051421211455,0.8430835694409243,take_profit
AAPL/USD,asia,1.5,2026-07-23 07:10:00+00:00,long,-28.049607183420076,-1.457505170858108,stop_loss
AAPL/USD,asia,1.5,2026-07-26 08:10:00+00:00,long,7.296808892057234,0.3905388147212281,take_profit
AAPL/USD,asia,1.5,2026-07-27 10:15:00+00:00,long,8.532314047664165,0.45312608739436616,take_profit
AAPL/USD,asia,1.5,2026-07-27 11:35:00+00:00,long,16.897567529546205,0.8893205926090095,take_profit
AAPL/USD,asia,1.5,2026-07-28 03:25:00+00:00,short,-31.567119865997338,-1.6323469379311675,stop_loss
AAPL/USD,asia,1.5,2026-07-28 09:05:00+00:00,short,-37.039330972495335,-1.979956426735186,stop_loss
AAPL/USD,asia,1.5,2026-07-28 11:20:00+00:00,short,-29.988943516995143,-1.669172111652052,stop_loss
AAPL/USD,asia,1.5,2026-07-29 10:10:00+00:00,long,6.46389481563115,0.3722031157078067,take_profit
AAPL/USD,asia,1.5,2026-07-29 13:05:00+00:00,long,12.132599568843343,0.6934555784159238,take_profit
AAPL/USD,asia,1.5,2026-07-29 15:20:00+00:00,long,13.785013284389482,0.7771235658050696,take_profit
AAPL/USD,asia,1.5,2026-07-29 18:20:00+00:00,short,20.77192500320452,1.1530855902777624,take_profit
AAPL/USD,asia,1.5,2026-08-01 11:00:00+00:00,short,-29.405302617647912,-1.5955433961222227,stop_loss
AAPL/USD,asia,1.5,2026-08-02 18:10:00+00:00,short,-31.352994363412307,-1.7573029871482537,stop_loss
AAPL/USD,asia,1.5,2026-08-02 22:15:00+00:00,short,19.242231513316483,1.1177932525220218,take_profit
AAPL/USD,asia,1.5,2026-08-03 08:20:00+00:00,long,10.353687405344523,0.5883002109704143,take_profit
AAPL/USD,asia,1.5,2026-08-07 09:10:00+00:00,long,4.788907848263786,0.2689430666253446,take_profit
AAPL/USD,asia,1.5,2026-08-07 11:00:00+00:00,long,14.128164435128916,0.7891868929516354,take_profit
AAPL/USD,asia,1.5,2026-08-07 13:00:00+00:00,short,-22.940697919610493,-1.261535549618948,stop_loss
AAPL/USD,asia,1.5,2026-08-07 15:15:00+00:00,short,-6.219559959686865,-0.35087359627920695,time_exit
AAPL/USD,asia,1.5,2026-08-09 06:50:00+00:00,short,9.144528563282847,0.5195301343033857,take_profit
AAPL/USD,asia,1.5,2026-08-09 11:00:00+00:00,long,12.665506085170541,0.7121683546295812,take_profit
AAPL/USD,asia,1.5,2026-08-10 00:20:00+00:00,short,-24.141292386915605,-1.3383769970354205,stop_loss
AAPL/USD,asia,1.5,2026-08-10 10:10:00+00:00,short,0.2637489784730942,0.01502422740726269,take_profit
AAPL/USD,asia,1.5,2026-08-11 13:05:00+00:00,short,22.907342012847757,1.304504504454237,take_profit
AAPL/USD,asia,1.5,2026-08-12 12:15:00+00:00,short,18.12850498552814,1.006114435379103,take_profit
AAPL/USD,asia,1.5,2026-08-13 08:25:00+00:00,short,-33.96861372468808,-1.848038338677284,stop_loss
AAPL/USD,asia,1.5,2026-08-13 15:35:00+00:00,short,-13.666694521618766,-0.7720628580700466,time_exit
AAPL/USD,asia,1.5,2026-08-14 15:30:00+00:00,long,-4.472774260995618,-0.25664010248876484,time_exit
AAPL/USD,asia,1.5,2026-08-16 05:20:00+00:00,long,-2.0861168499904377,-0.12031535563000828,take_profit
AAPL/USD,asia,1.5,2026-08-18 00:00:00+00:00,long,2.3698639528450016,0.13700996282872413,take_profit
AAPL/USD,asia,1.5,2026-08-18 06:10:00+00:00,long,6.20270213616099,0.3576195345727376,take_profit
AAPL/USD,asia,1.5,2026-08-19 11:10:00+00:00,long,9.134624709977114,0.5229206939947998,take_profit
AAPL/USD,asia,1.5,2026-08-19 12:35:00+00:00,long,5.453227236742563,0.3089443592253602,take_profit
AAPL/USD,asia,1.5,2026-08-20 08:20:00+00:00,long,18.654590001437917,1.0503576023687597,take_profit
AAPL/USD,asia,1.5,2026-08-20 16:45:00+00:00,short,17.260234652794107,0.9518519109894018,take_profit
AAPL/USD,asia,1.5,2026-08-21 11:00:00+00:00,short,-28.383775583960738,-1.536041274458798,stop_loss
AAPL/USD,asia,2.0,2026-07-11 01:35:00+00:00,short,1.2599945292611547,0.06299972646305774,time_exit
AAPL/USD,asia,2.0,2026-07-11 23:10:00+00:00,long,-34.555431464054905,-1.7255973300072285,stop_loss
AAPL/USD,asia,2.0,2026-07-12 16:20:00+00:00,short,23.67560905577932,1.2245524620629287,take_profit
AAPL/USD,asia,2.0,2026-07-12 23:25:00+00:00,long,15.866338042016936,0.8010226016559776,take_profit
AAPL/USD,asia,2.0,2026-07-13 00:45:00+00:00,long,26.541761320332274,1.3188498569815044,take_profit
AAPL/USD,asia,2.0,2026-07-14 11:35:00+00:00,long,-28.312152555123,-1.37066586331678,stop_loss
AAPL/USD,asia,2.0,2026-07-16 13:00:00+00:00,long,35.193512243101544,1.7518341939604027,take_profit
AAPL/USD,asia,2.0,2026-07-18 08:10:00+00:00,short,-29.90252543002129,-1.4380782381963242,stop_loss
AAPL/USD,asia,2.0,2026-07-18 15:00:00+00:00,short,-6.264260786906859,-0.3101834448403886,time_exit
AAPL/USD,asia,2.0,2026-07-19 14:25:00+00:00,short,-36.62987216954873,-1.825100564174971,stop_loss
AAPL/USD,asia,2.0,2026-07-22 06:00:00+00:00,short,19.986023159161967,1.0335392405062898,take_profit
AAPL/USD,asia,2.0,2026-07-22 07:10:00+00:00,short,-32.58152334180196,-1.6507689282720426,stop_loss
AAPL/USD,asia,2.0,2026-07-22 13:10:00+00:00,short,32.84209508348731,1.7207833165091377,take_profit
AAPL/USD,asia,2.0,2026-07-22 17:40:00+00:00,long,26.508771611670934,1.3427335694408906,take_profit
AAPL/USD,asia,2.0,2026-07-23 07:10:00+00:00,long,-29.547370917084216,-1.4575051708581077,stop_loss
AAPL/USD,asia,2.0,2026-07-26 08:10:00+00:00,long,17.137148511488252,0.8707184196283575,take_profit
AAPL/USD,asia,2.0,2026-07-27 10:15:00+00:00,long,-40.952302251786236,-2.0451239126056273,stop_loss
AAPL/USD,asia,2.0,2026-07-27 11:35:00+00:00,long,26.675619552452897,1.3889705926089984,take_profit
AAPL/USD,asia,2.0,2026-07-28 03:25:00+00:00,short,-32.220616560428,-1.6323469379311675,stop_loss
AAPL/USD,asia,2.0,2026-07-28 09:05:00+00:00,short,-37.80611237216688,-1.9799564267351857,stop_loss
AAPL/USD,asia,2.0,2026-07-28 11:20:00+00:00,short,-30.609769095667396,-1.669172111652052,stop_loss
AAPL/USD,asia,2.0,2026-07-29 10:10:00+00:00,long,15.001080118682214,0.8462708209437124,take_profit
AAPL/USD,asia,2.0,2026-07-29 13:05:00+00:00,long,21.507064717738896,1.193105578415978,take_profit
AAPL/USD,asia,2.0,2026-07-29 15:20:00+00:00,long,23.56446696001423,1.2767735658051056,take_profit
AAPL/USD,asia,2.0,2026-07-29 18:20:00+00:00,short,31.295486392757624,1.653435590277792,take_profit
AAPL/USD,asia,2.0,2026-08-01 11:00:00+00:00,short,-31.19839507058544,-1.5955433961222227,stop_loss
AAPL/USD,asia,2.0,2026-08-02 18:10:00+00:00,short,-33.264854217433566,-1.7573029871482535,stop_loss
AAPL/USD,asia,2.0,2026-08-02 22:15:00+00:00,short,29.554085036812335,1.6181432525220834,take_profit
AAPL/USD,asia,2.0,2026-08-03 08:20:00+00:00,long,20.513603027458366,1.0879502109704153,take_profit
AAPL/USD,asia,2.0,2026-08-07 09:10:00+00:00,long,13.651390248827708,0.708590755500359,take_profit
AAPL/USD,asia,2.0,2026-08-07 12:05:00+00:00,short,-27.640827344142487,-1.4146796343264143,stop_loss
AAPL/USD,asia,2.0,2026-08-07 14:00:00+00:00,long,25.288500853122972,1.3319719565184445,take_profit
AAPL/USD,asia,2.0,2026-08-07 15:15:00+00:00,short,-6.839063486940455,-0.35087359627920695,time_exit
AAPL/USD,asia,2.0,2026-08-09 06:50:00+00:00,short,19.739524486841834,1.0198801343033812,take_profit
AAPL/USD,asia,2.0,2026-08-09 11:00:00+00:00,long,-3.470949370700816,-0.17574836568987567,time_exit
AAPL/USD,asia,2.0,2026-08-10 00:20:00+00:00,short,-26.339421205567184,-1.3383769970354205,stop_loss
AAPL/USD,asia,2.0,2026-08-10 10:10:00+00:00,short,7.087351756217096,0.37003230320957675,take_profit
AAPL/USD,asia,2.0,2026-08-11 13:05:00+00:00,short,34.82481129619348,1.804854504454206,take_profit
AAPL/USD,asia,2.0,2026-08-12 12:15:00+00:00,short,30.116597960837773,1.5064644353791756,take_profit
AAPL/USD,asia,2.0,2026-08-13 08:25:00+00:00,short,-38.05833109564991,-1.8480383386772838,stop_loss
AAPL/USD,asia,2.0,2026-08-13 15:35:00+00:00,short,-15.3121228114424,-0.7720628580700465,time_exit
AAPL/USD,asia,2.0,2026-08-14 15:30:00+00:00,long,-5.011282624623364,-0.2566401024887649,time_exit
AAPL/USD,asia,2.0,2026-08-16 05:20:00+00:00,long,3.6828236307167934,0.18957952582670165,take_profit
AAPL/USD,asia,2.0,2026-08-18 00:00:00+00:00,long,10.387221484120126,0.5326799504383065,take_profit
AAPL/USD,asia,2.0,2026-08-18 06:10:00+00:00,long,16.2948181200501,0.8268260460971008,take_profit
AAPL/USD,asia,2.0,2026-08-19 11:10:00+00:00,long,20.485741885424424,1.0225706939947017,take_profit
AAPL/USD,asia,2.0,2026-08-19 12:35:00+00:00,long,15.576266635056832,0.7619258123004495,take_profit
AAPL/USD,asia,2.0,2026-08-20 08:20:00+00:00,long,32.170114015709665,1.5500076023687825,take_profit
AAPL/USD,asia,2.0,2026-08-20 16:45:00+00:00,short,31.07452544915659,1.4522019109893958,take_profit
AAPL/USD,asia,2.0,2026-08-21 11:00:00+00:00,short,-33.823173059088674,-1.5360412744587977,stop_loss
AAPL/USD,asia,2.3,2026-07-11 01:35:00+00:00,short,1.2599945292611547,0.06299972646305774,time_exit
AAPL/USD,asia,2.3,2026-07-11 23:10:00+00:00,long,-34.555431464054905,-1.7255973300072285,stop_loss
AAPL/USD,asia,2.3,2026-07-12 16:20:00+00:00,short,29.4798965933358,1.5247624620629476,take_profit
AAPL/USD,asia,2.3,2026-07-12 23:25:00+00:00,long,21.491205202835573,1.0786759919042515,take_profit
AAPL/USD,asia,2.3,2026-07-13 00:45:00+00:00,long,32.94500785249605,1.6186398569815288,take_profit
AAPL/USD,asia,2.3,2026-07-14 11:35:00+00:00,long,-28.800997827676355,-1.37066586331678,stop_loss
AAPL/USD,asia,2.3,2026-07-16 13:00:00+00:00,long,41.927799337225295,2.0516241939603925,take_profit
AAPL/USD,asia,2.3,2026-07-18 08:10:00+00:00,short,-30.595041872340175,-1.438078238196324,stop_loss
AAPL/USD,asia,2.3,2026-07-18 15:00:00+00:00,short,-6.409335610237704,-0.3101834448403886,time_exit
AAPL/USD,asia,2.3,2026-07-19 14:25:00+00:00,short,-37.47818810248944,-1.8251005641749714,stop_loss
AAPL/USD,asia,2.3,2026-07-22 06:00:00+00:00,short,26.388626411118594,1.3337492405062894,take_profit
AAPL/USD,asia,2.3,2026-07-22 07:10:00+00:00,short,-33.532185950986616,-1.6507689282720426,stop_loss
AAPL/USD,asia,2.3,2026-07-22 13:10:00+00:00,short,39.69721365057964,2.02099331650914,take_profit
AAPL/USD,asia,2.3,2026-07-22 17:40:00+00:00,long,33.56722146015039,1.6425235694408535,take_profit
AAPL/USD,asia,2.3,2026-07-23 07:10:00+00:00,long,-30.76460475470146,-1.4575051708581077,stop_loss
AAPL/USD,asia,2.3,2026-07-26 08:10:00+00:00,long,8.961784541176154,0.4373218473752025,time_exit
AAPL/USD,asia,2.3,2026-07-27 10:15:00+00:00,long,-42.276104706587816,-2.0451239126056273,stop_loss
AAPL/USD,asia,2.3,2026-07-27 11:35:00+00:00,long,33.48159918300999,1.6887605926090663,take_profit
AAPL/USD,asia,2.3,2026-07-28 03:25:00+00:00,short,-33.456206044283135,-1.6323469379311673,stop_loss
AAPL/USD,asia,2.3,2026-07-28 09:05:00+00:00,short,-39.25589328448703,-1.9799564267351857,stop_loss
AAPL/USD,asia,2.3,2026-07-28 11:20:00+00:00,short,-31.783586136905857,-1.669172111652052,stop_loss
AAPL/USD,asia,2.3,2026-07-29 10:10:00+00:00,long,20.81171140694622,1.1307114440852306,take_profit
AAPL/USD,asia,2.3,2026-07-29 13:05:00+00:00,long,28.099414472161868,1.4928955784158753,take_profit
AAPL/USD,asia,2.3,2026-07-29 15:20:00+00:00,long,30.56023109638291,1.5765635658050414,take_profit
AAPL/USD,asia,2.3,2026-07-29 18:20:00+00:00,short,39.063695677141716,1.9536455902777687,take_profit
AAPL/USD,asia,2.3,2026-08-01 11:00:00+00:00,short,-33.149897538766766,-1.5955433961222227,stop_loss
AAPL/USD,asia,2.3,2026-08-02 18:10:00+00:00,short,-35.34561654389755,-1.7573029871482537,stop_loss
AAPL/USD,asia,2.3,2026-08-02 22:15:00+00:00,short,37.228802918796774,1.91835325252205,take_profit
AAPL/USD,asia,2.3,2026-08-03 08:20:00+00:00,long,27.964661471903682,1.387740210970439,take_profit
AAPL/USD,asia,2.3,2026-08-07 09:10:00+00:00,long,20.138478008748717,0.9723793688255041,take_profit
AAPL/USD,asia,2.3,2026-08-07 12:05:00+00:00,short,-29.8685344157206,-1.4146796343264139,stop_loss
AAPL/USD,asia,2.3,2026-08-07 14:00:00+00:00,long,33.47708860675384,1.631761956518445,take_profit
AAPL/USD,asia,2.3,2026-08-07 15:15:00+00:00,short,-7.433417192845814,-0.3508735962792069,time_exit
AAPL/USD,asia,2.3,2026-08-09 06:50:00+00:00,short,27.770456057930705,1.3200901343034042,take_profit
AAPL/USD,asia,2.3,2026-08-09 12:15:00+00:00,long,0.07410388264569434,0.0034319751181141125,time_exit
AAPL/USD,asia,2.3,2026-08-10 00:20:00+00:00,short,-28.900483279448935,-1.3383769970354207,stop_loss
AAPL/USD,asia,2.3,2026-08-10 10:10:00+00:00,short,12.25291593723458,0.5830371486910738,take_profit
AAPL/USD,asia,2.3,2026-08-11 13:05:00+00:00,short,22.28127126880964,1.0480013484548825,time_exit
AAPL/USD,asia,2.3,2026-08-12 12:15:00+00:00,short,39.21631322534441,1.8066744353791002,take_profit
AAPL/USD,asia,2.3,2026-08-13 08:25:00+00:00,short,-41.56363772263795,-1.8480383386772836,stop_loss
AAPL/USD,asia,2.3,2026-08-13 15:35:00+00:00,short,-16.722423369007803,-0.7720628580700465,time_exit
AAPL/USD,asia,2.3,2026-08-14 15:30:00+00:00,long,-5.472839442489456,-0.2566401024887649,time_exit
AAPL/USD,asia,2.3,2026-08-16 05:20:00+00:00,long,7.966769851893421,0.37551645470069966,take_profit
AAPL/USD,asia,2.3,2026-08-18 00:00:00+00:00,long,16.460375814049222,0.7700819430038887,take_profit
AAPL/USD,asia,2.3,2026-08-18 06:10:00+00:00,long,24.05567644013184,1.1083499530116905,take_profit
AAPL/USD,asia,2.3,2026-08-19 11:10:00+00:00,long,29.336780655230793,1.3223606939947707,take_profit
AAPL/USD,asia,2.3,2026-08-20 08:20:00+00:00,long,42.123393823584614,1.8497976023687963,take_profit
AAPL/USD,asia,2.3,2026-08-20 16:45:00+00:00,short,41.38208798159068,1.752411910989406,take_profit
AAPL/USD,asia,2.3,2026-08-21 11:00:00+00:00,short,-37.543925502925845,-1.536041274458798,stop_loss
AAPL/USD,london,1.0,2026-07-11 01:35:00+00:00,short,11.809487104356489,0.5904743552178244,take_profit
AAPL/USD,london,1.0,2026-07-11 20:15:00+00:00,short,-5.472924525233253,-0.2704523230403741,take_profit
AAPL/USD,london,1.0,2026-07-11 21:30:00+00:00,short,9.005724404888078,0.4474509194919568,take_profit
AAPL/USD,london,1.0,2026-07-12 16:20:00+00:00,short,4.545737415559595,0.22385246206293274,take_profit
AAPL/USD,london,1.0,2026-07-12 23:25:00+00:00,long,-2.539290669171347,-0.12448869917196446,take_profit
AAPL/USD,london,1.0,2026-07-13 00:45:00+00:00,long,6.501872847278008,0.31954985698154037,take_profit
AAPL/USD,london,1.0,2026-07-14 03:35:00+00:00,long,-26.59761143177721,-1.2989009949743728,stop_loss
AAPL/USD,london,1.0,2026-07-17 14:10:00+00:00,long,14.316599168370901,0.7178017633467398,take_profit
AAPL/USD,london,1.0,2026-07-17 17:25:00+00:00,long,13.867808225040235,0.6854599180811196,take_profit
AAPL/USD,london,1.0,2026-07-18 15:00:00+00:00,short,-6.361474119756479,-0.3101834448403886,time_exit
AAPL/USD,london,1.0,2026-07-19 06:45:00+00:00,short,10.12843037606298,0.49694189086434243,take_profit
AAPL/USD,london,1.0,2026-07-19 14:25:00+00:00,short,3.628962956087065,0.1762994358250534,take_profit
AAPL/USD,london,1.0,2026-07-19 18:50:00+00:00,short,6.821818004420656,0.3302477689648279,take_profit
AAPL/USD,london,1.0,2026-07-20 01:30:00+00:00,long,3.3569810957723014,0.16144685710685547,take_profit
AAPL/USD,london,1.0,2026-07-21 20:25:00+00:00,short,-16.632601509141352,-0.7973350058269885,time_exit
AAPL/USD,london,1.0,2026-07-22 19:20:00+00:00,long,5.271311657976227,0.256791545360907,take_profit
AAPL/USD,london,1.0,2026-07-22 20:45:00+00:00,long,-34.413968340151726,-1.6679077506664308,stop_loss
AAPL/USD,london,1.0,2026-07-22 23:10:00+00:00,long,-31.419846251024246,-1.5753452077171302,stop_loss
AAPL/USD,london,1.0,2026-07-23 00:45:00+00:00,long,-27.921988625654425,-1.4455113210499724,stop_loss
AAPL/USD,london,1.0,2026-07-26 04:05:00+00:00,short,-36.01986342117202,-1.9202502601107325,stop_loss
AAPL/USD,london,1.0,2026-07-28 15:00:00+00:00,long,11.246298024811702,0.6234952723616908,take_profit
AAPL/USD,london,1.0,2026-07-29 04:10:00+00:00,short,-29.075891461258593,-1.5921152146196276,stop_loss
AAPL/USD,london,1.0,2026-07-29 14:05:00+00:00,short,12.261491488176029,0.6934875243664594,take_profit
AAPL/USD,london,1.0,2026-07-29 18:20:00+00:00,short,11.701030389104794,0.652735590277774,take_profit
AAPL/USD,london,1.0,2026-07-29 19:10:00+00:00,long,-16.138965939287502,-0.888701657352902,time_exit
AAPL/USD,london,1.0,2026-08-01 14:10:00+00:00,short,-27.175960255120003,-1.5235396896553635,stop_loss
AAPL/USD,london,1.0,2026-08-01 16:25:00+00:00,short,-7.880981498790466,-0.4557097131746322,take_profit
AAPL/USD,london,1.0,2026-08-01 17:25:00+00:00,short,9.332318827796598,0.5445953611522517,take_profit
AAPL/USD,london,1.0,2026-08-06 03:15:00+00:00,short,-26.416984735676543,-1.5249756025446386,stop_loss
AAPL/USD,london,1.0,2026-08-06 14:25:00+00:00,long,-22.83792252873491,-1.3598412584134882,stop_loss
AAPL/USD,london,1.0,2026-08-07 15:15:00+00:00,short,10.866862116048924,0.6651365227502659,take_profit
AAPL/USD,london,1.0,2026-08-07 19:30:00+00:00,short,2.3968916364949084,0.14478241824891475,time_exit
AAPL/USD,london,1.0,2026-08-08 19:10:00+00:00,long,-8.82016468073553,-0.5312370706090781,take_profit
AAPL/USD,london,1.0,2026-08-13 03:20:00+00:00,long,-2.1474959239101548,-0.1307323240543836,take_profit
AAPL/USD,london,1.0,2026-08-13 05:25:00+00:00,long,6.596791302651674,0.4026432214708185,take_profit
AAPL/USD,london,1.0,2026-08-13 13:35:00+00:00,long,-0.04992279760842999,-0.003022757127304287,time_exit
AAPL/USD,london,1.0,2026-08-14 15:30:00+00:00,long,-4.238321767945449,-0.25664010248876484,time_exit
AAPL/USD,london,1.0,2026-08-15 15:45:00+00:00,short,-5.8474734244044555,-0.3559047138845195,take_profit
AAPL/USD,london,1.0,2026-08-16 01:00:00+00:00,long,-9.133462253389139,-0.559890792571244,time_exit
AAPL/USD,london,1.0,2026-08-16 14:10:00+00:00,short,-32.8828822411407,-2.038582761451222,stop_loss
AAPL/USD,london,1.0,2026-08-16 19:05:00+00:00,short,-26.65958303920288,-1.7230180197719869,stop_loss
AAPL/USD,london,1.0,2026-08-17 03:10:00+00:00,long,-6.426730690892562,-0.43018618563100103,take_profit
AAPL/USD,london,1.0,2026-08-17 05:00:00+00:00,long,-1.6581606136047657,-0.11195556095925696,take_profit
AAPL/USD,london,1.0,2026-08-18 10:05:00+00:00,short,7.054542170409565,0.47737693651284396,take_profit
AAPL/USD,london,1.0,2026-08-20 03:25:00+00:00,short,-4.765394823621134,-0.31942191837545486,take_profit
AAPL/USD,london,1.0,2026-08-20 09:25:00+00:00,short,-30.273041022362495,-2.0422327573946633,stop_loss
AAPL/USD,london,1.0,2026-08-22 05:35:00+00:00,long,1.032612389177971,0.07262691029492843,time_exit
AAPL/USD,london,1.5,2026-07-11 01:35:00+00:00,short,1.2599945292611547,0.06299972646305774,time_exit
AAPL/USD,london,1.5,2026-07-11 20:15:00+00:00,short,2.389437197922664,0.11932151543945634,take_profit
AAPL/USD,london,1.5,2026-07-11 23:10:00+00:00,long,-34.63789559303402,-1.7255973300072287,stop_loss
AAPL/USD,london,1.5,2026-07-12 16:20:00+00:00,short,14.035210804714676,0.7242024620629307,take_profit
AAPL/USD,london,1.5,2026-07-12 23:25:00+00:00,long,6.650644520307642,0.3382669512420067,take_profit
AAPL/USD,london,1.5,2026-07-13 00:45:00+00:00,long,16.21519923076679,0.8191998569815223,take_profit
AAPL/USD,london,1.5,2026-07-14 03:35:00+00:00,long,-26.131617298088216,-1.2989009949743728,stop_loss
AAPL/USD,london,1.5,2026-07-17 14:10:00+00:00,long,23.85672147499012,1.2174517633467525,take_profit
AAPL/USD,london,1.5,2026-07-17 17:25:00+00:00,long,23.78841972693466,1.1851099180810873,take_profit
AAPL/USD,london,1.5,2026-07-18 15:00:00+00:00,short,-6.373811430873461,-0.31018344484038857,time_exit
AAPL/USD,london,1.5,2026-07-19 06:45:00+00:00,short,-21.52764719721862,-1.0541892482164077,time_exit
AAPL/USD,london,1.5,2026-07-19 18:50:00+00:00,short,-33.40715717583297,-1.6711522310351061,stop_loss
AAPL/USD,london,1.5,2026-07-20 01:30:00+00:00,long,12.773944840917757,0.6610968571068364,take_profit
AAPL/USD,london,1.5,2026-07-21 20:25:00+00:00,short,-15.610088298226554,-0.7973350058269885,time_exit
AAPL/USD,london,1.5,2026-07-22 19:20:00+00:00,long,14.573320740901206,0.7564415453608692,take_profit
AAPL/USD,london,1.5,2026-07-22 20:45:00+00:00,long,-32.61942786496614,-1.6679077506664308,stop_loss
AAPL/USD,london,1.5,2026-07-22 23:10:00+00:00,long,-29.781436368610713,-1.5753452077171302,stop_loss
AAPL/USD,london,1.5,2026-07-23 00:45:00+00:00,long,-26.465976978257554,-1.4455113210499726,stop_loss
AAPL/USD,london,1.5,2026-07-26 04:05:00+00:00,short,-34.14158242256559,-1.9202502601107316,stop_loss
AAPL/USD,london,1.5,2026-07-28 15:00:00+00:00,long,19.20233054046023,1.1231452723616817,take_profit
AAPL/USD,london,1.5,2026-07-29 04:10:00+00:00,short,-27.831720945567856,-1.5921152146196276,stop_loss
AAPL/USD,london,1.5,2026-07-29 14:05:00+00:00,short,20.20490887295511,1.1938375243664696,take_profit
AAPL/USD,london,1.5,2026-07-29 18:20:00+00:00,short,19.981169182713515,1.1530855902777624,take_profit
AAPL/USD,london,1.5,2026-07-29 21:35:00+00:00,long,-7.655259515528908,-0.43181600428553757,time_exit
AAPL/USD,london,1.5,2026-08-01 14:10:00+00:00,short,-26.77613937094393,-1.5235396896553635,stop_loss
AAPL/USD,london,1.5,2026-08-01 16:25:00+00:00,short,-2.7018500176057625,-0.15856456976193617,take_profit
AAPL/USD,london,1.5,2026-08-01 17:25:00+00:00,short,-24.744400515037093,-1.456804638847733,stop_loss
AAPL/USD,london,1.5,2026-08-06 03:15:00+00:00,short,-25.147619039070413,-1.5249756025446388,stop_loss
AAPL/USD,london,1.5,2026-08-06 14:25:00+00:00,long,-21.74053477877822,-1.3598412584134882,stop_loss
AAPL/USD,london,1.5,2026-08-07 15:15:00+00:00,short,-5.457046776155028,-0.35087359627920695,time_exit
AAPL/USD,london,1.5,2026-08-08 19:10:00+00:00,long,-4.198429725244916,-0.27185560591370994,take_profit
AAPL/USD,london,1.5,2026-08-13 03:20:00+00:00,long,5.051806615024326,0.32890151391856554,take_profit
AAPL/USD,london,1.5,2026-08-13 13:35:00+00:00,long,-0.04673384843834105,-0.0030227571273043325,time_exit
AAPL/USD,london,1.5,2026-08-14 15:30:00+00:00,long,-3.9675878881962863,-0.2566401024887649,time_exit
AAPL/USD,london,1.5,2026-08-15 15:45:00+00:00,short,-0.1362251407284667,-0.008857070826747093,take_profit
AAPL/USD,london,1.5,2026-08-16 02:40:00+00:00,long,-1.2869522789839785,-0.08368974296081233,take_profit
AAPL/USD,london,1.5,2026-08-16 14:10:00+00:00,short,-31.29615815473527,-2.038582761451222,stop_loss
AAPL/USD,london,1.5,2026-08-16 19:05:00+00:00,short,-25.373156799811227,-1.7230180197719862,stop_loss
AAPL/USD,london,1.5,2026-08-17 03:10:00+00:00,long,-1.7101948966770806,-0.12027927844653473,take_profit
AAPL/USD,london,1.5,2026-08-17 05:00:00+00:00,long,5.06475101679815,0.3570666585611818,take_profit
AAPL/USD,london,1.5,2026-08-18 10:05:00+00:00,short,13.967439565206076,0.9777269365128525,take_profit
AAPL/USD,london,1.5,2026-08-20 03:25:00+00:00,short,0.6680533985403354,0.045867122436753956,take_profit
AAPL/USD,london,1.5,2026-08-20 09:25:00+00:00,short,-29.77235132224787,-2.0422327573946633,stop_loss
AAPL/USD,london,1.5,2026-08-22 05:35:00+00:00,long,1.0155338807093228,0.07262691029492846,time_exit
AAPL/USD,london,2.0,2026-07-11 01:35:00+00:00,short,1.2599945292611547,0.06299972646305774,time_exit
AAPL/USD,london,2.0,2026-07-11 20:15:00+00:00,short,10.19473622560195,0.509095353919287,take_profit
AAPL/USD,london,2.0,2026-07-11 23:10:00+00:00,long,-34.907271656275434,-1.7255973300072285,stop_loss
AAPL/USD,london,2.0,2026-07-12 16:20:00+00:00,short,23.91667190720945,1.2245524620629287,take_profit
AAPL/USD,london,2.0,2026-07-12 23:25:00+00:00,long,16.02788762163501,0.8010226016559776,take_profit
AAPL/USD,london,2.0,2026-07-13 00:45:00+00:00,long,26.812007067792585,1.3188498569815041,take_profit
AAPL/USD,london,2.0,2026-07-14 03:35:00+00:00,long,-27.102972740725924,-1.2989009949743728,stop_loss
AAPL/USD,london,2.0,2026-07-17 14:10:00+00:00,long,34.898412398859485,1.7171017633467307,take_profit
AAPL/USD,london,2.0,2026-07-17 17:25:00+00:00,long,35.41700498287692,1.6847599180811323,take_profit
AAPL/USD,london,2.0,2026-07-18 15:00:00+00:00,short,-6.7403884328942665,-0.3101834448403886,time_exit
AAPL/USD,london,2.0,2026-07-19 06:45:00+00:00,short,-22.76576672047483,-1.054189248216408,time_exit
AAPL/USD,london,2.0,2026-07-19 18:50:00+00:00,short,-35.32850292889935,-1.6711522310351061,stop_loss
AAPL/USD,london,2.0,2026-07-20 01:30:00+00:00,long,23.71827905074188,1.1607468571069197,take_profit
AAPL/USD,london,2.0,2026-07-21 20:25:00+00:00,short,-16.670681757839482,-0.7973350058269884,time_exit
AAPL/USD,london,2.0,2026-07-22 19:20:00+00:00,long,25.843566275919166,1.2560915453609245,take_profit
AAPL/USD,london,2.0,2026-07-22 20:45:00+00:00,long,-35.178608800363826,-1.6679077506664308,stop_loss
AAPL/USD,london,2.0,2026-07-22 23:10:00+00:00,long,-32.11796061725227,-1.5753452077171302,stop_loss
AAPL/USD,london,2.0,2026-07-23 00:45:00+00:00,long,-28.542384449284196,-1.4455113210499722,stop_loss
AAPL/USD,london,2.0,2026-07-26 04:05:00+00:00,short,-36.82018510075605,-1.920250260110732,stop_loss
AAPL/USD,london,2.0,2026-07-28 15:00:00+00:00,long,29.921548319466382,1.6227952723616732,take_profit
AAPL/USD,london,2.0,2026-07-29 04:10:00+00:00,short,-30.30863197099623,-1.5921152146196276,stop_loss
AAPL/USD,london,2.0,2026-07-29 14:05:00+00:00,short,-24.105526742900654,-1.3079124756335088,stop_loss
AAPL/USD,london,2.0,2026-07-29 18:20:00+00:00,short,29.6765639060174,1.653435590277792,take_profit
AAPL/USD,london,2.0,2026-07-29 21:35:00+00:00,long,-8.00671326836215,-0.43181600428553757,time_exit
AAPL/USD,london,2.0,2026-08-01 14:10:00+00:00,short,-28.00543468734888,-1.5235396896553635,stop_loss
AAPL/USD,london,2.0,2026-08-01 16:25:00+00:00,short,2.4697431899454667,0.13858057365075988,take_profit
AAPL/USD,london,2.0,2026-08-01 17:25:00+00:00,short,-26.034712616216872,-1.4568046388477331,stop_loss
AAPL/USD,london,2.0,2026-08-06 03:15:00+00:00,short,-26.45895722009658,-1.5249756025446388,stop_loss
AAPL/USD,london,2.0,2026-08-06 14:25:00+00:00,long,-22.874208439375906,-1.3598412584134882,stop_loss
AAPL/USD,london,2.0,2026-08-07 15:15:00+00:00,short,-5.741607862518705,-0.3508735962792069,time_exit
AAPL/USD,london,2.0,2026-08-08 19:10:00+00:00,long,-0.20269129764321825,-0.012474141218341684,take_profit
AAPL/USD,london,2.0,2026-08-13 03:20:00+00:00,long,12.809649679436937,0.7885353518913735,take_profit
AAPL/USD,london,2.0,2026-08-13 13:35:00+00:00,long,-0.04987868812904761,-0.0030227571273043234,time_exit
AAPL/USD,london,2.0,2026-08-14 15:30:00+00:00,long,-4.234576982484747,-0.25664010248876484,time_exit
AAPL/USD,london,2.0,2026-08-15 15:45:00+00:00,short,-3.554688249281673,-0.21654636313158265,time_exit
AAPL/USD,london,2.0,2026-08-16 05:20:00+00:00,long,3.0985397676982327,0.18957952582670157,take_profit
AAPL/USD,london,2.0,2026-08-16 14:10:00+00:00,short,-33.44548838768817,-2.0385827614512215,stop_loss
AAPL/USD,london,2.0,2026-08-16 19:05:00+00:00,short,-27.115712315592248,-1.7230180197719867,stop_loss
AAPL/USD,london,2.0,2026-08-17 03:10:00+00:00,long,2.88139581218924,0.18962762873793124,take_profit
AAPL/USD,london,2.0,2026-08-18 10:05:00+00:00,short,22.54458867218907,1.4780769365128614,take_profit
AAPL/USD,london,2.0,2026-08-20 03:25:00+00:00,short,6.456607563975325,0.4111561632489626,take_profit
AAPL/USD,london,2.0,2026-08-20 09:25:00+00:00,short,-32.33400323502295,-2.0422327573946633,stop_loss
AAPL/USD,london,2.0,2026-08-22 05:35:00+00:00,long,1.1029117394430727,0.07262691029492849,time_exit
AAPL/USD,london,2.3,2026-07-11 01:35:00+00:00,short,1.2599945292611547,0.06299972646305774,time_exit
AAPL/USD,london,2.3,2026-07-11 20:15:00+00:00,short,14.877915642208979,0.7429596570071582,take_profit
AAPL/USD,london,2.3,2026-07-11 23:10:00+00:00,long,-35.06889729422028,-1.7255973300072287,stop_loss
AAPL/USD,london,2.3,2026-07-12 16:20:00+00:00,short,29.917944070567625,1.5247624620629476,take_profit
AAPL/USD,london,2.3,2026-07-12 23:25:00+00:00,long,21.810547171758955,1.0786759919042515,take_profit
AAPL/USD,london,2.3,2026-07-13 00:45:00+00:00,long,33.434544087179816,1.6186398569815286,take_profit
AAPL/USD,london,2.3,2026-07-14 03:35:00+00:00,long,-27.698597365786384,-1.2989009949743728,stop_loss
AAPL/USD,london,2.3,2026-07-17 14:10:00+00:00,long,41.892191259224184,2.016891763346731,take_profit
AAPL/USD,london,2.3,2026-07-17 17:25:00+00:00,long,42.88317239045331,1.9845499180811053,take_profit
AAPL/USD,london,2.3,2026-07-18 15:00:00+00:00,short,-6.968635953965641,-0.3101834448403886,time_exit
AAPL/USD,london,2.3,2026-07-19 06:45:00+00:00,short,-23.5366762713071,-1.0541892482164077,time_exit
AAPL/USD,london,2.3,2026-07-19 18:50:00+00:00,short,-36.524820217875174,-1.671152231035106,stop_loss
AAPL/USD,london,2.3,2026-07-20 01:30:00+00:00,long,30.854678930134078,1.4605368571069288,take_profit
AAPL/USD,london,2.3,2026-07-21 20:25:00+00:00,short,-17.3361896941963,-0.7973350058269885,time_exit
AAPL/USD,london,2.3,2026-07-22 19:20:00+00:00,long,33.2895535215855,1.555881545360976,take_profit
AAPL/USD,london,2.3,2026-07-22 20:45:00+00:00,long,-36.79693795919091,-1.6679077506664308,stop_loss
AAPL/USD,london,2.3,2026-07-22 23:10:00+00:00,long,-33.59549011490603,-1.57534520771713,stop_loss
AAPL/USD,london,2.3,2026-07-23 00:45:00+00:00,long,-29.855425942165866,-1.4455113210499726,stop_loss
AAPL/USD,london,2.3,2026-07-26 04:05:00+00:00,short,-38.51403204962539,-1.9202502601107323,stop_loss
AAPL/USD,london,2.3,2026-07-28 15:00:00+00:00,long,37.079934654648014,1.9225852723616679,take_profit
AAPL/USD,london,2.3,2026-07-29 04:10:00+00:00,short,-31.887035514259235,-1.5921152146196274,stop_loss
AAPL/USD,london,2.3,2026-07-29 14:05:00+00:00,short,-25.360886894412136,-1.3079124756335085,stop_loss
AAPL/USD,london,2.3,2026-07-29 18:20:00+00:00,short,36.89095736915215,1.9536455902777687,take_profit
AAPL/USD,london,2.3,2026-07-29 21:35:00+00:00,long,-8.472642892332438,-0.4318160042855375,time_exit
AAPL/USD,london,2.3,2026-08-01 14:10:00+00:00,short,-29.635137315087682,-1.5235396896553635,stop_loss
AAPL/USD,london,2.3,2026-08-01 16:25:00+00:00,short,5.975743999093645,0.3168676596982394,take_profit
AAPL/USD,london,2.3,2026-08-01 17:25:00+00:00,short,-27.647697974759595,-1.4568046388477331,stop_loss
AAPL/USD,london,2.3,2026-08-06 03:15:00+00:00,short,-28.098226730286605,-1.5249756025446386,stop_loss
AAPL/USD,london,2.3,2026-08-06 14:25:00+00:00,long,-24.29138418642009,-1.3598412584134882,stop_loss
AAPL/USD,london,2.3,2026-08-07 15:15:00+00:00,short,-6.097330222632939,-0.35087359627920695,time_exit
AAPL/USD,london,2.3,2026-08-08 19:10:00+00:00,long,2.470224134088255,0.14315473759885175,take_profit
AAPL/USD,london,2.3,2026-08-13 03:20:00+00:00,long,18.418011293209734,1.064315654675002,take_profit
AAPL/USD,london,2.3,2026-08-13 13:35:00+00:00,long,-0.053422357633807316,-0.0030227571273043264,time_exit
AAPL/USD,london,2.3,2026-08-14 15:30:00+00:00,long,-4.535425739363927,-0.25664010248876484,time_exit
AAPL/USD,london,2.3,2026-08-15 15:45:00+00:00,short,-3.8072337916848014,-0.21654636313158254,time_exit
AAPL/USD,london,2.3,2026-08-16 05:20:00+00:00,long,6.573590429343319,0.3755164547006995,take_profit
AAPL/USD,london,2.3,2026-08-16 14:10:00+00:00,short,-35.95435683382762,-2.0385827614512215,stop_loss
AAPL/USD,london,2.3,2026-08-16 19:05:00+00:00,short,-29.149761100726057,-1.7230180197719864,stop_loss
AAPL/USD,london,2.3,2026-08-17 03:10:00+00:00,long,6.134910522934955,0.3755717730486111,take_profit
AAPL/USD,london,2.3,2026-08-18 10:05:00+00:00,short,29.266252203536148,1.7782869365128666,take_profit
AAPL/USD,london,2.3,2026-08-20 03:25:00+00:00,short,10.74263053829955,0.6303295877363149,take_profit
AAPL/USD,london,2.3,2026-08-20 09:25:00+00:00,short,-35.24430366167395,-2.0422327573946633,stop_loss
AAPL/USD,london,2.3,2026-08-22 05:35:00+00:00,long,1.2021819870065666,0.07262691029492843,time_exit
AAPL/USD,newyork,1.0,2026-07-11 01:35:00+00:00,short,12.37632903612809,0.6188164518064045,take_profit
AAPL/USD,newyork,1.0,2026-07-11 21:30:00+00:00,short,9.059774385982145,0.4474509194919567,take_profit
AAPL/USD,newyork,1.0,2026-07-14 03:35:00+00:00,long,-26.534887420754508,-1.2989009949743728,stop_loss
AAPL/USD,newyork,1.0,2026-07-16 10:00:00+00:00,short,-27.55116546587255,-1.384618142120906,stop_loss
AAPL/USD,newyork,1.0,2026-07-16 11:25:00+00:00,short,7.4139325602174235,0.38320836165322947,take_profit
AAPL/USD,newyork,1.0,2026-07-17 19:10:00+00:00,short,11.430038886417615,0.5862977646197784,take_profit
AAPL/USD,newyork,1.0,2026-07-20 01:30:00+00:00,long,3.184358506931643,0.16144685710685552,take_profit
AAPL/USD,newyork,1.0,2026-07-20 06:25:00+00:00,long,3.473469515603517,0.17553797334274582,take_profit
AAPL/USD,newyork,1.0,2026-07-20 10:05:00+00:00,short,14.214542650830715,0.7158440934951219,take_profit
AAPL/USD,newyork,1.0,2026-07-21 14:20:00+00:00,long,16.343962212733775,0.8114639874754028,take_profit
AAPL/USD,newyork,1.0,2026-07-22 00:25:00+00:00,long,5.0103790950258205,0.244788372092981,take_profit
AAPL/USD,newyork,1.0,2026-07-22 17:40:00+00:00,long,7.063884071040048,0.34343356944087616,take_profit
AAPL/USD,newyork,1.0,2026-07-26 04:05:00+00:00,short,-39.7677921424199,-1.9202502601107319,stop_loss
AAPL/USD,newyork,1.0,2026-07-29 19:50:00+00:00,short,0.9729137315730227,0.048854940796123625,time_exit
AAPL/USD,newyork,1.0,2026-08-02 23:15:00+00:00,long,10.553681006399348,0.5294366233962976,take_profit
AAPL/USD,newyork,1.0,2026-08-04 10:40:00+00:00,long,-27.511281228590164,-1.3656719252326897,stop_loss
AAPL/USD,newyork,1.0,2026-08-04 11:35:00+00:00,long,11.013080640562297,0.5620454917041324,take_profit
AAPL/USD,newyork,1.0,2026-08-04 13:30:00+00:00,long,16.144452828153128,0.8147630945659194,take_profit
AAPL/USD,newyork,1.0,2026-08-05 10:15:00+00:00,short,7.139328310330832,0.35452386208219994,take_profit
AAPL/USD,newyork,1.0,2026-08-05 12:30:00+00:00,short,-22.77319152968419,-1.1229063223624294,stop_loss
AAPL/USD,newyork,1.0,2026-08-05 20:25:00+00:00,short,-13.376749337284378,-0.6747375000000926,take_profit
AAPL/USD,newyork,1.0,2026-08-06 20:20:00+00:00,short,10.719198261244136,0.5480840472138541,take_profit
AAPL/USD,newyork,1.0,2026-08-08 23:05:00+00:00,short,-38.73819527410899,-1.9592486097418638,stop_loss
AAPL/USD,newyork,1.0,2026-08-09 21:00:00+00:00,long,9.370828326218941,0.49327415101853644,take_profit
AAPL/USD,newyork,1.0,2026-08-15 23:05:00+00:00,long,-36.93119153092057,-1.9250418149217505,stop_loss
AAPL/USD,newyork,1.0,2026-08-16 21:25:00+00:00,long,3.8765900215223503,0.21015891152950966,take_profit
AAPL/USD,newyork,1.0,2026-08-17 00:10:00+00:00,long,5.763516122311723,0.3111457388734224,take_profit
AAPL/USD,newyork,1.0,2026-08-20 13:45:00+00:00,short,15.859617870912071,0.8508928240175816,take_profit
AAPL/USD,newyork,1.0,2026-08-21 15:25:00+00:00,long,-24.57560359571045,-1.2964559257236477,stop_loss
AAPL/USD,newyork,1.5,2026-07-11 01:35:00+00:00,short,1.172942714964229,0.058647135748211454,time_exit
AAPL/USD,newyork,1.5,2026-07-11 21:30:00+00:00,short,18.97825271351458,0.9478009194919744,take_profit
AAPL/USD,newyork,1.5,2026-07-14 03:35:00+00:00,long,-26.501508055326944,-1.2989009949743728,stop_loss
AAPL/USD,newyork,1.5,2026-07-16 10:00:00+00:00,short,-27.516507680992657,-1.3846181421209058,stop_loss
AAPL/USD,newyork,1.5,2026-07-16 11:25:00+00:00,short,17.07270098775193,0.8835583616531952,take_profit
AAPL/USD,newyork,1.5,2026-07-17 19:10:00+00:00,short,-0.8175960976511361,-0.04157807198456482,time_exit
AAPL/USD,newyork,1.5,2026-07-20 01:30:00+00:00,long,12.98907614791817,0.6610968571068363,take_profit
AAPL/USD,newyork,1.5,2026-07-20 06:25:00+00:00,long,13.441336458054176,0.6751879733427946,take_profit
AAPL/USD,newyork,1.5,2026-07-20 10:05:00+00:00,short,24.538386818555693,1.2161940934951343,take_profit
AAPL/USD,newyork,1.5,2026-07-21 14:20:00+00:00,long,-14.921635247959953,-0.7219980139925152,time_exit
AAPL/USD,newyork,1.5,2026-07-22 17:40:00+00:00,long,17.17252386769525,0.8430835694409244,take_profit
AAPL/USD,newyork,1.5,2026-07-26 04:05:00+00:00,short,-39.77252957617659,-1.920250260110732,stop_loss
AAPL/USD,newyork,1.5,2026-07-29 19:50:00+00:00,short,0.9730296322581249,0.04885494079612363,time_exit
AAPL/USD,newyork,1.5,2026-08-02 23:15:00+00:00,long,-29.289490031071008,-1.4691633766036976,stop_loss
AAPL/USD,newyork,1.5,2026-08-04 10:40:00+00:00,long,-26.426270234737878,-1.3656719252326899,stop_loss
AAPL/USD,newyork,1.5,2026-08-04 11:35:00+00:00,long,19.98307780097035,1.0616954917041235,take_profit
AAPL/USD,newyork,1.5,2026-08-05 10:15:00+00:00,short,16.43197145074325,0.8548738620821982,take_profit
AAPL/USD,newyork,1.5,2026-08-05 12:30:00+00:00,short,-21.952992914718333,-1.1229063223624296,stop_loss
AAPL/USD,newyork,1.5,2026-08-05 20:25:00+00:00,short,-9.309134001548545,-0.4871062500001578,take_profit
AAPL/USD,newyork,1.5,2026-08-06 20:20:00+00:00,short,16.31514968314295,0.8620990725846135,time_exit
AAPL/USD,newyork,1.5,2026-08-08 23:05:00+00:00,short,-37.71791757394135,-1.9592486097418638,stop_loss
AAPL/USD,newyork,1.5,2026-08-09 21:00:00+00:00,long,8.565248160569716,0.4630650496141482,time_exit
AAPL/USD,newyork,1.5,2026-08-15 23:05:00+00:00,long,-35.936993036093355,-1.92504181492175,stop_loss
AAPL/USD,newyork,1.5,2026-08-16 21:25:00+00:00,long,12.740660004520109,0.7098089115295221,take_profit
AAPL/USD,newyork,1.5,2026-08-17 00:10:00+00:00,long,14.759916686204829,0.8107957388734306,take_profit
AAPL/USD,newyork,1.5,2026-08-20 13:45:00+00:00,short,24.997227405123326,1.3512428240175771,take_profit
AAPL/USD,newyork,1.5,2026-08-21 15:25:00+00:00,long,-24.63185686944079,-1.2964559257236477,stop_loss
AAPL/USD,newyork,2.0,2026-07-11 01:35:00+00:00,short,1.172942714964229,0.058647135748211454,time_exit
AAPL/USD,newyork,2.0,2026-07-11 21:30:00+00:00,short,28.996990351263577,1.448150919491992,take_profit
AAPL/USD,newyork,2.0,2026-07-14 03:35:00+00:00,long,-26.76177502104813,-1.2989009949743728,stop_loss
AAPL/USD,newyork,2.0,2026-07-16 10:00:00+00:00,short,-27.786742791629546,-1.384618142120906,stop_loss
AAPL/USD,newyork,2.0,2026-07-16 11:25:00+00:00,short,27.003412687547065,1.383908361653237,take_profit
AAPL/USD,newyork,2.0,2026-07-17 19:10:00+00:00,short,-0.833744145392938,-0.041578071984564854,time_exit
AAPL/USD,newyork,2.0,2026-07-20 01:30:00+00:00,long,23.256517039871973,1.1607468571069195,take_profit
AAPL/USD,newyork,2.0,2026-07-20 06:25:00+00:00,long,-37.37450713198913,-1.8230620266572488,stop_loss
AAPL/USD,newyork,2.0,2026-07-21 14:20:00+00:00,long,-14.261960242556668,-0.7219980139925153,time_exit
AAPL/USD,newyork,2.0,2026-07-22 17:40:00+00:00,long,26.140636115312656,1.3427335694408908,take_profit
AAPL/USD,newyork,2.0,2026-07-26 04:05:00+00:00,short,-38.38779091046231,-1.920250260110732,stop_loss
AAPL/USD,newyork,2.0,2026-07-29 19:50:00+00:00,short,0.9391521854617648,0.04885494079612363,time_exit
AAPL/USD,newyork,2.0,2026-08-02 23:15:00+00:00,long,-28.269733687250955,-1.4691633766036976,stop_loss
AAPL/USD,newyork,2.0,2026-08-04 10:40:00+00:00,long,-25.50620106703336,-1.3656719252326899,stop_loss
AAPL/USD,newyork,2.0,2026-08-04 11:35:00+00:00,long,28.364251452367615,1.561345491704114,take_profit
AAPL/USD,newyork,2.0,2026-08-05 10:15:00+00:00,short,25.38853202254592,1.3552238620821964,take_profit
AAPL/USD,newyork,2.0,2026-08-05 12:30:00+00:00,short,-21.606513833593688,-1.1229063223624296,stop_loss
AAPL/USD,newyork,2.0,2026-08-05 20:25:00+00:00,short,-26.808431259238326,-1.425262499999969,stop_loss
AAPL/USD,newyork,2.0,2026-08-06 20:20:00+00:00,short,15.753395577549103,0.8620990725846133,time_exit
AAPL/USD,newyork,2.0,2026-08-08 23:05:00+00:00,short,-36.41923533914067,-1.9592486097418638,stop_loss
AAPL/USD,newyork,2.0,2026-08-09 21:00:00+00:00,long,8.27033432814552,0.46306504961414824,time_exit
AAPL/USD,newyork,2.0,2026-08-15 23:05:00+00:00,long,-34.69963059855588,-1.9250418149217503,stop_loss
AAPL/USD,newyork,2.0,2026-08-16 21:25:00+00:00,long,20.961613722802696,1.2094589115295344,take_profit
AAPL/USD,newyork,2.0,2026-08-20 13:45:00+00:00,short,32.86693958046688,1.8515928240175916,take_profit
AAPL/USD,newyork,2.0,2026-08-21 15:25:00+00:00,long,-23.865120535973738,-1.2964559257236479,stop_loss
AAPL/USD,newyork,2.3,2026-07-11 01:35:00+00:00,short,1.172942714964229,0.058647135748211454,time_exit
AAPL/USD,newyork,2.3,2026-07-11 21:30:00+00:00,short,21.564747910153734,1.0769741665048802,time_exit
AAPL/USD,newyork,2.3,2026-07-14 03:35:00+00:00,long,-26.568700079015162,-1.2989009949743728,stop_loss
AAPL/USD,newyork,2.3,2026-07-16 10:00:00+00:00,short,-27.586273138568068,-1.384618142120906,stop_loss
AAPL/USD,newyork,2.3,2026-07-16 11:25:00+00:00,short,-31.34704908712162,-1.6181916383467863,stop_loss
AAPL/USD,newyork,2.3,2026-07-17 19:10:00+00:00,short,-0.7793690416785575,-0.04157807198456484,time_exit
AAPL/USD,newyork,2.3,2026-07-20 01:30:00+00:00,long,27.354578803330966,1.4605368571069284,take_profit
AAPL/USD,newyork,2.3,2026-07-20 06:25:00+00:00,long,-35.141740254211854,-1.8230620266572486,stop_loss
AAPL/USD,newyork,2.3,2026-07-21 14:20:00+00:00,long,-13.409945463357035,-0.7219980139925152,time_exit
AAPL/USD,newyork,2.3,2026-07-22 17:40:00+00:00,long,30.066695912121723,1.642523569440854,take_profit
AAPL/USD,newyork,2.3,2026-07-26 04:05:00+00:00,short,-36.3052456570517,-1.9202502601107319,stop_loss
AAPL/USD,newyork,2.3,2026-07-29 19:50:00+00:00,short,0.8882029935526636,0.04885494079612363,time_exit
AAPL/USD,newyork,2.3,2026-08-02 23:15:00+00:00,long,-26.73609504045086,-1.4691633766036976,stop_loss
AAPL/USD,newyork,2.3,2026-08-04 10:40:00+00:00,long,-24.122484611752526,-1.3656719252326899,stop_loss
AAPL/USD,newyork,2.3,2026-08-04 11:35:00+00:00,long,31.976178782754086,1.8611354917040968,take_profit
AAPL/USD,newyork,2.3,2026-08-05 10:15:00+00:00,short,29.500706972787334,1.6554338620821787,take_profit
AAPL/USD,newyork,2.3,2026-08-05 12:30:00+00:00,short,-20.673315171373787,-1.1229063223624294,stop_loss
AAPL/USD,newyork,2.3,2026-08-05 20:25:00+00:00,short,-25.650558574176188,-1.425262499999969,stop_loss
AAPL/USD,newyork,2.3,2026-08-06 20:20:00+00:00,short,15.072996703782964,0.8620990725846133,time_exit
AAPL/USD,newyork,2.3,2026-08-08 23:05:00+00:00,short,-34.84626609665622,-1.959248609741864,stop_loss
AAPL/USD,newyork,2.3,2026-08-09 21:00:00+00:00,long,7.913133486280092,0.4630650496141483,time_exit
AAPL/USD,newyork,2.3,2026-08-15 23:05:00+00:00,long,-33.20093214569625,-1.9250418149217503,stop_loss
AAPL/USD,newyork,2.3,2026-08-16 21:25:00+00:00,long,25.027639556455725,1.509248911529437,take_profit
AAPL/USD,newyork,2.3,2026-08-20 13:45:00+00:00,short,36.76010188582266,2.1518028240175773,take_profit
AAPL/USD,newyork,2.3,2026-08-21 15:25:00+00:00,long,-23.10102829693031,-1.2964559257236479,stop_loss
AAPL/USD,prevday,1.0,2026-07-11 01:35:00+00:00,short,12.37632903612809,0.6188164518064045,take_profit
AAPL/USD,prevday,1.0,2026-07-14 08:10:00+00:00,long,-28.56793520662443,-1.410934569846355,stop_loss
AAPL/USD,prevday,1.0,2026-07-14 10:00:00+00:00,long,6.4996816063595055,0.33033269725720166,take_profit
AAPL/USD,prevday,1.0,2026-07-15 09:00:00+00:00,short,2.4915399872220263,0.1257962067069597,take_profit
AAPL/USD,prevday,1.0,2026-07-15 10:50:00+00:00,short,-27.352196387015965,-1.3775285547103944,stop_loss
AAPL/USD,prevday,1.0,2026-07-16 10:00:00+00:00,short,-26.73552023322293,-1.384618142120906,stop_loss
AAPL/USD,prevday,1.0,2026-07-16 11:25:00+00:00,short,7.194444976092619,0.38320836165322947,take_profit
AAPL/USD,prevday,1.0,2026-07-21 14:20:00+00:00,long,15.351378670022743,0.8114639874754029,take_profit
AAPL/USD,prevday,1.0,2026-07-29 14:05:00+00:00,short,13.332404764385435,0.6934875243664593,take_profit
AAPL/USD,prevday,1.0,2026-07-29 19:50:00+00:00,short,0.9522708593098934,0.04885494079612362,time_exit
AAPL/USD,prevday,1.0,2026-08-04 10:40:00+00:00,long,-26.645417298440016,-1.3656719252326897,stop_loss
AAPL/USD,prevday,1.0,2026-08-04 11:35:00+00:00,long,10.666465402716232,0.5620454917041325,take_profit
AAPL/USD,prevday,1.0,2026-08-04 13:30:00+00:00,long,15.636337656789124,0.8147630945659192,take_profit
AAPL/USD,prevday,1.0,2026-08-05 03:20:00+00:00,short,-33.095837615207245,-1.696874741147927,stop_loss
AAPL/USD,prevday,1.0,2026-08-05 05:00:00+00:00,short,4.830211248502092,0.2563523519824932,take_profit
AAPL/USD,prevday,1.0,2026-08-05 10:15:00+00:00,short,6.714215092855222,0.3545238620822,take_profit
AAPL/USD,prevday,1.0,2026-08-05 12:30:00+00:00,short,-21.41715573716245,-1.1229063223624296,stop_loss
AAPL/USD,prevday,1.0,2026-08-05 20:25:00+00:00,short,-12.580227213219992,-0.6747375000000926,take_profit
AAPL/USD,prevday,1.0,2026-08-09 06:50:00+00:00,short,0.3527805898591101,0.019180134303389964,take_profit
AAPL/USD,prevday,1.0,2026-08-09 23:15:00+00:00,short,-4.91841054101743,-0.2673038252849602,take_profit
AAPL/USD,prevday,1.0,2026-08-10 00:20:00+00:00,short,-24.49458391381191,-1.3383769970354205,stop_loss
AAPL/USD,prevday,1.0,2026-08-10 10:10:00+00:00,short,-6.055729585657538,-0.33998384839518714,take_profit
AAPL/USD,prevday,1.0,2026-08-11 19:05:00+00:00,long,6.608245186775997,0.373543434795073,take_profit
AAPL/USD,prevday,1.0,2026-08-13 14:00:00+00:00,short,-7.342440795645999,-0.41196746174000914,time_exit
AAPL/USD,prevday,1.0,2026-08-14 14:20:00+00:00,short,11.009290153554758,0.6228377211169033,take_profit
AAPL/USD,prevday,1.0,2026-08-16 05:20:00+00:00,long,-7.699129655593453,-0.43021023708671835,take_profit
AAPL/USD,prevday,1.0,2026-08-16 21:25:00+00:00,long,3.7286856897536147,0.2101589115295097,take_profit
AAPL/USD,prevday,1.0,2026-08-18 10:05:00+00:00,short,8.50532650705355,0.47737693651284385,take_profit
AAPL/USD,prevday,1.0,2026-08-20 13:45:00+00:00,short,15.304924531897836,0.8508928240175815,take_profit
AAPL/USD,prevday,1.0,2026-08-21 15:25:00+00:00,long,-23.71606689515747,-1.2964559257236477,stop_loss
AAPL/USD,prevday,1.5,2026-07-11 01:35:00+00:00,short,1.172942714964229,0.058647135748211454,time_exit
AAPL/USD,prevday,1.5,2026-07-14 08:10:00+00:00,long,-28.25179030542695,-1.4109345698463551,stop_loss
AAPL/USD,prevday,1.5,2026-07-14 10:00:00+00:00,long,16.150154445910296,0.8299826972572655,take_profit
AAPL/USD,prevday,1.5,2026-07-15 09:00:00+00:00,short,12.386064939002217,0.6261462067068354,take_profit
AAPL/USD,prevday,1.5,2026-07-15 10:50:00+00:00,short,-27.590722519441574,-1.3775285547103944,stop_loss
AAPL/USD,prevday,1.5,2026-07-16 10:00:00+00:00,short,-26.96866861185348,-1.384618142120906,stop_loss
AAPL/USD,prevday,1.5,2026-07-16 11:25:00+00:00,short,16.73279256894912,0.8835583616531951,take_profit
AAPL/USD,prevday,1.5,2026-07-21 14:20:00+00:00,long,-13.914790089913017,-0.7219980139925152,time_exit
AAPL/USD,prevday,1.5,2026-07-29 14:05:00+00:00,short,22.67613156331482,1.1938375243664696,take_profit
AAPL/USD,prevday,1.5,2026-07-29 19:50:00+00:00,short,0.9501231838910988,0.04885494079612363,time_exit
AAPL/USD,prevday,1.5,2026-08-04 10:40:00+00:00,long,-26.58532335857415,-1.3656719252326899,stop_loss
AAPL/USD,prevday,1.5,2026-08-04 11:35:00+00:00,long,20.103350957941615,1.0616954917041235,take_profit
AAPL/USD,prevday,1.5,2026-08-05 03:20:00+00:00,short,-32.812815254549264,-1.696874741147927,stop_loss
AAPL/USD,prevday,1.5,2026-08-05 05:00:00+00:00,short,-32.59914612336035,-1.7450476480175614,stop_loss
AAPL/USD,prevday,1.5,2026-08-05 10:15:00+00:00,short,15.412491864053887,0.8548738620821982,take_profit
AAPL/USD,prevday,1.5,2026-08-05 12:30:00+00:00,short,-20.59097569052949,-1.1229063223624294,stop_loss
AAPL/USD,prevday,1.5,2026-08-05 20:25:00+00:00,short,-8.731572622940789,-0.4871062500001579,take_profit
AAPL/USD,prevday,1.5,2026-08-09 06:50:00+00:00,short,9.222057300138776,0.5195301343033858,take_profit
AAPL/USD,prevday,1.5,2026-08-09 23:15:00+00:00,short,2.2247594056991957,0.12404426207260136,take_profit
AAPL/USD,prevday,1.5,2026-08-10 00:20:00+00:00,short,-24.06361861655139,-1.3383769970354205,stop_loss
AAPL/USD,prevday,1.5,2026-08-10 10:10:00+00:00,short,0.26290037528899646,0.015024227407262556,take_profit
AAPL/USD,prevday,1.5,2026-08-11 19:05:00+00:00,long,6.482107680878774,0.3703281319856608,time_exit
AAPL/USD,prevday,1.5,2026-08-13 14:00:00+00:00,short,-7.264357821522811,-0.41196746174000903,time_exit
AAPL/USD,prevday,1.5,2026-08-14 14:20:00+00:00,short,-10.468030689463056,-0.5985822047731117,time_exit
AAPL/USD,prevday,1.5,2026-08-16 05:20:00+00:00,long,-2.0788906861391183,-0.12031535563000838,take_profit
AAPL/USD,prevday,1.5,2026-08-16 21:25:00+00:00,long,12.23504966771691,0.7098089115295221,take_profit
AAPL/USD,prevday,1.5,2026-08-18 10:05:00+00:00,short,17.09243114437315,0.9777269365128528,take_profit
AAPL/USD,prevday,1.5,2026-08-20 13:45:00+00:00,short,24.08408336055429,1.3512428240175771,take_profit
AAPL/USD,prevday,1.5,2026-08-21 15:25:00+00:00,long,-23.732059742244324,-1.2964559257236479,stop_loss
AAPL/USD,prevday,2.0,2026-07-11 01:35:00+00:00,short,1.172942714964229,0.058647135748211454,time_exit
AAPL/USD,prevday,2.0,2026-07-14 08:10:00+00:00,long,-28.25179030542695,-1.4109345698463551,stop_loss
AAPL/USD,prevday,2.0,2026-07-14 10:00:00+00:00,long,25.872555521938356,1.3296326972572425,take_profit
AAPL/USD,prevday,2.0,2026-07-15 09:00:00+00:00,short,22.50274646535122,1.1264962067069344,take_profit
AAPL/USD,prevday,2.0,2026-07-15 10:50:00+00:00,short,-28.13730057512222,-1.3775285547103944,stop_loss
AAPL/USD,prevday,2.0,2026-07-16 10:00:00+00:00,short,-27.502923647899596,-1.384618142120906,stop_loss
AAPL/USD,prevday,2.0,2026-07-16 11:25:00+00:00,short,26.727594628401434,1.383908361653237,take_profit
AAPL/USD,prevday,2.0,2026-07-21 14:20:00+00:00,long,-14.329983012509784,-0.7219980139925152,time_exit
AAPL/USD,prevday,2.0,2026-07-29 14:05:00+00:00,short,-25.58417643036053,-1.3079124756335088,stop_loss
AAPL/USD,prevday,2.0,2026-07-29 19:50:00+00:00,short,0.9306569822246809,0.04885494079612361,time_exit
AAPL/USD,prevday,2.0,2026-08-04 10:40:00+00:00,long,-26.04064107459333,-1.3656719252326897,stop_loss
AAPL/USD,prevday,2.0,2026-08-04 11:35:00+00:00,long,28.95857715068689,1.5613454917041143,take_profit
AAPL/USD,prevday,2.0,2026-08-05 03:20:00+00:00,short,-32.45504594414987,-1.6968747411479268,stop_loss
AAPL/USD,prevday,2.0,2026-08-05 05:00:00+00:00,short,-32.24370652033676,-1.7450476480175614,stop_loss
AAPL/USD,prevday,2.0,2026-08-05 10:15:00+00:00,short,24.166880607313445,1.3552238620821966,take_profit
AAPL/USD,prevday,2.0,2026-08-05 12:30:00+00:00,short,-20.566846468044172,-1.1229063223624298,stop_loss
AAPL/USD,prevday,2.0,2026-08-05 20:25:00+00:00,short,-25.518456795219393,-1.4252624999999695,stop_loss
AAPL/USD,prevday,2.0,2026-08-09 06:50:00+00:00,short,17.739817152739253,1.0198801343033814,take_profit
AAPL/USD,prevday,2.0,2026-08-09 23:15:00+00:00,short,9.147605013266446,0.5153923494301625,take_profit
AAPL/USD,prevday,2.0,2026-08-10 00:20:00+00:00,short,-23.9994686303669,-1.3383769970354207,stop_loss
AAPL/USD,prevday,2.0,2026-08-10 10:10:00+00:00,short,6.457722621093762,0.3700323032095767,take_profit
AAPL/USD,prevday,2.0,2026-08-11 19:05:00+00:00,long,6.510714887132598,0.3703281319856607,time_exit
AAPL/USD,prevday,2.0,2026-08-13 14:00:00+00:00,short,-7.296417298583783,-0.41196746174000903,time_exit
AAPL/USD,prevday,2.0,2026-08-14 14:20:00+00:00,short,-10.514228797817257,-0.5985822047731119,time_exit
AAPL/USD,prevday,2.0,2026-08-16 05:20:00+00:00,long,3.290140644725019,0.18957952582670148,take_profit
AAPL/USD,prevday,2.0,2026-08-16 21:25:00+00:00,long,21.069668485899342,1.2094589115295344,take_profit
AAPL/USD,prevday,2.0,2026-08-18 10:05:00+00:00,short,26.372044912289653,1.4780769365128612,take_profit
AAPL/USD,prevday,2.0,2026-08-20 13:45:00+00:00,short,34.012970742736925,1.8515928240175916,take_profit
AAPL/USD,prevday,2.0,2026-08-21 15:25:00+00:00,long,-24.697268955469752,-1.2964559257236479,stop_loss
AAPL/USD,prevday,2.3,2026-07-11 01:35:00+00:00,short,1.172942714964229,0.058647135748211454,time_exit
AAPL/USD,prevday,2.3,2026-07-14 08:10:00+00:00,long,-28.25179030542695,-1.4109345698463551,stop_loss
AAPL/USD,prevday,2.3,2026-07-14 10:00:00+00:00,long,31.705996167555192,1.6294226972572288,take_profit
AAPL/USD,prevday,2.3,2026-07-15 09:00:00+00:00,short,28.666155766024392,1.4267062067069267,take_profit
AAPL/USD,prevday,2.3,2026-07-16 10:00:00+00:00,short,-28.614333106510767,-1.384618142120906,stop_loss
AAPL/USD,prevday,2.3,2026-07-16 11:25:00+00:00,short,-32.51526220955856,-1.6181916383467867,stop_loss
AAPL/USD,prevday,2.3,2026-07-21 14:20:00+00:00,long,-14.038005343862519,-0.7219980139925153,time_exit
AAPL/USD,prevday,2.3,2026-07-29 14:05:00+00:00,short,-25.06289122144744,-1.3079124756335085,stop_loss
AAPL/USD,prevday,2.3,2026-07-29 19:50:00+00:00,short,0.9116945692376559,0.048854940796123625,time_exit
AAPL/USD,prevday,2.3,2026-08-04 10:40:00+00:00,long,-25.510055262704892,-1.3656719252326899,stop_loss
AAPL/USD,prevday,2.3,2026-08-04 11:35:00+00:00,long,33.81550868274865,1.8611354917040968,take_profit
AAPL/USD,prevday,2.3,2026-08-05 03:20:00+00:00,short,-31.97862127958403,-1.6968747411479268,stop_loss
AAPL/USD,prevday,2.3,2026-08-05 05:00:00+00:00,short,-31.77038421816698,-1.7450476480175612,stop_loss
AAPL/USD,prevday,2.3,2026-08-05 10:15:00+00:00,short,29.086997834340664,1.655433862082179,take_profit
AAPL/USD,prevday,2.3,2026-08-05 12:30:00+00:00,short,-20.38339874949702,-1.1229063223624298,stop_loss
AAPL/USD,prevday,2.3,2026-08-05 20:25:00+00:00,short,-25.290842771494333,-1.425262499999969,stop_loss
AAPL/USD,prevday,2.3,2026-08-09 06:50:00+00:00,short,22.75686779135847,1.3200901343034042,take_profit
AAPL/USD,prevday,2.3,2026-08-09 23:15:00+00:00,short,13.274068753640382,0.7502012018447267,take_profit
AAPL/USD,prevday,2.3,2026-08-10 00:20:00+00:00,short,-24.036572251041,-1.3383769970354205,stop_loss
AAPL/USD,prevday,2.3,2026-08-10 10:10:00+00:00,short,10.190767274148039,0.5830371486910738,take_profit
AAPL/USD,prevday,2.3,2026-08-11 19:05:00+00:00,long,6.548355656032537,0.3703281319856608,time_exit
AAPL/USD,prevday,2.3,2026-08-13 14:00:00+00:00,short,-7.338600493838776,-0.41196746174000903,time_exit
AAPL/USD,prevday,2.3,2026-08-14 14:20:00+00:00,short,-10.575015311003678,-0.5985822047731117,time_exit
AAPL/USD,prevday,2.3,2026-08-16 05:20:00+00:00,long,6.5547417272419,0.3755164547006996,take_profit
AAPL/USD,prevday,2.3,2026-08-16 21:25:00+00:00,long,26.54220448016886,1.5092489115294372,take_profit
AAPL/USD,prevday,2.3,2026-08-18 10:05:00+00:00,short,32.21759889667268,1.7782869365128666,take_profit
AAPL/USD,prevday,2.3,2026-08-20 13:45:00+00:00,short,40.371183290552736,2.1518028240175773,take_profit
AAPL/USD,prevday,2.3,2026-08-21 15:25:00+00:00,long,-25.370328147411982,-1.2964559257236479,stop_loss
ETH,asia,1.0,2026-07-08 18:10:00+00:00,long,-30.648277582450604,-1.5324138791225301,stop_loss
ETH,asia,1.0,2026-07-08 18:30:00+00:00,short,-4.246800253723279,-0.21905362911677817,time_exit
ETH,asia,1.0,2026-07-12 00:40:00+00:00,long,13.278516168591308,0.6879312219660032,take_profit
ETH,asia,1.0,2026-07-13 03:45:00+00:00,long,12.896997616551173,0.6590972982194566,take_profit
ETH,asia,1.0,2026-07-13 14:10:00+00:00,long,15.714301762796357,0.7926264451972567,take_profit
ETH,asia,1.0,2026-07-13 19:20:00+00:00,long,5.573178426403141,0.2767233143177739,take_profit
ETH,asia,1.0,2026-07-13 23:45:00+00:00,long,17.367594593873676,0.8576014663841972,take_profit
ETH,asia,1.0,2026-07-18 12:55:00+00:00,short,12.717378371912531,0.6173871198437204,take_profit
ETH,asia,1.0,2026-07-18 13:25:00+00:00,long,9.89078746193089,0.4743087352124893,take_profit
ETH,asia,1.0,2026-07-19 17:05:00+00:00,long,-26.569474201412213,-1.2621554237112491,stop_loss
ETH,asia,1.0,2026-07-19 18:55:00+00:00,long,15.021693253182665,0.732069735211835,take_profit
ETH,asia,1.0,2026-07-19 22:35:00+00:00,long,17.581898020238565,0.8444748963110307,take_profit
ETH,asia,1.0,2026-07-20 07:00:00+00:00,long,11.499832868100873,0.5431737250306706,take_profit
ETH,asia,1.0,2026-07-22 00:40:00+00:00,short,11.556376179557574,0.5399784040570644,take_profit
ETH,asia,1.0,2026-07-22 01:40:00+00:00,short,14.688844084202408,0.6790117566446677,take_profit
ETH,asia,1.0,2026-07-22 14:10:00+00:00,short,17.90504447070306,0.8165954273168311,take_profit
ETH,asia,1.0,2026-07-22 15:30:00+00:00,short,-28.03419841886045,-1.2580100821049394,stop_loss
ETH,asia,1.0,2026-07-22 17:50:00+00:00,short,16.879850092406215,0.7770184177997546,take_profit
ETH,asia,1.0,2026-07-24 17:50:00+00:00,long,-18.76275464578447,-0.8504761430601738,time_exit
ETH,asia,1.0,2026-07-29 18:30:00+00:00,short,-1.9533270335920294,-0.09007228622670709,time_exit
ETH,asia,1.0,2026-08-01 15:15:00+00:00,short,6.724185044109735,0.3106268162294352,take_profit
ETH,asia,1.0,2026-08-01 16:05:00+00:00,short,11.239110696772787,0.5159902719495592,take_profit
ETH,asia,1.0,2026-08-02 19:25:00+00:00,short,-26.847284111352103,-1.2199753545115408,stop_loss
ETH,asia,1.0,2026-08-04 12:00:00+00:00,short,-32.80036789227146,-1.5277679757076845,stop_loss
ETH,asia,1.0,2026-08-04 13:10:00+00:00,short,4.468045303595442,0.21467093183484087,take_profit
ETH,asia,1.0,2026-08-04 14:15:00+00:00,short,-24.360796691430664,-1.165430941313982,stop_loss
ETH,asia,1.0,2026-08-05 05:30:00+00:00,short,11.743677771166285,0.5752303975058481,take_profit
ETH,asia,1.0,2026-08-05 12:30:00+00:00,short,13.777221031605993,0.6671622457795481,take_profit
ETH,asia,1.0,2026-08-05 14:05:00+00:00,long,18.711184679844376,0.8941585722639821,take_profit
ETH,asia,1.0,2026-08-06 13:25:00+00:00,long,11.691595898863905,0.5488948059172772,take_profit
ETH,asia,1.0,2026-08-07 04:15:00+00:00,long,13.32255979802898,0.6186732560727517,take_profit
ETH,asia,1.0,2026-08-09 10:15:00+00:00,short,-33.92097177698075,-1.555969918632003,stop_loss
ETH,asia,1.0,2026-08-13 17:20:00+00:00,long,-0.1319779854209453,-0.0062483326855914114,time_exit
ETH,asia,1.0,2026-08-14 07:00:00+00:00,long,-33.408079974752205,-1.5818614506231345,stop_loss
ETH,asia,1.0,2026-08-14 08:45:00+00:00,long,-28.06726713062351,-1.3723945019014243,stop_loss
ETH,asia,1.0,2026-08-14 15:05:00+00:00,long,0.05343765180583837,0.0026866638196551646,take_profit
ETH,asia,1.0,2026-08-16 01:20:00+00:00,long,-12.73318656525839,-0.6401470197954816,time_exit
ETH,asia,1.5,2026-07-08 18:10:00+00:00,long,-30.648277582450604,-1.5324138791225301,stop_loss
ETH,asia,1.5,2026-07-08 18:30:00+00:00,short,-4.246800253723279,-0.21905362911677817,time_exit
ETH,asia,1.5,2026-07-12 00:40:00+00:00,long,22.922809655774003,1.1875812219659814,take_profit
ETH,asia,1.5,2026-07-13 03:45:00+00:00,long,22.897489296237975,1.1587472982194962,take_profit
ETH,asia,1.5,2026-07-13 14:10:00+00:00,long,-24.38298165097624,-1.2059735548027388,stop_loss
ETH,asia,1.5,2026-07-13 19:20:00+00:00,long,15.318501363355598,0.7763733143177396,take_profit
ETH,asia,1.5,2026-07-13 23:45:00+00:00,long,27.195539192037053,1.3572514663841935,take_profit
ETH,asia,1.5,2026-07-18 12:55:00+00:00,short,-28.484542919074812,-1.3840128801562808,stop_loss
ETH,asia,1.5,2026-07-19 17:05:00+00:00,long,-25.257540895888795,-1.262155423711249,stop_loss
ETH,asia,1.5,2026-07-19 18:55:00+00:00,long,24.026274869966436,1.2317197352118323,take_profit
ETH,asia,1.5,2026-07-19 22:35:00+00:00,long,-23.06727849600617,-1.154125103688963,stop_loss
ETH,asia,1.5,2026-07-20 07:00:00+00:00,long,20.36161694666116,1.0428237250306485,take_profit
ETH,asia,1.5,2026-07-22 00:40:00+00:00,short,20.73655001643612,1.0403284040570617,take_profit
ETH,asia,1.5,2026-07-22 01:40:00+00:00,short,23.99697747499731,1.179361756644695,take_profit
ETH,asia,1.5,2026-07-22 14:10:00+00:00,short,-24.676359350912215,-1.1848045726831617,stop_loss
ETH,asia,1.5,2026-07-22 17:50:00+00:00,short,25.973804458029612,1.2773684177997597,take_profit
ETH,asia,1.5,2026-07-24 17:50:00+00:00,long,-17.735247457640657,-0.8504761430601738,time_exit
ETH,asia,1.5,2026-07-29 18:30:00+00:00,short,-1.8463567296200387,-0.09007228622670707,time_exit
ETH,asia,1.5,2026-08-01 15:15:00+00:00,short,16.59395098716306,0.8109768162293683,take_profit
ETH,asia,1.5,2026-08-02 19:25:00+00:00,short,-25.367633878247958,-1.2199753545115408,stop_loss
ETH,asia,1.5,2026-08-04 12:00:00+00:00,short,-30.99262183511331,-1.5277679757076843,stop_loss
ETH,asia,1.5,2026-08-04 13:10:00+00:00,short,14.061857239862938,0.7150209318348012,take_profit
ETH,asia,1.5,2026-08-04 14:15:00+00:00,short,-23.24754396213678,-1.1654309413139816,stop_loss
ETH,asia,1.5,2026-08-05 05:30:00+00:00,short,-27.785554263627397,-1.42616960249413,stop_loss
ETH,asia,1.5,2026-08-05 12:30:00+00:00,short,22.097425637500802,1.1675122457795464,take_profit
ETH,asia,1.5,2026-08-05 14:05:00+00:00,long,26.996512592140434,1.3938085722639915,take_profit
ETH,asia,1.5,2026-08-06 13:25:00+00:00,long,20.875280794993962,1.0485448059173224,take_profit
ETH,asia,1.5,2026-08-07 04:15:00+00:00,long,22.731393039359553,1.118323256072772,take_profit
ETH,asia,1.5,2026-08-09 10:15:00+00:00,short,-32.33452512302627,-1.5559699186320028,stop_loss
ETH,asia,1.5,2026-08-13 17:20:00+00:00,long,-0.12580551976331922,-0.006248332685591404,time_exit
ETH,asia,1.5,2026-08-14 07:00:00+00:00,long,-31.84562070797624,-1.5818614506231345,stop_loss
ETH,asia,1.5,2026-08-14 08:45:00+00:00,long,-26.754591824097034,-1.372394501901424,stop_loss
ETH,asia,1.5,2026-08-14 15:05:00+00:00,long,9.524169535662814,0.5023366638196716,take_profit
ETH,asia,1.5,2026-08-16 01:20:00+00:00,long,-12.258954605366174,-0.6401470197954817,time_exit
ETH,asia,2.0,2026-07-08 18:10:00+00:00,long,-30.648277582450604,-1.5324138791225301,stop_loss
ETH,asia,2.0,2026-07-08 18:30:00+00:00,short,-4.246800253723279,-0.21905362911677817,time_exit
ETH,asia,2.0,2026-07-12 00:40:00+00:00,long,32.567103142957244,1.687231221965988,take_profit
ETH,asia,2.0,2026-07-13 03:45:00+00:00,long,-26.727687467786133,-1.339502701780547,stop_loss
ETH,asia,2.0,2026-07-13 14:10:00+00:00,long,-23.418663892385737,-1.2059735548027388,stop_loss
ETH,asia,2.0,2026-07-13 19:20:00+00:00,long,24.181297017410714,1.276023314317772,take_profit
ETH,asia,2.0,2026-07-13 23:45:00+00:00,long,25.554461003373763,1.3149262981010317,time_exit
ETH,asia,2.0,2026-07-18 12:55:00+00:00,short,-27.60445333451945,-1.384012880156281,stop_loss
ETH,asia,2.0,2026-07-19 17:05:00+00:00,long,-24.47715629441895,-1.262155423711249,stop_loss
ETH,asia,2.0,2026-07-19 18:55:00+00:00,long,32.72911477459399,1.73136973521183,take_profit
ETH,asia,2.0,2026-07-20 07:00:00+00:00,long,30.167976819390958,1.5424737250306662,take_profit
ETH,asia,2.0,2026-07-22 00:40:00+00:00,short,31.06244661848402,1.5406784040570598,take_profit
ETH,asia,2.0,2026-07-22 01:40:00+00:00,short,34.909092014192275,1.6797117566446682,take_profit
ETH,asia,2.0,2026-07-22 14:10:00+00:00,short,-25.45075035764853,-1.1848045726831617,stop_loss
ETH,asia,2.0,2026-07-22 17:50:00+00:00,short,26.64623377128436,1.2705651421507824,time_exit
ETH,asia,2.0,2026-07-24 17:50:00+00:00,long,-18.28938631040103,-0.8504761430601738,time_exit
ETH,asia,2.0,2026-07-29 18:30:00+00:00,short,-1.904046254526964,-0.09007228622670709,time_exit
ETH,asia,2.0,2026-08-01 15:15:00+00:00,short,27.670320352058027,1.3113268162294214,take_profit
ETH,asia,2.0,2026-08-02 19:25:00+00:00,short,-26.41785441621625,-1.219975354511541,stop_loss
ETH,asia,2.0,2026-08-04 12:00:00+00:00,short,-32.27571698434718,-1.5277679757076843,stop_loss
ETH,asia,2.0,2026-08-04 13:10:00+00:00,short,24.891459118630017,1.2153709318348298,take_profit
ETH,asia,2.0,2026-08-04 14:15:00+00:00,short,-24.448846425731805,-1.1654309413139818,stop_loss
ETH,asia,2.0,2026-08-05 05:30:00+00:00,short,-29.22135560434592,-1.42616960249413,stop_loss
ETH,asia,2.0,2026-08-05 12:30:00+00:00,short,33.19874828172965,1.6678622457795453,take_profit
ETH,asia,2.0,2026-08-05 14:05:00+00:00,long,21.047863065348025,1.0232835425946112,time_exit
ETH,asia,2.0,2026-08-06 13:25:00+00:00,long,32.49645789719144,1.5481948059172903,take_profit
ETH,asia,2.0,2026-08-07 04:15:00+00:00,long,35.01266875259079,1.6179732560727595,take_profit
ETH,asia,2.0,2026-08-09 10:15:00+00:00,short,-34.76050016035039,-1.5559699186320026,stop_loss
ETH,asia,2.0,2026-08-13 17:20:00+00:00,long,-0.13524437959942848,-0.006248332685591403,time_exit
ETH,asia,2.0,2026-08-14 07:00:00+00:00,long,-34.23491452292162,-1.5818614506231348,stop_loss
ETH,asia,2.0,2026-08-14 08:45:00+00:00,long,-28.761919027824366,-1.3723945019014243,stop_loss
ETH,asia,2.0,2026-08-14 15:05:00+00:00,long,20.422726032835545,1.001986663819688,take_profit
ETH,asia,2.0,2026-08-16 01:20:00+00:00,long,-13.309096903712916,-0.6401470197954817,time_exit
ETH,asia,2.3,2026-07-08 18:10:00+00:00,long,-30.648277582450604,-1.5324138791225301,stop_loss
ETH,asia,2.3,2026-07-08 18:30:00+00:00,short,-4.246800253723279,-0.21905362911677817,time_exit
ETH,asia,2.3,2026-07-12 00:40:00+00:00,long,38.353679235267194,1.9870212219659922,take_profit
ETH,asia,2.3,2026-07-13 03:45:00+00:00,long,-26.88271015398029,-1.339502701780547,stop_loss
ETH,asia,2.3,2026-07-13 14:10:00+00:00,long,-23.554493981990436,-1.2059735548027386,stop_loss
ETH,asia,2.3,2026-07-13 19:20:00+00:00,long,30.035676132738203,1.5758133143177244,take_profit
ETH,asia,2.3,2026-07-13 23:45:00+00:00,long,25.852951966849073,1.3149262981010317,time_exit
ETH,asia,2.3,2026-07-18 12:55:00+00:00,short,-27.926889400415813,-1.384012880156281,stop_loss
ETH,asia,2.3,2026-07-19 17:05:00+00:00,long,-24.763063712481582,-1.262155423711249,stop_loss
ETH,asia,2.3,2026-07-19 18:55:00+00:00,long,38.84471417510348,2.031159735211838,take_profit
ETH,asia,2.3,2026-07-20 07:00:00+00:00,long,36.66343520172026,1.842263725030669,take_profit
ETH,asia,2.3,2026-07-22 00:40:00+00:00,short,37.98593038661787,1.8408884040570659,take_profit
ETH,asia,2.3,2026-07-22 14:10:00+00:00,short,-25.34804437538389,-1.1848045726831617,stop_loss
ETH,asia,2.3,2026-07-22 17:50:00+00:00,short,26.538703440167406,1.2705651421507824,time_exit
ETH,asia,2.3,2026-07-24 17:50:00+00:00,long,-18.215579866204678,-0.8504761430601738,time_exit
ETH,asia,2.3,2026-07-29 18:30:00+00:00,short,-1.8963625148296896,-0.09007228622670709,time_exit
ETH,asia,2.3,2026-08-01 15:15:00+00:00,short,33.867827882731156,1.6115368162294292,take_profit
ETH,asia,2.3,2026-08-02 19:25:00+00:00,short,-26.465186356691934,-1.2199753545115408,stop_loss
ETH,asia,2.3,2026-08-04 12:00:00+00:00,short,-32.33354425112837,-1.5277679757076845,stop_loss
ETH,asia,2.3,2026-08-04 13:10:00+00:00,short,31.095536686432844,1.515580931834847,take_profit
ETH,asia,2.3,2026-08-04 14:15:00+00:00,short,-24.636219545039864,-1.1654309413139818,stop_loss
ETH,asia,2.3,2026-08-05 05:30:00+00:00,short,-29.445304679678713,-1.42616960249413,stop_loss
ETH,asia,2.3,2026-08-05 12:30:00+00:00,short,39.47464758228425,1.9680722457795272,take_profit
ETH,asia,2.3,2026-08-05 14:05:00+00:00,long,21.33240482430548,1.0232835425946112,time_exit
ETH,asia,2.3,2026-08-06 13:25:00+00:00,long,39.313401586095274,1.8479848059172788,take_profit
ETH,asia,2.3,2026-08-07 04:15:00+00:00,long,42.30572059373077,1.9177632560727718,take_profit
ETH,asia,2.3,2026-08-09 10:15:00+00:00,short,-35.64111395687312,-1.5559699186320026,stop_loss
ETH,asia,2.3,2026-08-13 17:20:00+00:00,long,-0.13867062680611486,-0.006248332685591412,time_exit
ETH,asia,2.3,2026-08-14 07:00:00+00:00,long,-35.1022132646713,-1.5818614506231348,stop_loss
ETH,asia,2.3,2026-08-14 08:45:00+00:00,long,-29.49056627379416,-1.3723945019014243,stop_loss
ETH,asia,2.3,2026-08-14 15:05:00+00:00,long,27.20529908324065,1.3017766638197323,take_profit
ETH,asia,2.3,2026-08-16 01:20:00+00:00,long,-13.72647906719779,-0.6401470197954816,time_exit
ETH,london,1.0,2026-07-08 18:10:00+00:00,long,1.2198750104676523,0.060993750523382614,time_exit
ETH,london,1.0,2026-07-09 07:05:00+00:00,short,14.828886180289883,0.7405409416255769,take_profit
ETH,london,1.0,2026-07-09 14:35:00+00:00,long,-25.545846820083845,-1.2571171677895365,stop_loss
ETH,london,1.0,2026-07-09 18:20:00+00:00,short,12.838210722869285,0.6480652674821343,take_profit
ETH,london,1.0,2026-07-12 04:00:00+00:00,short,4.074028932983328,0.2030231210050072,take_profit
ETH,london,1.0,2026-07-12 09:00:00+00:00,short,11.035466420778285,0.5477119525485971,take_profit
ETH,london,1.0,2026-07-12 12:55:00+00:00,short,-36.66049464818404,-1.799816992211302,stop_loss
ETH,london,1.0,2026-07-12 22:00:00+00:00,short,-23.95267985812967,-1.219847258019303,stop_loss
ETH,london,1.0,2026-07-13 02:45:00+00:00,short,16.798635284086387,0.876904288680383,take_profit
ETH,london,1.0,2026-07-14 01:25:00+00:00,short,13.362622896634969,0.6855185824763795,take_profit
ETH,london,1.0,2026-07-15 10:50:00+00:00,short,-25.032586206591336,-1.2668329473591877,stop_loss
ETH,london,1.0,2026-07-16 12:15:00+00:00,long,-22.45981365613919,-1.1661788113981635,stop_loss
ETH,london,1.0,2026-07-16 17:30:00+00:00,long,-22.99028772616925,-1.2222293259524262,stop_loss
ETH,london,1.0,2026-07-21 15:45:00+00:00,long,-25.61053548729341,-1.3956451454696497,stop_loss
ETH,london,1.0,2026-07-21 23:15:00+00:00,long,9.071548088871626,0.5085487353568945,take_profit
ETH,london,1.0,2026-07-22 02:10:00+00:00,long,-24.263139821208433,-1.3464904784819614,stop_loss
ETH,london,1.0,2026-07-22 14:10:00+00:00,short,14.318411061565982,0.8165954273168312,take_profit
ETH,london,1.0,2026-07-22 17:50:00+00:00,short,13.846970164913248,0.7770184177997546,take_profit
ETH,london,1.0,2026-07-23 08:50:00+00:00,long,-21.513057897523332,-1.1887253138583422,stop_loss
ETH,london,1.0,2026-07-27 17:30:00+00:00,long,-22.011861276131786,-1.2459080368432116,stop_loss
ETH,london,1.0,2026-07-27 19:05:00+00:00,long,-22.243986587772255,-1.2912215833411604,stop_loss
ETH,london,1.0,2026-07-29 03:25:00+00:00,short,13.143841349400564,0.7832009888755403,take_profit
ETH,london,1.0,2026-07-29 17:10:00+00:00,long,11.28268217649009,0.6619317391083889,take_profit
ETH,london,1.0,2026-07-29 18:30:00+00:00,short,-1.555614835412982,-0.0900722862267071,time_exit
ETH,london,1.0,2026-07-30 11:30:00+00:00,short,-22.951712968666566,-1.3313347792525838,stop_loss
ETH,london,1.0,2026-07-30 12:15:00+00:00,short,-24.057482767818787,-1.433649295591028,stop_loss
ETH,london,1.0,2026-07-30 23:25:00+00:00,short,12.029045468610436,0.7380035339421037,take_profit
ETH,london,1.0,2026-07-31 03:15:00+00:00,long,-21.76983063596104,-1.3161911166276765,stop_loss
ETH,london,1.0,2026-08-01 01:00:00+00:00,long,1.7446163221751174,0.10833013683671253,take_profit
ETH,london,1.0,2026-08-01 10:40:00+00:00,long,8.905875517235106,0.5518055383783226,take_profit
ETH,london,1.0,2026-08-01 15:15:00+00:00,short,5.068695222181876,0.3106268162294352,take_profit
ETH,london,1.0,2026-08-01 16:05:00+00:00,short,8.472049224791641,0.515990271949559,take_profit
ETH,london,1.0,2026-08-04 00:10:00+00:00,short,10.936656483220819,0.6592934302356099,take_profit
ETH,london,1.0,2026-08-04 06:10:00+00:00,short,9.160199650688051,0.5450169291028872,take_profit
ETH,london,1.0,2026-08-04 08:05:00+00:00,short,5.413525690548219,0.3186228464134891,take_profit
ETH,london,1.0,2026-08-05 12:30:00+00:00,short,11.407579213545134,0.667162245779548,take_profit
ETH,london,1.0,2026-08-07 11:50:00+00:00,short,-25.043688333140594,-1.4453721501774528,stop_loss
ETH,london,1.0,2026-08-08 16:10:00+00:00,short,-31.769633622628874,-1.888134696569959,stop_loss
ETH,london,1.0,2026-08-08 18:50:00+00:00,short,4.901688788408826,0.30275011034660737,take_profit
ETH,london,1.0,2026-08-09 10:15:00+00:00,short,-25.344536038502625,-1.5559699186320028,stop_loss
ETH,london,1.0,2026-08-09 16:10:00+00:00,short,1.5416759687806199,0.09768765696962703,take_profit
ETH,london,1.0,2026-08-09 21:00:00+00:00,short,-21.724292553762144,-1.3738665719158825,stop_loss
ETH,london,1.0,2026-08-09 22:30:00+00:00,short,12.664804116319893,0.8235645758627971,take_profit
ETH,london,1.0,2026-08-10 00:35:00+00:00,short,-17.645754304301747,-1.1288709354120343,stop_loss
ETH,london,1.0,2026-08-10 02:00:00+00:00,short,5.73176008543169,0.3751541017894444,take_profit
ETH,london,1.0,2026-08-10 07:00:00+00:00,short,6.958952224551387,0.4520840313001796,take_profit
ETH,london,1.0,2026-08-12 15:00:00+00:00,long,-21.073798870888403,-1.3567787618079816,stop_loss
ETH,london,1.0,2026-08-13 14:45:00+00:00,short,5.625532843574513,0.3722867228651359,take_profit
ETH,london,1.0,2026-08-14 17:25:00+00:00,short,2.6162106794621316,0.1718560933317854,take_profit
ETH,london,1.0,2026-08-14 19:10:00+00:00,short,-19.702348128062106,-1.2897930899677894,stop_loss
ETH,london,1.0,2026-08-15 05:35:00+00:00,short,7.122705261781521,0.4786268532125994,take_profit
ETH,london,1.0,2026-08-15 11:00:00+00:00,short,-6.3566022484649425,-0.42309665945022973,take_profit
ETH,london,1.0,2026-08-16 02:10:00+00:00,short,-12.532631989054929,-0.8412933463854726,time_exit
ETH,london,1.0,2026-08-18 01:00:00+00:00,short,2.059754784068904,0.1406339721394265,take_profit
ETH,london,1.0,2026-08-18 03:15:00+00:00,long,-21.839908255558914,-1.4869820168376557,stop_loss
ETH,london,1.0,2026-08-18 04:50:00+00:00,long,8.193757170204105,0.5749759867632293,take_profit
ETH,london,1.5,2026-07-08 18:10:00+00:00,long,1.2198750104676523,0.060993750523382614,time_exit
ETH,london,1.5,2026-07-09 07:05:00+00:00,short,24.84809346951949,1.2408909416255698,take_profit
ETH,london,1.5,2026-07-09 14:35:00+00:00,long,-25.797753169902492,-1.2571171677895365,stop_loss
ETH,london,1.5,2026-07-09 18:20:00+00:00,short,22.974511737394828,1.1484152674821329,take_profit
ETH,london,1.5,2026-07-12 04:00:00+00:00,short,14.394456744307567,0.7033731210050815,take_profit
ETH,london,1.5,2026-07-12 09:00:00+00:00,short,-30.168073580906594,-1.4536880474513834,stop_loss
ETH,london,1.5,2026-07-12 22:00:00+00:00,short,-24.579217426488103,-1.219847258019303,stop_loss
ETH,london,1.5,2026-07-13 02:45:00+00:00,short,27.073841492929667,1.3772542886803831,take_profit
ETH,london,1.5,2026-07-14 01:25:00+00:00,short,23.95373267314351,1.1858685824763915,take_profit
ETH,london,1.5,2026-07-15 10:50:00+00:00,short,-26.19606491297796,-1.2668329473591877,stop_loss
ETH,london,1.5,2026-07-16 12:15:00+00:00,long,-23.503713584123805,-1.1661788113981633,stop_loss
ETH,london,1.5,2026-07-16 17:30:00+00:00,long,-24.058843328149223,-1.222229325952426,stop_loss
ETH,london,1.5,2026-07-21 15:45:00+00:00,long,-26.80087644738083,-1.39564514546965,stop_loss
ETH,london,1.5,2026-07-21 23:15:00+00:00,long,18.820246801074838,1.008198735356894,take_profit
ETH,london,1.5,2026-07-22 02:10:00+00:00,long,-25.642031878825048,-1.3464904784819614,stop_loss
ETH,london,1.5,2026-07-22 14:10:00+00:00,short,-21.95533353389859,-1.1848045726831617,stop_loss
ETH,london,1.5,2026-07-22 17:50:00+00:00,short,23.10971127915679,1.2773684177997597,take_profit
ETH,london,1.5,2026-07-23 08:50:00+00:00,long,-22.05543262298581,-1.1887253138583422,stop_loss
ETH,london,1.5,2026-07-27 17:30:00+00:00,long,-22.566811542775863,-1.2459080368432116,stop_loss
ETH,london,1.5,2026-07-27 19:05:00+00:00,long,-22.804789063003955,-1.2912215833411602,stop_loss
ETH,london,1.5,2026-07-29 03:25:00+00:00,short,-20.959492313121416,-1.218199011124456,stop_loss
ETH,london,1.5,2026-07-29 17:10:00+00:00,long,19.498451294254345,1.1615817391083567,take_profit
ETH,london,1.5,2026-07-29 18:30:00+00:00,short,-1.5470896714929039,-0.09007228622670709,time_exit
ETH,london,1.5,2026-07-30 11:30:00+00:00,short,-22.82593175930152,-1.331334779252584,stop_loss
ETH,london,1.5,2026-07-30 12:15:00+00:00,short,-23.925641659447216,-1.4336492955910278,stop_loss
ETH,london,1.5,2026-07-30 23:25:00+00:00,short,20.073855028806044,1.238353533942102,take_profit
ETH,london,1.5,2026-07-31 03:15:00+00:00,long,-21.864031903980198,-1.3161911166276767,stop_loss
ETH,london,1.5,2026-08-01 01:00:00+00:00,long,9.833660996110734,0.60798013683678,take_profit
ETH,london,1.5,2026-08-01 10:40:00+00:00,long,-23.6854521112884,-1.4467944616216644,stop_loss
ETH,london,1.5,2026-08-04 00:10:00+00:00,short,18.435172971239602,1.1596434302355954,take_profit
ETH,london,1.5,2026-08-04 06:10:00+00:00,short,17.003918167518254,1.0453669291028824,take_profit
ETH,london,1.5,2026-08-04 08:05:00+00:00,short,13.599911360356074,0.8189728464135486,take_profit
ETH,london,1.5,2026-08-05 12:30:00+00:00,short,19.705338431321234,1.1675122457795466,take_profit
ETH,london,1.5,2026-08-07 11:50:00+00:00,short,-24.96470473065908,-1.4453721501774526,stop_loss
ETH,london,1.5,2026-08-08 16:10:00+00:00,short,-31.66943751414623,-1.8881346965699595,stop_loss
ETH,london,1.5,2026-08-08 18:50:00+00:00,short,12.961619047572238,0.8031001103465926,take_profit
ETH,london,1.5,2026-08-09 10:15:00+00:00,short,-25.515904871375156,-1.5559699186320026,stop_loss
ETH,london,1.5,2026-08-09 16:10:00+00:00,short,9.501858744615468,0.5980376569697002,take_profit
ETH,london,1.5,2026-08-09 21:00:00+00:00,short,-22.08962101264428,-1.3738665719158827,stop_loss
ETH,london,1.5,2026-08-09 22:30:00+00:00,short,2.6146908175942922,0.16721564194643668,time_exit
ETH,london,1.5,2026-08-12 15:00:00+00:00,long,-21.28641237682822,-1.3567787618079816,stop_loss
ETH,london,1.5,2026-08-13 14:45:00+00:00,short,13.319233803366288,0.872636722865128,take_profit
ETH,london,1.5,2026-08-14 17:25:00+00:00,short,10.439085278433652,0.6722060933317698,take_profit
ETH,london,1.5,2026-08-14 19:10:00+00:00,short,-20.29924355956919,-1.289793089967789,stop_loss
ETH,london,1.5,2026-08-15 05:35:00+00:00,short,-23.34774752178547,-1.522773146787395,stop_loss
ETH,london,1.5,2026-08-16 02:10:00+00:00,short,-12.506189252359,-0.8412933463854726,time_exit
ETH,london,1.5,2026-08-18 01:00:00+00:00,short,9.368178480987002,0.6409839721394607,take_profit
ETH,london,1.5,2026-08-18 03:15:00+00:00,long,-22.01130713297506,-1.4869820168376557,stop_loss
ETH,london,1.5,2026-08-18 04:50:00+00:00,long,15.434257600796892,1.0746259867632142,take_profit
ETH,london,2.0,2026-07-08 18:10:00+00:00,long,1.2198750104676523,0.060993750523382614,time_exit
ETH,london,2.0,2026-07-09 07:05:00+00:00,short,34.867300758749096,1.7412409416255625,take_profit
ETH,london,2.0,2026-07-09 14:35:00+00:00,long,-26.049659519721146,-1.2571171677895365,stop_loss
ETH,london,2.0,2026-07-09 18:20:00+00:00,short,33.30629551292175,1.6487652674821316,take_profit
ETH,london,2.0,2026-07-12 04:00:00+00:00,short,25.11794138751847,1.2037231210050128,take_profit
ETH,london,2.0,2026-07-12 09:00:00+00:00,short,-31.064201594260236,-1.4536880474513831,stop_loss
ETH,london,2.0,2026-07-12 22:00:00+00:00,short,-25.309331174822585,-1.2198472580193032,stop_loss
ETH,london,2.0,2026-07-13 02:45:00+00:00,short,38.00602366219973,1.8776042886803834,take_profit
ETH,london,2.0,2026-07-14 01:25:00+00:00,short,-27.63599004769513,-1.3158814175236109,stop_loss
ETH,london,2.0,2026-07-15 10:50:00+00:00,short,-25.905676069213353,-1.2668329473591877,stop_loss
ETH,london,2.0,2026-07-16 12:15:00+00:00,long,-23.243170016433726,-1.1661788113981633,stop_loss
ETH,london,2.0,2026-07-16 17:30:00+00:00,long,-23.792146031452802,-1.2222293259524257,stop_loss
ETH,london,2.0,2026-07-21 15:45:00+00:00,long,-26.503783141600486,-1.3956451454696497,stop_loss
ETH,london,2.0,2026-07-21 23:15:00+00:00,long,27.83529413260871,1.5078487353568935,take_profit
ETH,london,2.0,2026-07-22 02:10:00+00:00,long,-25.60617638289447,-1.3464904784819614,stop_loss
ETH,london,2.0,2026-07-22 14:10:00+00:00,short,-21.924633183165888,-1.1848045726831617,stop_loss
ETH,london,2.0,2026-07-22 17:50:00+00:00,short,22.954486329033855,1.2705651421507826,time_exit
ETH,london,2.0,2026-07-23 08:50:00+00:00,long,-22.02167016814839,-1.1887253138583422,stop_loss
ETH,london,2.0,2026-07-27 17:30:00+00:00,long,-22.532266269120996,-1.2459080368432116,stop_loss
ETH,london,2.0,2026-07-27 19:05:00+00:00,long,-22.769879493376465,-1.2912215833411604,stop_loss
ETH,london,2.0,2026-07-29 03:25:00+00:00,short,-20.92740752363968,-1.218199011124456,stop_loss
ETH,london,2.0,2026-07-29 17:10:00+00:00,long,27.842949179466824,1.661231739108382,take_profit
ETH,london,2.0,2026-07-29 18:30:00+00:00,short,-1.559807316724906,-0.09007228622670707,time_exit
ETH,london,2.0,2026-07-30 11:30:00+00:00,short,-23.01356930065008,-1.3313347792525838,stop_loss
ETH,london,2.0,2026-07-30 12:15:00+00:00,short,-24.1223192200176,-1.433649295591028,stop_loss
ETH,london,2.0,2026-07-30 23:25:00+00:00,short,28.416274463351677,1.7387035339421224,take_profit
ETH,london,2.0,2026-07-31 03:15:00+00:00,long,-22.25902283097448,-1.3161911166276765,stop_loss
ETH,london,2.0,2026-08-01 01:00:00+00:00,long,-31.126156343284755,-1.890269863163247,stop_loss
ETH,london,2.0,2026-08-01 10:40:00+00:00,long,-22.92299914665746,-1.4467944616216641,stop_loss
ETH,london,2.0,2026-08-04 00:10:00+00:00,short,-20.64902292324892,-1.3421065697643917,stop_loss
ETH,london,2.0,2026-08-04 06:10:00+00:00,short,-21.805769884330825,-1.4563830708971317,stop_loss
ETH,london,2.0,2026-08-05 12:30:00+00:00,short,24.244772220676772,1.667862245779545,take_profit
ETH,london,2.0,2026-08-07 11:50:00+00:00,short,-21.71141363271869,-1.4453721501774526,stop_loss
ETH,london,2.0,2026-08-08 16:10:00+00:00,short,-27.54241497359838,-1.888134696569959,stop_loss
ETH,london,2.0,2026-08-08 18:50:00+00:00,short,18.295557515180178,1.303450110346637,take_profit
ETH,london,2.0,2026-08-09 10:15:00+00:00,short,-22.409336560749487,-1.555969918632003,stop_loss
ETH,london,2.0,2026-08-09 16:10:00+00:00,short,15.326878242617196,1.098387656969621,take_profit
ETH,london,2.0,2026-08-09 21:00:00+00:00,short,-19.59204693591278,-1.3738665719158827,stop_loss
ETH,london,2.0,2026-08-09 22:30:00+00:00,short,2.3190594891548697,0.16721564194643662,time_exit
ETH,london,2.0,2026-08-12 15:00:00+00:00,long,-18.87965348727774,-1.3567787618079816,stop_loss
ETH,london,2.0,2026-08-13 14:45:00+00:00,short,18.586757914017046,1.3729867228651735,take_profit
ETH,london,2.0,2026-08-14 17:25:00+00:00,short,16.309315868360784,1.1725560933317545,take_profit
ETH,london,2.0,2026-08-14 19:10:00+00:00,short,-18.360701425673412,-1.289793089967789,stop_loss
ETH,london,2.0,2026-08-15 05:35:00+00:00,short,-21.11807860975324,-1.5227731467873946,stop_loss
ETH,london,2.0,2026-08-16 02:10:00+00:00,short,-11.311870127657242,-0.8412933463854725,time_exit
ETH,london,2.0,2026-08-18 01:00:00+00:00,short,15.087946811381217,1.1413339721394216,take_profit
ETH,london,2.0,2026-08-18 03:15:00+00:00,long,-20.105976194253216,-1.486982016837656,stop_loss
ETH,london,2.0,2026-08-18 04:50:00+00:00,long,20.653259754673957,1.5742759867632357,take_profit
ETH,london,2.3,2026-07-08 18:10:00+00:00,long,1.2198750104676523,0.060993750523382614,time_exit
ETH,london,2.3,2026-07-09 07:05:00+00:00,short,0.08135249895831631,0.0040626689995274905,time_exit
ETH,london,2.3,2026-07-12 04:00:00+00:00,short,30.11780160308748,1.5039331210049856,take_profit
ETH,london,2.3,2026-07-12 09:00:00+00:00,short,-29.98723029069542,-1.4536880474513834,stop_loss
ETH,london,2.3,2026-07-12 22:00:00+00:00,short,-24.431876677722656,-1.219847258019303,stop_loss
ETH,london,2.3,2026-07-13 02:45:00+00:00,short,42.55448780970075,2.177814288680388,take_profit
ETH,london,2.3,2026-07-14 01:25:00+00:00,short,-26.832254044248998,-1.315881417523611,stop_loss
ETH,london,2.3,2026-07-15 10:50:00+00:00,short,-25.15226269359317,-1.2668329473591877,stop_loss
ETH,london,2.3,2026-07-16 12:15:00+00:00,long,-22.567190160304577,-1.1661788113981635,stop_loss
ETH,london,2.3,2026-07-16 17:30:00+00:00,long,-23.100200335578535,-1.222229325952426,stop_loss
ETH,london,2.3,2026-07-21 15:45:00+00:00,long,-25.732975050351747,-1.3956451454696497,stop_loss
ETH,london,2.3,2026-07-21 23:15:00+00:00,long,32.39901503324566,1.807638735356902,take_profit
ETH,london,2.3,2026-07-22 02:10:00+00:00,long,-25.006174027348244,-1.3464904784819611,stop_loss
ETH,london,2.3,2026-07-22 14:10:00+00:00,short,-21.410896522225986,-1.184804572683162,stop_loss
ETH,london,2.3,2026-07-22 17:50:00+00:00,short,22.41661821230189,1.2705651421507826,time_exit
ETH,london,2.3,2026-07-23 08:50:00+00:00,long,-21.505659742523974,-1.1887253138583425,stop_loss
ETH,london,2.3,2026-07-27 17:30:00+00:00,long,-22.004291586954125,-1.2459080368432116,stop_loss
ETH,london,2.3,2026-07-27 19:05:00+00:00,long,-22.236337072702668,-1.2912215833411604,stop_loss
ETH,london,2.3,2026-07-29 03:25:00+00:00,short,-20.437037793231678,-1.218199011124456,stop_loss
ETH,london,2.3,2026-07-29 17:10:00+00:00,long,32.0974062698596,1.961021739108351,take_profit
ETH,london,2.3,2026-07-29 18:30:00+00:00,short,-1.5320974697319059,-0.09007228622670709,time_exit
ETH,london,2.3,2026-07-30 11:30:00+00:00,short,-22.60473515989045,-1.331334779252584,stop_loss
ETH,london,2.3,2026-07-30 12:15:00+00:00,short,-23.693788229339557,-1.433649295591028,stop_loss
ETH,london,2.3,2026-07-30 23:25:00+00:00,short,32.73074214961356,2.038913533942121,take_profit
ETH,london,2.3,2026-07-31 03:15:00+00:00,long,-21.990455027282742,-1.3161911166276765,stop_loss
ETH,london,2.3,2026-08-01 01:00:00+00:00,long,-30.75060151727285,-1.8902698631632473,stop_loss
ETH,london,2.3,2026-08-01 10:40:00+00:00,long,-22.646420090083673,-1.4467944616216641,stop_loss
ETH,london,2.3,2026-08-04 00:10:00+00:00,short,-20.39988068654839,-1.342106569764392,stop_loss
ETH,london,2.3,2026-08-04 06:10:00+00:00,short,-21.542670835908417,-1.4563830708971317,stop_loss
ETH,london,2.3,2026-08-05 12:30:00+00:00,short,28.263574619171088,1.9680722457795268,take_profit
ETH,london,2.3,2026-08-07 11:50:00+00:00,short,-21.574082555206207,-1.4453721501774526,stop_loss
ETH,london,2.3,2026-08-08 16:10:00+00:00,short,-27.36820109744984,-1.8881346965699592,stop_loss
ETH,london,2.3,2026-08-08 18:50:00+00:00,short,-1.3273183380274451,-0.09516551992730556,time_exit
ETH,london,2.3,2026-08-09 10:15:00+00:00,short,-21.660540110152425,-1.5559699186320024,stop_loss
ETH,london,2.3,2026-08-09 16:10:00+00:00,short,18.86388508896339,1.3985976569696648,take_profit
ETH,london,2.3,2026-08-09 21:00:00+00:00,short,-19.048648511585053,-1.3738665719158827,stop_loss
ETH,london,2.3,2026-08-09 22:30:00+00:00,short,2.254738835144029,0.1672156419464367,time_exit
ETH,london,2.3,2026-08-12 15:00:00+00:00,long,-18.356013768038665,-1.3567787618079814,stop_loss
ETH,london,2.3,2026-08-13 14:45:00+00:00,short,22.02260381286819,1.673196722865147,take_profit
ETH,london,2.3,2026-08-14 17:25:00+00:00,short,20.033220122601662,1.4727660933318165,take_profit
ETH,london,2.3,2026-08-14 19:10:00+00:00,short,-18.061114043271868,-1.2897930899677892,stop_loss
ETH,london,2.3,2026-08-15 05:35:00+00:00,short,-20.773499731998626,-1.5227731467873948,stop_loss
ETH,london,2.3,2026-08-16 02:10:00+00:00,short,-11.127296919747412,-0.8412933463854725,time_exit
ETH,london,2.3,2026-08-18 01:00:00+00:00,short,18.74565245931364,1.4415439721394712,take_profit
ETH,london,2.3,2026-08-18 03:15:00+00:00,long,-19.89401191214187,-1.4869820168376557,stop_loss
ETH,london,2.3,2026-08-18 04:50:00+00:00,long,24.32707109577906,1.8740659867632632,take_profit
ETH,newyork,1.0,2026-07-08 18:10:00+00:00,long,1.4696304133993703,0.07348152066996852,time_exit
ETH,newyork,1.0,2026-07-12 01:15:00+00:00,long,9.587489108478039,0.4786709859848867,time_exit
ETH,newyork,1.0,2026-07-12 22:20:00+00:00,long,13.194612592166115,0.6525156856818219,take_profit
ETH,newyork,1.0,2026-07-13 02:45:00+00:00,short,19.0670305250253,0.9307785345732914,take_profit
ETH,newyork,1.0,2026-07-20 05:40:00+00:00,long,-27.522727873422177,-1.318998989522799,stop_loss
ETH,newyork,1.0,2026-07-20 07:00:00+00:00,long,11.03507432150082,0.5431737250306706,take_profit
ETH,newyork,1.0,2026-07-24 08:45:00+00:00,short,17.718603109337163,0.8627807899728025,take_profit
ETH,newyork,1.0,2026-07-27 15:05:00+00:00,short,-25.619903557739278,-1.226361141963536,stop_loss
ETH,newyork,1.0,2026-07-28 21:25:00+00:00,short,15.104382689525888,0.7411885765568491,take_profit
ETH,newyork,1.0,2026-07-29 00:20:00+00:00,short,14.733471440603113,0.7124267052367578,take_profit
ETH,newyork,1.0,2026-07-29 18:30:00+00:00,short,-1.8892980221246536,-0.09007228622670709,time_exit
ETH,newyork,1.0,2026-07-30 13:10:00+00:00,short,-14.16780564081764,-0.676669139315195,time_exit
ETH,newyork,1.0,2026-07-31 01:30:00+00:00,short,15.840385723231613,0.7669324954392548,take_profit
ETH,newyork,1.0,2026-08-03 04:15:00+00:00,long,-26.827655937053482,-1.27927288937899,stop_loss
ETH,newyork,1.0,2026-08-04 01:05:00+00:00,long,9.61539984959904,0.4705481393120319,take_profit
ETH,newyork,1.0,2026-08-04 12:00:00+00:00,short,16.133909929507077,0.7821829097282944,take_profit
ETH,newyork,1.0,2026-08-04 15:05:00+00:00,short,14.489520052867313,0.691641961386301,take_profit
ETH,newyork,1.0,2026-08-04 17:10:00+00:00,short,8.843076742424532,0.41635556421961784,take_profit
ETH,newyork,1.0,2026-08-04 18:50:00+00:00,short,13.031276668930015,0.6084802690583134,take_profit
ETH,newyork,1.0,2026-08-04 23:20:00+00:00,short,15.371214339933534,0.709111325145216,take_profit
ETH,newyork,1.0,2026-08-05 12:30:00+00:00,short,14.666997373741006,0.6671622457795481,take_profit
ETH,newyork,1.0,2026-08-05 14:05:00+00:00,long,19.91961193983034,0.8941585722639821,take_profit
ETH,newyork,1.0,2026-08-06 22:10:00+00:00,long,-33.09282211684401,-1.4593838688267786,stop_loss
ETH,newyork,1.0,2026-08-07 00:25:00+00:00,long,6.934722934118181,0.31501379347585245,take_profit
ETH,newyork,1.0,2026-08-07 11:50:00+00:00,short,-32.01893022206207,-1.4453721501774524,stop_loss
ETH,newyork,1.0,2026-08-07 14:35:00+00:00,short,11.955500457542005,0.5557506759691657,take_profit
ETH,newyork,1.0,2026-08-07 16:15:00+00:00,short,-2.4185981908082432,-0.11119247670350528,take_profit
ETH,newyork,1.0,2026-08-08 14:35:00+00:00,short,8.048068967663623,0.37082606325280654,take_profit
ETH,newyork,1.0,2026-08-09 13:00:00+00:00,long,-3.577555591132489,-0.16362734487837716,take_profit
ETH,newyork,1.0,2026-08-10 00:35:00+00:00,short,-24.600912680966672,-1.1288709354120343,stop_loss
ETH,newyork,1.0,2026-08-10 07:00:00+00:00,short,9.629604781533141,0.45208403130017955,take_profit
ETH,newyork,1.0,2026-08-10 11:15:00+00:00,long,-33.049613532095236,-1.5376871430247419,stop_loss
ETH,newyork,1.0,2026-08-12 22:15:00+00:00,long,13.556050284043383,0.6507297110893737,take_profit
ETH,newyork,1.0,2026-08-13 11:35:00+00:00,long,10.783848823739,0.511005475784089,take_profit
ETH,newyork,1.0,2026-08-13 18:00:00+00:00,long,10.276393361279878,0.4820326697255587,take_profit
ETH,newyork,1.0,2026-08-16 02:15:00+00:00,long,5.171708264070103,0.24027187791853832,take_profit
ETH,newyork,1.0,2026-08-16 19:40:00+00:00,short,12.59173805206119,0.5822005725559641,take_profit
ETH,newyork,1.0,2026-08-18 15:05:00+00:00,short,0.44822475163894104,0.020485900925037815,time_exit
ETH,newyork,1.0,2026-08-21 01:20:00+00:00,short,-23.881023042236833,-1.0910238855311525,stop_loss
ETH,newyork,1.5,2026-07-08 18:10:00+00:00,long,1.4696304133993703,0.07348152066996852,time_exit
ETH,newyork,1.5,2026-07-12 01:15:00+00:00,long,9.587489108478039,0.4786709859848867,time_exit
ETH,newyork,1.5,2026-07-12 22:20:00+00:00,long,23.298106387548145,1.1521656856818174,take_profit
ETH,newyork,1.5,2026-07-13 02:45:00+00:00,short,17.156840764212753,0.8293495471600735,time_exit
ETH,newyork,1.5,2026-07-20 05:40:00+00:00,long,-27.738867068271183,-1.318998989522799,stop_loss
ETH,newyork,1.5,2026-07-20 07:00:00+00:00,long,21.352299631980294,1.0428237250306485,take_profit
ETH,newyork,1.5,2026-07-24 08:45:00+00:00,short,28.492854947922595,1.3631307899728067,take_profit
ETH,newyork,1.5,2026-07-27 15:05:00+00:00,short,-26.3328766174332,-1.226361141963536,stop_loss
ETH,newyork,1.5,2026-07-28 21:25:00+00:00,short,26.004906421364737,1.2415385765568536,take_profit
ETH,newyork,1.5,2026-07-29 00:20:00+00:00,short,26.03323151313431,1.2127767052367548,take_profit
ETH,newyork,1.5,2026-07-29 18:30:00+00:00,short,-1.9803718270260982,-0.09007228622670709,time_exit
ETH,newyork,1.5,2026-07-30 13:10:00+00:00,short,-14.850766164622323,-0.6766691393151949,time_exit
ETH,newyork,1.5,2026-07-31 01:30:00+00:00,short,27.436475363879243,1.2672824954392519,take_profit
ETH,newyork,1.5,2026-08-03 04:15:00+00:00,long,-28.398040370984866,-1.2792728893789895,stop_loss
ETH,newyork,1.5,2026-08-04 01:05:00+00:00,long,20.985985578387385,0.970198139311986,take_profit
ETH,newyork,1.5,2026-08-04 12:00:00+00:00,short,-2.1477550041517586,-0.09740236217187119,time_exit
ETH,newyork,1.5,2026-08-05 12:30:00+00:00,short,25.693888988425954,1.1675122457795466,take_profit
ETH,newyork,1.5,2026-08-05 14:05:00+00:00,long,31.390326140070236,1.3938085722639917,take_profit
ETH,newyork,1.5,2026-08-06 22:10:00+00:00,long,-33.78337519771354,-1.4593838688267786,stop_loss
ETH,newyork,1.5,2026-08-07 00:25:00+00:00,long,18.308265019454513,0.8146637934758462,take_profit
ETH,newyork,1.5,2026-08-07 11:50:00+00:00,short,-33.01167111616378,-1.4453721501774526,stop_loss
ETH,newyork,1.5,2026-08-07 14:35:00+00:00,short,23.42360703007781,1.0561006759691938,take_profit
ETH,newyork,1.5,2026-08-07 16:15:00+00:00,short,8.112698856974038,0.35821128494477433,take_profit
ETH,newyork,1.5,2026-08-08 14:35:00+00:00,short,19.871576231303955,0.8711760632527522,take_profit
ETH,newyork,1.5,2026-08-09 13:00:00+00:00,long,6.487862065942455,0.2795589826823886,take_profit
ETH,newyork,1.5,2026-08-10 00:35:00+00:00,short,-26.34473919825825,-1.1288709354120343,stop_loss
ETH,newyork,1.5,2026-08-10 07:00:00+00:00,short,21.72535516591594,0.9524340313001954,take_profit
ETH,newyork,1.5,2026-08-10 11:15:00+00:00,long,-35.743320427887824,-1.5376871430247416,stop_loss
ETH,newyork,1.5,2026-08-12 22:15:00+00:00,long,25.91804607055914,1.1503797110893668,take_profit
ETH,newyork,1.5,2026-08-13 11:35:00+00:00,long,23.293944424092647,1.010655475784079,take_profit
ETH,newyork,1.5,2026-08-13 18:00:00+00:00,long,23.08351418630676,0.9816826697255867,take_profit
ETH,newyork,1.5,2026-08-16 02:15:00+00:00,long,-7.355466227392122,-0.3067857925260778,time_exit
ETH,newyork,1.5,2026-08-16 19:40:00+00:00,short,25.795873615661318,1.0825505725559808,take_profit
ETH,newyork,1.5,2026-08-18 15:05:00+00:00,short,0.4987233288698101,0.020485900925037836,time_exit
ETH,newyork,1.5,2026-08-21 01:20:00+00:00,short,-26.571543103971365,-1.0910238855311527,stop_loss
ETH,newyork,2.0,2026-07-08 18:10:00+00:00,long,1.4696304133993703,0.07348152066996852,time_exit
ETH,newyork,2.0,2026-07-12 01:15:00+00:00,long,9.587489108478039,0.4786709859848867,time_exit
ETH,newyork,2.0,2026-07-12 22:20:00+00:00,long,33.40160018293017,1.6518156856818125,take_profit
ETH,newyork,2.0,2026-07-13 02:45:00+00:00,short,17.324427324291452,0.8293495471600737,time_exit
ETH,newyork,2.0,2026-07-20 05:40:00+00:00,long,-28.00981796047439,-1.3189989895227991,stop_loss
ETH,newyork,2.0,2026-07-20 07:00:00+00:00,long,31.891363954516684,1.5424737250306662,take_profit
ETH,newyork,2.0,2026-07-24 08:45:00+00:00,short,39.71691368001768,1.8634807899727992,take_profit
ETH,newyork,2.0,2026-07-27 15:05:00+00:00,short,-27.111940990039482,-1.226361141963536,stop_loss
ETH,newyork,2.0,2026-07-28 21:25:00+00:00,short,37.5645122630693,1.7418885765568581,take_profit
ETH,newyork,2.0,2026-07-29 18:30:00+00:00,short,-2.0101147092042733,-0.09007228622670709,time_exit
ETH,newyork,2.0,2026-07-30 13:10:00+00:00,short,-15.073807404788473,-0.6766691393151951,time_exit
ETH,newyork,2.0,2026-07-31 01:30:00+00:00,short,38.84373313268412,1.7676324954392488,take_profit
ETH,newyork,2.0,2026-08-03 04:15:00+00:00,long,-29.10586298483301,-1.2792728893789898,stop_loss
ETH,newyork,2.0,2026-08-04 01:05:00+00:00,long,32.586184189306984,1.4698481393120328,take_profit
ETH,newyork,2.0,2026-08-04 12:00:00+00:00,short,-2.222866664541111,-0.09740236217187119,time_exit
ETH,newyork,2.0,2026-08-05 12:30:00+00:00,short,37.988946524464986,1.6678622457795451,take_profit
ETH,newyork,2.0,2026-08-05 14:05:00+00:00,long,24.084828068165635,1.0232835425946112,time_exit
ETH,newyork,2.0,2026-08-06 22:10:00+00:00,long,-35.052217820049435,-1.4593838688267788,stop_loss
ETH,newyork,2.0,2026-08-07 00:25:00+00:00,long,-39.256954037529795,-1.6835862065241802,stop_loss
ETH,newyork,2.0,2026-08-07 11:50:00+00:00,short,-32.56758914442988,-1.4453721501774526,stop_loss
ETH,newyork,2.0,2026-08-07 14:35:00+00:00,short,34.05664921271852,1.5564506759691845,take_profit
ETH,newyork,2.0,2026-08-08 14:35:00+00:00,short,30.944511108627065,1.3715260632528046,take_profit
ETH,newyork,2.0,2026-08-09 13:00:00+00:00,long,16.7539535069777,0.7227453102432431,take_profit
ETH,newyork,2.0,2026-08-10 00:35:00+00:00,short,-26.546609540067575,-1.1288709354120343,stop_loss
ETH,newyork,2.0,2026-08-10 07:00:00+00:00,short,33.39244322804717,1.4527840313001648,take_profit
ETH,newyork,2.0,2026-08-10 11:15:00+00:00,long,-36.37089568446929,-1.5376871430247416,stop_loss
ETH,newyork,2.0,2026-08-12 22:15:00+00:00,long,37.82787193925405,1.6500297110893596,take_profit
ETH,newyork,2.0,2026-08-13 11:35:00+00:00,long,35.767247019577475,1.5103054757840693,take_profit
ETH,newyork,2.0,2026-08-13 18:00:00+00:00,long,36.14077315937544,1.4813326697255698,take_profit
ETH,newyork,2.0,2026-08-16 02:15:00+00:00,long,-7.70654746916213,-0.30678579252607785,time_exit
ETH,newyork,2.0,2026-08-16 19:40:00+00:00,short,39.51894432399072,1.5829005725559617,take_profit
ETH,newyork,2.0,2026-08-18 15:05:00+00:00,short,0.5276458438201779,0.02048590092503782,time_exit
ETH,newyork,2.0,2026-08-21 01:20:00+00:00,short,-28.112509423755426,-1.0910238855311527,stop_loss
ETH,newyork,2.3,2026-07-08 18:10:00+00:00,long,1.4696304133993703,0.07348152066996852,time_exit
ETH,newyork,2.3,2026-07-12 01:15:00+00:00,long,9.587489108478039,0.4786709859848867,time_exit
ETH,newyork,2.3,2026-07-12 22:20:00+00:00,long,39.46369646015938,1.9516056856818098,take_profit
ETH,newyork,2.3,2026-07-13 02:45:00+00:00,short,17.424979260338663,0.8293495471600735,time_exit
ETH,newyork,2.3,2026-07-20 05:40:00+00:00,long,-28.1723884957963,-1.3189989895227987,stop_loss
ETH,newyork,2.3,2026-07-20 07:00:00+00:00,long,38.310736590015644,1.842263725030669,take_profit
ETH,newyork,2.3,2026-07-24 08:45:00+00:00,short,33.32365937102289,1.545503640740346,time_exit
ETH,newyork,2.3,2026-07-27 15:05:00+00:00,short,-27.259746842313966,-1.2263611419635359,stop_loss
ETH,newyork,2.3,2026-07-28 21:25:00+00:00,short,44.278744033188026,2.042098576556839,take_profit
ETH,newyork,2.3,2026-07-29 18:30:00+00:00,short,-2.0327996341268824,-0.09007228622670711,time_exit
ETH,newyork,2.3,2026-07-30 13:10:00+00:00,short,-15.24392117377375,-0.676669139315195,time_exit
ETH,newyork,2.3,2026-07-31 01:30:00+00:00,short,45.953667047084366,2.0678424954392587,take_profit
ETH,newyork,2.3,2026-08-03 04:15:00+00:00,long,-29.60502905265595,-1.2792728893789898,stop_loss
ETH,newyork,2.3,2026-08-04 01:05:00+00:00,long,39.905294635579935,1.7696381393119958,take_profit
ETH,newyork,2.3,2026-08-04 12:00:00+00:00,short,-2.2741581670101043,-0.0974023621718712,time_exit
ETH,newyork,2.3,2026-08-05 12:30:00+00:00,short,45.86119455015968,1.9680722457795268,take_profit
ETH,newyork,2.3,2026-08-05 14:05:00+00:00,long,24.783744195079315,1.0232835425946112,time_exit
ETH,newyork,2.3,2026-08-06 22:10:00+00:00,long,-36.06939594767347,-1.4593838688267786,stop_loss
ETH,newyork,2.3,2026-08-07 00:25:00+00:00,long,-40.396149143788584,-1.68358620652418,stop_loss
ETH,newyork,2.3,2026-08-07 11:50:00+00:00,short,-33.51266598713431,-1.4453721501774526,stop_loss
ETH,newyork,2.3,2026-08-07 14:35:00+00:00,short,41.80444482984294,1.8566606759691788,take_profit
ETH,newyork,2.3,2026-08-08 14:35:00+00:00,short,27.074550724703336,1.1594093410612583,time_exit
ETH,newyork,2.3,2026-08-09 13:00:00+00:00,long,23.62248998549262,0.9886571067797912,take_profit
ETH,newyork,2.3,2026-08-10 00:35:00+00:00,short,-27.50602556468681,-1.1288709354120343,stop_loss
ETH,newyork,2.3,2026-08-10 07:00:00+00:00,short,41.74902681471243,1.7529940313001833,take_profit
ETH,newyork,2.3,2026-08-10 11:15:00+00:00,long,-37.90525107058834,-1.5376871430247414,stop_loss
ETH,newyork,2.3,2026-08-12 22:15:00+00:00,long,46.58648926884757,1.9498197110893556,take_profit
ETH,newyork,2.3,2026-08-13 11:35:00+00:00,long,44.93461761820821,1.810095475784097,take_profit
ETH,newyork,2.3,2026-08-13 18:00:00+00:00,long,45.81606507704704,1.7811226697255693,take_profit
ETH,newyork,2.3,2026-08-16 02:15:00+00:00,long,-8.17260778048369,-0.30678579252607785,time_exit
ETH,newyork,2.3,2026-08-16 19:40:00+00:00,short,49.85724987293985,1.883110572555994,take_profit
ETH,newyork,2.3,2026-08-18 15:05:00+00:00,short,0.5628122826702344,0.020485900925037836,time_exit
ETH,newyork,2.3,2026-08-21 01:20:00+00:00,short,-29.98614655205059,-1.0910238855311527,stop_loss
ETH,prevday,1.0,2026-07-08 18:10:00+00:00,long,-27.11649234723265,-1.3558246173616326,stop_loss
ETH,prevday,1.0,2026-07-08 18:30:00+00:00,short,-4.322694308599475,-0.22215888513870727,time_exit
ETH,prevday,1.0,2026-07-12 00:40:00+00:00,long,13.326064477444787,0.6879312219660031,take_profit
ETH,prevday,1.0,2026-07-13 02:45:00+00:00,short,18.2783845851109,0.9307785345732913,take_profit
ETH,prevday,1.0,2026-07-16 17:30:00+00:00,long,-24.44862629024802,-1.222229325952426,stop_loss
ETH,prevday,1.0,2026-07-20 05:40:00+00:00,long,-25.739385141964313,-1.318998989522799,stop_loss
ETH,prevday,1.0,2026-07-20 07:00:00+00:00,long,10.32005364212443,0.5431737250306706,take_profit
ETH,prevday,1.0,2026-07-22 14:10:00+00:00,short,15.683487756292452,0.8165954273168311,take_profit
ETH,prevday,1.0,2026-07-22 16:40:00+00:00,short,10.947262819580729,0.5608339275286535,take_profit
ETH,prevday,1.0,2026-07-27 08:05:00+00:00,short,10.656522575268161,0.5398834554961311,take_profit
ETH,prevday,1.0,2026-07-27 09:50:00+00:00,short,-33.80890583601157,-1.6945383173256006,stop_loss
ETH,prevday,1.0,2026-07-27 11:50:00+00:00,short,13.325238023554872,0.6913039212146814,take_profit
ETH,prevday,1.0,2026-07-27 13:05:00+00:00,short,17.068344414851577,0.87341769109764,take_profit
ETH,prevday,1.0,2026-07-29 18:30:00+00:00,short,-1.7909419527484416,-0.09007228622670709,time_exit
ETH,prevday,1.0,2026-07-30 13:10:00+00:00,short,-13.430235570771272,-0.676669139315195,time_exit
ETH,prevday,1.0,2026-08-05 12:30:00+00:00,short,13.062343949011638,0.667162245779548,take_profit
ETH,prevday,1.0,2026-08-05 14:20:00+00:00,short,-24.61536144068552,-1.2406805878582519,stop_loss
ETH,prevday,1.0,2026-08-07 11:50:00+00:00,short,-27.96491754021898,-1.4453721501774526,stop_loss
ETH,prevday,1.0,2026-08-07 14:35:00+00:00,short,10.441778726787234,0.5557506759691658,take_profit
ETH,prevday,1.0,2026-08-07 16:15:00+00:00,short,-2.1123722279225934,-0.11119247670350524,take_profit
ETH,prevday,1.0,2026-08-07 19:50:00+00:00,short,4.994078174897002,0.2634675738051445,take_profit
ETH,prevday,1.0,2026-08-09 15:25:00+00:00,short,-6.987111199767433,-0.36667985329634517,take_profit
ETH,prevday,1.0,2026-08-09 21:00:00+00:00,short,-25.9871400038518,-1.3738665719158827,stop_loss
ETH,prevday,1.0,2026-08-09 22:30:00+00:00,short,15.14995422187717,0.8235645758627972,take_profit
ETH,prevday,1.0,2026-08-13 17:20:00+00:00,long,-0.11683498976550499,-0.006248332685591392,time_exit
ETH,prevday,1.0,2026-08-16 19:40:00+00:00,short,10.884967390805484,0.5822005725559641,take_profit
ETH,prevday,1.0,2026-08-16 22:05:00+00:00,long,13.140792554226643,0.6947672529286927,take_profit
ETH,prevday,1.0,2026-08-18 15:05:00+00:00,short,0.3928533096809139,0.02048590092503785,time_exit
ETH,prevday,1.0,2026-08-19 08:50:00+00:00,short,-25.838739014639373,-1.346846385886203,stop_loss
ETH,prevday,1.0,2026-08-20 16:20:00+00:00,short,-21.70749163162499,-1.1628277859465932,stop_loss
ETH,prevday,1.0,2026-08-20 18:25:00+00:00,short,-20.80963071318638,-1.1412732203477503,stop_loss
ETH,prevday,1.0,2026-08-21 01:20:00+00:00,short,-19.439323457284875,-1.0910238855311525,stop_loss
ETH,prevday,1.5,2026-07-08 18:10:00+00:00,long,-27.11649234723265,-1.3558246173616326,stop_loss
ETH,prevday,1.5,2026-07-08 18:30:00+00:00,short,-4.322694308599475,-0.22215888513870727,time_exit
ETH,prevday,1.5,2026-07-12 00:40:00+00:00,long,23.004892685192633,1.1875812219659814,take_profit
ETH,prevday,1.5,2026-07-13 02:45:00+00:00,short,16.447091385498176,0.8293495471600735,time_exit
ETH,prevday,1.5,2026-07-16 17:30:00+00:00,long,-24.64045603871564,-1.222229325952426,stop_loss
ETH,prevday,1.5,2026-07-20 05:40:00+00:00,long,-25.941342491996032,-1.318998989522799,stop_loss
ETH,prevday,1.5,2026-07-20 07:00:00+00:00,long,19.96863521432362,1.0428237250306487,take_profit
ETH,prevday,1.5,2026-07-22 14:10:00+00:00,short,-23.160551116374343,-1.1848045726831615,stop_loss
ETH,prevday,1.5,2026-07-22 16:40:00+00:00,short,20.252463557605054,1.0611839275286232,take_profit
ETH,prevday,1.5,2026-07-27 08:05:00+00:00,short,-28.484710354938308,-1.4615165445038483,stop_loss
ETH,prevday,1.5,2026-07-27 11:50:00+00:00,short,22.546255116708963,1.1916539212146608,take_profit
ETH,prevday,1.5,2026-07-27 13:05:00+00:00,short,26.61133887885396,1.3737676910976329,take_profit
ETH,prevday,1.5,2026-07-29 18:30:00+00:00,short,-1.7927347079568032,-0.09007228622670707,time_exit
ETH,prevday,1.5,2026-07-30 13:10:00+00:00,short,-13.443679403907282,-0.676669139315195,time_exit
ETH,prevday,1.5,2026-08-05 12:30:00+00:00,short,22.88155917484771,1.1675122457795464,take_profit
ETH,prevday,1.5,2026-08-05 14:20:00+00:00,short,-24.883327466455068,-1.240680587858252,stop_loss
ETH,prevday,1.5,2026-08-07 11:50:00+00:00,short,-28.26934726928401,-1.4453721501774526,stop_loss
ETH,prevday,1.5,2026-08-07 14:35:00+00:00,short,20.058665891297096,1.0561006759691938,take_profit
ETH,prevday,1.5,2026-08-07 16:15:00+00:00,short,6.9472611814137615,0.3582112849447744,take_profit
ETH,prevday,1.5,2026-08-07 19:50:00+00:00,short,-2.0482803645874093,-0.10486118170700222,time_exit
ETH,prevday,1.5,2026-08-09 15:25:00+00:00,short,-0.4876928300394958,-0.02501977994442779,take_profit
ETH,prevday,1.5,2026-08-09 21:00:00+00:00,short,-26.766406440920427,-1.3738665719158827,stop_loss
ETH,prevday,1.5,2026-08-09 22:30:00+00:00,short,3.168269709154851,0.16721564194643668,time_exit
ETH,prevday,1.5,2026-08-13 17:20:00+00:00,long,-0.11878439310220124,-0.006248332685591388,time_exit
ETH,prevday,1.5,2026-08-16 19:40:00+00:00,short,20.57733634828713,1.082550572555981,take_profit
ETH,prevday,1.5,2026-08-16 22:05:00+00:00,long,23.195278943904697,1.1944172529287265,take_profit
ETH,prevday,1.5,2026-08-18 15:05:00+00:00,short,0.40733450382115866,0.02048590092503783,time_exit
ETH,prevday,1.5,2026-08-19 08:50:00+00:00,short,-26.791195788680643,-1.346846385886203,stop_loss
ETH,prevday,1.5,2026-08-20 16:20:00+00:00,short,-22.50766409516013,-1.1628277859465934,stop_loss
ETH,prevday,1.5,2026-08-20 18:25:00+00:00,short,-21.57670660364845,-1.14127322034775,stop_loss
ETH,prevday,1.5,2026-08-21 01:20:00+00:00,short,-20.155887655684044,-1.0910238855311525,stop_loss
ETH,prevday,2.0,2026-07-08 18:10:00+00:00,long,-27.11649234723265,-1.3558246173616326,stop_loss
ETH,prevday,2.0,2026-07-08 18:30:00+00:00,short,-4.322694308599475,-0.22215888513870727,time_exit
ETH,prevday,2.0,2026-07-12 00:40:00+00:00,long,32.68372089294103,1.687231221965988,take_profit
ETH,prevday,2.0,2026-07-13 02:45:00+00:00,short,16.6076340213209,0.8293495471600736,time_exit
ETH,prevday,2.0,2026-07-16 17:30:00+00:00,long,-24.88097539059432,-1.222229325952426,stop_loss
ETH,prevday,2.0,2026-07-20 05:40:00+00:00,long,-26.194560000358464,-1.318998989522799,stop_loss
ETH,prevday,2.0,2026-07-20 07:00:00+00:00,long,29.82455108343404,1.5424737250306664,take_profit
ETH,prevday,2.0,2026-07-22 14:10:00+00:00,short,-23.615552797729844,-1.1848045726831617,stop_loss
ETH,prevday,2.0,2026-07-22 16:40:00+00:00,short,30.3870014808717,1.561533927528666,take_profit
ETH,prevday,2.0,2026-07-27 08:05:00+00:00,short,-29.328914057940995,-1.461516544503848,stop_loss
ETH,prevday,2.0,2026-07-27 11:50:00+00:00,short,-25.521817125441085,-1.3100960787853388,stop_loss
ETH,prevday,2.0,2026-07-29 18:30:00+00:00,short,-1.7087107239953054,-0.09007228622670709,time_exit
ETH,prevday,2.0,2026-07-30 13:10:00+00:00,short,-12.81358533722586,-0.676669139315195,time_exit
ETH,prevday,2.0,2026-08-05 12:30:00+00:00,short,31.155653588041123,1.6678622457795451,take_profit
ETH,prevday,2.0,2026-08-05 14:20:00+00:00,short,-23.948987881653533,-1.240680587858252,stop_loss
ETH,prevday,2.0,2026-08-07 11:50:00+00:00,short,-27.20786663628585,-1.4453721501774526,stop_loss
ETH,prevday,2.0,2026-08-07 14:35:00+00:00,short,28.451868689116495,1.5564506759691845,take_profit
ETH,prevday,2.0,2026-08-07 19:50:00+00:00,short,-1.976528986849126,-0.10486118170700219,time_exit
ETH,prevday,2.0,2026-08-09 15:25:00+00:00,short,5.95583764586544,0.3166402934073125,take_profit
ETH,prevday,2.0,2026-08-09 21:00:00+00:00,short,-26.00535930235811,-1.3738665719158827,stop_loss
ETH,prevday,2.0,2026-08-09 22:30:00+00:00,short,3.078186544585559,0.16721564194643668,time_exit
ETH,prevday,2.0,2026-08-13 17:20:00+00:00,long,-0.11540700575377905,-0.006248332685591389,time_exit
ETH,prevday,2.0,2026-08-16 19:40:00+00:00,short,29.23259628452862,1.5829005725559622,take_profit
ETH,prevday,2.0,2026-08-16 22:05:00+00:00,long,32.27603332053454,1.6940672529287077,take_profit
ETH,prevday,2.0,2026-08-18 15:05:00+00:00,short,0.40352948662936994,0.02048590092503783,time_exit
ETH,prevday,2.0,2026-08-19 08:50:00+00:00,short,-26.54093228385056,-1.3468463858862032,stop_loss
ETH,prevday,2.0,2026-08-20 16:20:00+00:00,short,-22.29741417028096,-1.162827785946593,stop_loss
ETH,prevday,2.0,2026-08-20 18:25:00+00:00,short,-21.37515299402566,-1.14127322034775,stop_loss
ETH,prevday,2.0,2026-08-21 01:20:00+00:00,short,-19.967606284167058,-1.0910238855311525,stop_loss
ETH,prevday,2.3,2026-07-08 18:10:00+00:00,long,-27.11649234723265,-1.3558246173616326,stop_loss
ETH,prevday,2.3,2026-07-08 18:30:00+00:00,short,-4.322694308599475,-0.22215888513870727,time_exit
ETH,prevday,2.3,2026-07-12 00:40:00+00:00,long,38.49101781759006,1.9870212219659915,take_profit
ETH,prevday,2.3,2026-07-13 02:45:00+00:00,short,16.703959602814535,0.8293495471600735,time_exit
ETH,prevday,2.3,2026-07-16 17:30:00+00:00,long,-25.025287001721527,-1.2222293259524262,stop_loss
ETH,prevday,2.3,2026-07-20 05:40:00+00:00,long,-26.346490505375925,-1.318998989522799,stop_loss
ETH,prevday,2.3,2026-07-20 07:00:00+00:00,long,35.82775588847975,1.842263725030669,take_profit
ETH,prevday,2.3,2026-07-22 14:10:00+00:00,short,-23.89067828634215,-1.1848045726831617,stop_loss
ETH,prevday,2.3,2026-07-22 16:40:00+00:00,short,36.65107627292589,1.8617439275286847,take_profit
ETH,prevday,2.3,2026-07-27 08:05:00+00:00,short,-29.843354274843062,-1.461516544503848,stop_loss
ETH,prevday,2.3,2026-07-27 11:50:00+00:00,short,-25.9694794259207,-1.3100960787853388,stop_loss
ETH,prevday,2.3,2026-07-29 18:30:00+00:00,short,-1.7386821547048932,-0.09007228622670709,time_exit
ETH,prevday,2.3,2026-07-30 13:10:00+00:00,short,-13.038340457962793,-0.676669139315195,time_exit
ETH,prevday,2.3,2026-08-05 12:30:00+00:00,short,37.40842097605793,1.9680722457795268,take_profit
ETH,prevday,2.3,2026-08-05 14:20:00+00:00,short,-24.510655716091176,-1.240680587858252,stop_loss
ETH,prevday,2.3,2026-08-07 11:50:00+00:00,short,-27.84596389571023,-1.4453721501774526,stop_loss
ETH,prevday,2.3,2026-08-07 14:35:00+00:00,short,34.735674621019854,1.8566606759691786,take_profit
ETH,prevday,2.3,2026-08-07 19:50:00+00:00,short,-2.0346630060147604,-0.10486118170700215,time_exit
ETH,prevday,2.3,2026-08-09 15:25:00+00:00,short,10.100289202085314,0.5216363374183745,take_profit
ETH,prevday,2.3,2026-08-09 21:00:00+00:00,short,-26.879298667713037,-1.373866571915883,stop_loss
ETH,prevday,2.3,2026-08-09 22:30:00+00:00,short,3.1816324675563377,0.16721564194643665,time_exit
ETH,prevday,2.3,2026-08-13 17:20:00+00:00,long,-0.11928538805926125,-0.006248332685591396,time_exit
ETH,prevday,2.3,2026-08-16 19:40:00+00:00,short,35.94550990656021,1.8831105725559933,take_profit
ETH,prevday,2.3,2026-08-16 22:05:00+00:00,long,39.49288774506496,1.9938572529286906,take_profit
ETH,prevday,2.3,2026-08-18 15:05:00+00:00,short,0.4219509116350588,0.020485900925037815,time_exit
ETH,prevday,2.3,2026-08-19 08:50:00+00:00,short,-27.752545833412775,-1.346846385886203,stop_loss
ETH,prevday,2.3,2026-08-20 16:20:00+00:00,short,-23.31530792171302,-1.162827785946593,stop_loss
ETH,prevday,2.3,2026-08-20 18:25:00+00:00,short,-22.350944828108496,-1.1412732203477503,stop_loss
ETH,prevday,2.3,2026-08-21 01:20:00+00:00,short,-20.879142550771427,-1.0910238855311527,stop_loss
HYPE,asia,1.0,2026-07-08 18:05:00+00:00,short,-4.884801874002681,-0.24424009370013405,time_exit
HYPE,asia,1.0,2026-07-09 15:15:00+00:00,short,16.88033497275286,0.8481598414204675,take_profit
HYPE,asia,1.0,2026-07-10 03:00:00+00:00,short,-25.927775074993,-1.281022209436125,stop_loss
HYPE,asia,1.0,2026-07-10 04:05:00+00:00,short,12.014039862605003,0.6091893667978316,take_profit
HYPE,asia,1.0,2026-07-10 20:40:00+00:00,long,15.710027886686854,0.7870110405758315,take_profit
HYPE,asia,1.0,2026-07-11 02:10:00+00:00,long,10.437270116707987,0.5147639708353947,take_profit
HYPE,asia,1.0,2026-07-11 14:40:00+00:00,short,9.341687434544031,0.45603505465878336,take_profit
HYPE,asia,1.0,2026-07-11 18:10:00+00:00,short,-24.71868859306145,-1.1957907959413328,stop_loss
HYPE,asia,1.0,2026-07-11 19:20:00+00:00,short,8.803533574745419,0.43631438249085963,take_profit
HYPE,asia,1.0,2026-07-11 22:00:00+00:00,short,10.926816416005643,0.5368621816691908,take_profit
HYPE,asia,1.0,2026-07-11 23:05:00+00:00,short,13.492325208164411,0.6558698953787399,take_profit
HYPE,asia,1.0,2026-07-12 08:25:00+00:00,short,9.986058034273892,0.47914306738964646,take_profit
HYPE,asia,1.0,2026-07-18 11:20:00+00:00,long,-23.979339330827937,-1.1396365444583731,stop_loss
HYPE,asia,1.0,2026-07-18 14:20:00+00:00,long,18.86869709658751,0.9176654431189816,take_profit
HYPE,asia,1.0,2026-07-20 01:20:00+00:00,long,-23.338093870172102,-1.1145751817167455,stop_loss
HYPE,asia,1.0,2026-07-20 05:10:00+00:00,long,15.784715869334544,0.77103015853652,take_profit
HYPE,asia,1.0,2026-07-22 16:30:00+00:00,long,17.1889715285929,0.8268724418224664,take_profit
HYPE,asia,1.0,2026-07-22 17:30:00+00:00,long,15.795797307482953,0.747492424068805,take_profit
HYPE,asia,1.0,2026-07-23 13:35:00+00:00,short,17.93504403650958,0.8362249234992966,take_profit
HYPE,asia,1.0,2026-07-23 15:25:00+00:00,short,17.506860401546767,0.8028337856521746,take_profit
HYPE,asia,1.0,2026-07-24 09:25:00+00:00,short,18.898574592049556,0.8529596508881967,take_profit
HYPE,asia,1.0,2026-07-24 15:00:00+00:00,short,19.155727829704787,0.8500644739567098,take_profit
HYPE,asia,1.0,2026-07-24 22:25:00+00:00,long,20.17017775645822,0.8801190689013048,take_profit
HYPE,asia,1.0,2026-07-28 23:30:00+00:00,long,-26.98761273158933,-1.157225672957721,stop_loss
HYPE,asia,1.0,2026-07-31 10:05:00+00:00,long,13.887239868908301,0.609591927583308,take_profit
HYPE,asia,1.0,2026-08-03 09:45:00+00:00,short,11.823301390674677,0.5127423618584832,take_profit
HYPE,asia,1.0,2026-08-03 11:25:00+00:00,short,-27.000966820077952,-1.159067721327056,stop_loss
HYPE,asia,1.0,2026-08-05 18:05:00+00:00,short,13.478600760083602,0.5923254117076584,take_profit
HYPE,asia,1.0,2026-08-05 19:30:00+00:00,short,10.169303019081248,0.44166410684473495,take_profit
HYPE,asia,1.0,2026-08-05 20:45:00+00:00,short,14.549814886345235,0.6263815894783351,take_profit
HYPE,asia,1.0,2026-08-10 08:05:00+00:00,short,12.833328212155388,0.5456497168231752,take_profit
HYPE,asia,1.0,2026-08-10 12:25:00+00:00,short,18.188673922541234,0.7650008027038325,take_profit
HYPE,asia,1.0,2026-08-10 14:30:00+00:00,short,19.25464152027862,0.7976307676268192,take_profit
HYPE,asia,1.0,2026-08-15 07:10:00+00:00,long,-33.581607147422446,-1.3692869990284509,stop_loss
HYPE,asia,1.0,2026-08-18 00:55:00+00:00,short,8.423924342841133,0.3531561982187914,take_profit
HYPE,asia,1.0,2026-08-18 08:45:00+00:00,short,21.83723472020038,0.9090616228865234,take_profit
HYPE,asia,1.0,2026-08-18 20:05:00+00:00,long,-31.741795205319416,-1.29778299521593,stop_loss
HYPE,asia,1.0,2026-08-19 11:15:00+00:00,short,-30.722712753585697,-1.2895893185249512,stop_loss
HYPE,asia,1.5,2026-07-08 18:05:00+00:00,short,-4.884801874002681,-0.24424009370013405,time_exit
HYPE,asia,1.5,2026-07-09 15:15:00+00:00,short,26.83845276039979,1.3485098414204715,take_profit
HYPE,asia,1.5,2026-07-10 03:00:00+00:00,short,-26.182906475996134,-1.281022209436125,stop_loss
HYPE,asia,1.5,2026-07-10 04:05:00+00:00,short,22.096936824579046,1.1095393667978624,take_profit
HYPE,asia,1.5,2026-07-10 20:40:00+00:00,long,-24.66474489477951,-1.2115889594241633,stop_loss
HYPE,asia,1.5,2026-07-11 14:40:00+00:00,short,18.997688891179536,0.9563850546587731,take_profit
HYPE,asia,1.5,2026-07-11 18:10:00+00:00,short,-24.207603825954934,-1.1957907959413325,stop_loss
HYPE,asia,1.5,2026-07-11 19:20:00+00:00,short,18.508357466000376,0.9366643824908873,take_profit
HYPE,asia,1.5,2026-07-11 22:00:00+00:00,short,20.879109820646494,1.0372121816692352,take_profit
HYPE,asia,1.5,2026-07-11 23:05:00+00:00,short,23.757555222994196,1.1562198953787435,take_profit
HYPE,asia,1.5,2026-07-12 08:25:00+00:00,short,20.591648537685153,0.9794930673895861,take_profit
HYPE,asia,1.5,2026-07-18 11:20:00+00:00,long,-24.427646466005775,-1.1396365444583734,stop_loss
HYPE,asia,1.5,2026-07-18 14:20:00+00:00,long,29.687147267742535,1.4173154431189878,take_profit
HYPE,asia,1.5,2026-07-20 01:20:00+00:00,long,-24.007708515571842,-1.1145751817167453,stop_loss
HYPE,asia,1.5,2026-07-20 05:10:00+00:00,long,26.760053599281346,1.270680158536521,take_profit
HYPE,asia,1.5,2026-07-22 16:30:00+00:00,long,28.646027639470777,1.3265224418224728,take_profit
HYPE,asia,1.5,2026-07-23 13:35:00+00:00,short,29.6288605240834,1.3365749234992934,take_profit
HYPE,asia,1.5,2026-07-24 09:25:00+00:00,short,-26.138879642932597,-1.1484403491117958,stop_loss
HYPE,asia,1.5,2026-07-24 16:45:00+00:00,short,29.221838588334048,1.314076296930767,take_profit
HYPE,asia,1.5,2026-07-24 22:25:00+00:00,long,12.093344937560385,0.5298988454376157,time_exit
HYPE,asia,1.5,2026-07-28 23:30:00+00:00,long,-26.690084669388035,-1.1572256729577208,stop_loss
HYPE,asia,1.5,2026-07-31 10:05:00+00:00,long,24.991279323218848,1.1092419275832888,take_profit
HYPE,asia,1.5,2026-08-03 09:45:00+00:00,short,-34.28360453564419,-1.4886576381415386,stop_loss
HYPE,asia,1.5,2026-08-03 11:25:00+00:00,short,-25.898448408567322,-1.1590677213270557,stop_loss
HYPE,asia,1.5,2026-08-05 18:05:00+00:00,short,23.848992982842237,1.092675411707641,take_profit
HYPE,asia,1.5,2026-08-05 19:30:00+00:00,short,21.00994532607689,0.9420141068447055,take_profit
HYPE,asia,1.5,2026-08-05 20:45:00+00:00,short,25.603190862491672,1.1267315894783696,take_profit
HYPE,asia,1.5,2026-08-10 08:05:00+00:00,short,24.304305526730538,1.0459997168232025,take_profit
HYPE,asia,1.5,2026-08-10 12:25:00+00:00,short,30.01610275138913,1.2653508027038296,take_profit
HYPE,asia,1.5,2026-08-10 14:30:00+00:00,short,31.56934310412833,1.2979807676268103,take_profit
HYPE,asia,1.5,2026-08-15 07:10:00+00:00,long,-34.168195113198884,-1.369286999028451,stop_loss
HYPE,asia,1.5,2026-08-18 00:55:00+00:00,short,20.71451959733883,0.8535061982188142,take_profit
HYPE,asia,1.5,2026-08-18 08:45:00+00:00,short,24.278577166217033,0.9835674499851708,time_exit
HYPE,asia,1.5,2026-08-19 11:15:00+00:00,short,-32.45867052135981,-1.2895893185249512,stop_loss
HYPE,asia,2.0,2026-07-08 18:05:00+00:00,short,-4.884801874002681,-0.24424009370013405,time_exit
HYPE,asia,2.0,2026-07-09 15:15:00+00:00,short,36.79657054804672,1.848859841420475,take_profit
HYPE,asia,2.0,2026-07-10 03:00:00+00:00,short,-26.438037876999264,-1.281022209436125,stop_loss
HYPE,asia,2.0,2026-07-10 04:05:00+00:00,short,32.37402935609421,1.6098893667978345,take_profit
HYPE,asia,2.0,2026-07-10 20:40:00+00:00,long,-25.148897755292808,-1.2115889594241633,stop_loss
HYPE,asia,2.0,2026-07-11 14:40:00+00:00,short,29.50467865335986,1.4567350546587625,take_profit
HYPE,asia,2.0,2026-07-11 18:10:00+00:00,short,-24.925148037729944,-1.1957907959413328,stop_loss
HYPE,asia,2.0,2026-07-11 19:20:00+00:00,short,-31.842555638162853,-1.5650856175090817,stop_loss
HYPE,asia,2.0,2026-07-11 22:00:00+00:00,short,30.303377520196236,1.5375621816692102,take_profit
HYPE,asia,2.0,2026-07-12 08:25:00+00:00,short,30.06269270877759,1.4798430673896046,take_profit
HYPE,asia,2.0,2026-07-18 11:20:00+00:00,long,-23.836681443402494,-1.1396365444583734,stop_loss
HYPE,asia,2.0,2026-07-18 14:20:00+00:00,long,32.894337732274785,1.6093667812869565,time_exit
HYPE,asia,2.0,2026-07-20 01:20:00+00:00,long,-23.514405802237295,-1.1145751817167453,stop_loss
HYPE,asia,2.0,2026-07-20 05:10:00+00:00,long,36.51642874457952,1.7703301585365219,take_profit
HYPE,asia,2.0,2026-07-22 16:30:00+00:00,long,39.001988031195985,1.8261724418224639,take_profit
HYPE,asia,2.0,2026-07-23 13:35:00+00:00,short,40.6645057517232,1.8369249234992906,take_profit
HYPE,asia,2.0,2026-07-24 09:25:00+00:00,short,-26.35735099042015,-1.1484403491117954,stop_loss
HYPE,asia,2.0,2026-07-24 16:45:00+00:00,short,40.68563310372202,1.8144262969307685,take_profit
HYPE,asia,2.0,2026-07-24 22:25:00+00:00,long,12.313326903517748,0.5298988454376157,time_exit
HYPE,asia,2.0,2026-07-28 23:30:00+00:00,long,-27.17558618509399,-1.157225672957721,stop_loss
HYPE,asia,2.0,2026-07-31 10:05:00+00:00,long,36.90779108053184,1.6088919275833062,take_profit
HYPE,asia,2.0,2026-08-03 09:45:00+00:00,short,-35.24849196206664,-1.4886576381415384,stop_loss
HYPE,asia,2.0,2026-08-03 11:25:00+00:00,short,-26.62734163819539,-1.1590677213270557,stop_loss
HYPE,asia,2.0,2026-08-05 18:05:00+00:00,short,35.74832055320799,1.5930254117076594,take_profit
HYPE,asia,2.0,2026-08-05 19:30:00+00:00,short,33.39864423352663,1.4423641068447255,take_profit
HYPE,asia,2.0,2026-08-05 20:45:00+00:00,short,38.762714000551654,1.627081589478338,take_profit
HYPE,asia,2.0,2026-08-10 08:05:00+00:00,short,38.038215656463734,1.5463497168231877,take_profit
HYPE,asia,2.0,2026-08-10 12:25:00+00:00,short,44.777252616234776,1.7657008027038485,take_profit
HYPE,asia,2.0,2026-08-10 14:30:00+00:00,short,-31.604990278791455,-1.2037692323731823,stop_loss
HYPE,asia,2.0,2026-08-15 07:10:00+00:00,long,-35.0851371953396,-1.3692869990284509,stop_loss
HYPE,asia,2.0,2026-08-18 00:55:00+00:00,short,33.739750344324264,1.3538561982188373,take_profit
HYPE,asia,2.0,2026-08-18 08:45:00+00:00,short,25.175408793969144,0.9835674499851709,time_exit
HYPE,asia,2.0,2026-08-19 11:15:00+00:00,short,-33.65766839174762,-1.289589318524951,stop_loss
HYPE,asia,2.3,2026-07-08 18:05:00+00:00,short,-4.884801874002681,-0.24424009370013405,time_exit
HYPE,asia,2.3,2026-07-09 15:15:00+00:00,short,42.77144122063497,2.149069841420482,take_profit
HYPE,asia,2.3,2026-07-10 03:00:00+00:00,short,-26.591116717601146,-1.281022209436125,stop_loss
HYPE,asia,2.3,2026-07-10 04:05:00+00:00,short,38.633498748384326,1.9100993667978534,take_profit
HYPE,asia,2.3,2026-07-10 20:40:00+00:00,long,-25.44164820959785,-1.2115889594241631,stop_loss
HYPE,asia,2.3,2026-07-11 14:40:00+00:00,short,35.99936047695208,1.756945054658822,take_profit
HYPE,asia,2.3,2026-07-11 18:10:00+00:00,short,-25.36240550620606,-1.1957907959413328,stop_loss
HYPE,asia,2.3,2026-07-11 19:20:00+00:00,short,-32.40116396606834,-1.5650856175090817,stop_loss
HYPE,asia,2.3,2026-07-11 22:00:00+00:00,short,36.855534740630496,1.8377721816691952,take_profit
HYPE,asia,2.3,2026-07-12 08:25:00+00:00,short,37.01010503586299,1.7800530673895527,take_profit
HYPE,asia,2.3,2026-07-18 11:20:00+00:00,long,-24.538398886699973,-1.1396365444583734,stop_loss
HYPE,asia,2.3,2026-07-18 14:20:00+00:00,long,33.86269948293469,1.6093667812869563,time_exit
HYPE,asia,2.3,2026-07-20 01:20:00+00:00,long,-24.20663591654175,-1.1145751817167453,stop_loss
HYPE,asia,2.3,2026-07-20 05:10:00+00:00,long,43.95719926313748,2.070120158536538,take_profit
HYPE,asia,2.3,2026-07-22 16:30:00+00:00,long,47.011988624513634,2.125962441822471,take_profit
HYPE,asia,2.3,2026-07-23 13:35:00+00:00,short,49.26846802017051,2.1371349234992887,take_profit
HYPE,asia,2.3,2026-07-24 09:25:00+00:00,short,-27.607222599911466,-1.1484403491117956,stop_loss
HYPE,asia,2.3,2026-07-24 16:45:00+00:00,short,49.66590875320739,2.114636296930789,take_profit
HYPE,asia,2.3,2026-07-24 22:25:00+00:00,long,12.97195352393842,0.5298988454376157,time_exit
HYPE,asia,2.3,2026-07-28 23:30:00+00:00,long,-28.629179078979217,-1.157225672957721,stop_loss
HYPE,asia,2.3,2026-07-31 10:05:00+00:00,long,46.126947612436034,1.9086819275833167,take_profit
HYPE,asia,2.3,2026-08-03 09:45:00+00:00,short,-37.349602354257456,-1.4886576381415388,stop_loss
HYPE,asia,2.3,2026-08-03 11:25:00+00:00,short,-28.214558030109004,-1.159067721327056,stop_loss
HYPE,asia,2.3,2026-08-05 18:05:00+00:00,short,45.01766863666002,1.8932354117076418,take_profit
HYPE,asia,2.3,2026-08-05 19:30:00+00:00,short,43.00415137614244,1.7425741068447178,take_profit
HYPE,asia,2.3,2026-08-05 20:45:00+00:00,short,49.22033640233054,1.9272915894783518,take_profit
HYPE,asia,2.3,2026-08-10 08:05:00+00:00,short,48.976322897703724,1.8465597168232128,take_profit
HYPE,asia,2.3,2026-08-10 12:25:00+00:00,short,56.817788359297495,2.065910802703838,take_profit
HYPE,asia,2.3,2026-08-15 07:10:00+00:00,long,-39.21486357856698,-1.3692869990284506,stop_loss
HYPE,asia,2.3,2026-08-18 00:55:00+00:00,short,46.07334492978686,1.6540661982187956,take_profit
HYPE,asia,2.3,2026-08-18 08:45:00+00:00,short,28.30319834265023,0.9835674499851709,time_exit
HYPE,asia,2.3,2026-08-19 11:15:00+00:00,short,-37.83929278125508,-1.2895893185249512,stop_loss
HYPE,london,1.0,2026-07-08 18:05:00+00:00,short,-6.23994618180174,-0.311997309090087,time_exit
HYPE,london,1.0,2026-07-09 06:15:00+00:00,long,17.628341845574834,0.8869516226700647,take_profit
HYPE,london,1.0,2026-07-10 03:00:00+00:00,short,-25.912219944225285,-1.281022209436125,stop_loss
HYPE,london,1.0,2026-07-10 04:05:00+00:00,short,12.006832149618797,0.6091893667978315,take_profit
HYPE,london,1.0,2026-07-11 16:15:00+00:00,short,-26.31472779179355,-1.3190564442800556,stop_loss
HYPE,london,1.0,2026-07-11 23:05:00+00:00,short,12.739200764989953,0.6558698953787401,take_profit
HYPE,london,1.0,2026-07-12 00:05:00+00:00,short,-24.00244511973564,-1.219751124322491,stop_loss
HYPE,london,1.0,2026-07-12 04:10:00+00:00,short,9.433872306433239,0.4913961254162665,take_profit
HYPE,london,1.0,2026-07-12 06:20:00+00:00,short,-23.29735142399075,-1.201713416794588,stop_loss
HYPE,london,1.0,2026-07-12 10:30:00+00:00,short,-21.818402686145294,-1.1531418748898312,stop_loss
HYPE,london,1.0,2026-07-13 03:25:00+00:00,long,-23.80351571337145,-1.287758027508774,stop_loss
HYPE,london,1.0,2026-07-14 19:40:00+00:00,short,-22.085704265509982,-1.2264117378384034,stop_loss
HYPE,london,1.0,2026-07-15 20:05:00+00:00,long,11.232527391695937,0.6394223744327457,take_profit
HYPE,london,1.0,2026-07-18 06:15:00+00:00,long,13.652892865990012,0.7673902659027151,take_profit
HYPE,london,1.0,2026-07-18 11:20:00+00:00,long,-20.586835674116468,-1.1396365444583731,stop_loss
HYPE,london,1.0,2026-07-18 14:20:00+00:00,long,16.199227224443874,0.9176654431189816,take_profit
HYPE,london,1.0,2026-07-19 17:05:00+00:00,long,15.019913901067131,0.8355242219758684,take_profit
HYPE,london,1.0,2026-07-20 00:45:00+00:00,short,-13.689459548737123,-0.7489979037732029,time_exit
HYPE,london,1.0,2026-07-22 17:20:00+00:00,short,-18.94588883875694,-1.0523597212060272,stop_loss
HYPE,london,1.0,2026-07-22 19:25:00+00:00,short,12.714232063080651,0.7214024468565383,take_profit
HYPE,london,1.0,2026-07-24 15:00:00+00:00,short,15.197971941303114,0.8500644739567099,take_profit
HYPE,london,1.0,2026-07-25 15:40:00+00:00,short,-24.07642280737348,-1.3241484786300346,stop_loss
HYPE,london,1.0,2026-07-28 17:30:00+00:00,short,15.009532287531702,0.8479462630180225,take_profit
HYPE,london,1.0,2026-07-28 19:15:00+00:00,short,-22.005359610398457,-1.222436275771908,stop_loss
HYPE,london,1.0,2026-07-28 22:05:00+00:00,short,8.799981216049611,0.5011057699525028,take_profit
HYPE,london,1.0,2026-07-29 06:45:00+00:00,short,12.246854727670703,0.6904644793363884,take_profit
HYPE,london,1.0,2026-07-29 13:50:00+00:00,short,11.358014126234224,0.6316302386565795,take_profit
HYPE,london,1.0,2026-07-29 14:10:00+00:00,short,14.818100465846376,0.8137689912489058,take_profit
HYPE,london,1.0,2026-07-29 18:10:00+00:00,short,16.32153144772064,0.8819787136293968,take_profit
HYPE,london,1.0,2026-07-31 15:25:00+00:00,long,-23.72131192415523,-1.2596268639722041,stop_loss
HYPE,london,1.0,2026-08-06 17:10:00+00:00,short,15.0974322885986,0.8224082439208869,take_profit
HYPE,london,1.0,2026-08-07 15:20:00+00:00,long,-23.948206728622743,-1.2834298235717063,stop_loss
HYPE,london,1.0,2026-08-08 15:10:00+00:00,short,-23.91517534116091,-1.3154247150631622,stop_loss
HYPE,london,1.0,2026-08-08 18:00:00+00:00,short,6.865147853433729,0.38781173073094694,take_profit
HYPE,london,1.0,2026-08-09 08:35:00+00:00,short,-20.72521062876632,-1.161754881551828,stop_loss
HYPE,london,1.0,2026-08-09 16:15:00+00:00,short,10.263130350319328,0.5889865154983881,take_profit
HYPE,london,1.0,2026-08-10 12:25:00+00:00,short,13.487217412665112,0.7650008027038325,take_profit
HYPE,london,1.0,2026-08-10 14:30:00+00:00,short,14.277650888286614,0.7976307676268191,take_profit
HYPE,london,1.0,2026-08-10 16:20:00+00:00,long,14.938543819983295,0.8214477646970779,take_profit
HYPE,london,1.0,2026-08-10 17:30:00+00:00,long,16.90095834260595,0.9143363582605939,take_profit
HYPE,london,1.0,2026-08-12 03:15:00+00:00,long,7.411329959390056,0.3937501427660193,take_profit
HYPE,london,1.0,2026-08-12 05:05:00+00:00,long,6.596074002104611,0.3476989832648558,take_profit
HYPE,london,1.0,2026-08-13 00:30:00+00:00,short,-26.14735041251901,-1.368787296012533,stop_loss
HYPE,london,1.0,2026-08-13 03:50:00+00:00,short,-26.040460134140382,-1.4015604613451367,stop_loss
HYPE,london,1.0,2026-08-15 05:05:00+00:00,long,15.030594949532755,0.8323136833908088,take_profit
HYPE,london,1.0,2026-08-16 14:00:00+00:00,long,11.32647197588575,0.6169296522560702,take_profit
HYPE,london,1.0,2026-08-17 00:00:00+00:00,long,11.182920259958372,0.6016867177421034,take_profit
HYPE,london,1.0,2026-08-17 17:45:00+00:00,long,-23.868438928981504,-1.2689491608878782,stop_loss
HYPE,london,1.0,2026-08-17 21:25:00+00:00,long,9.560632217988635,0.5215200945832118,take_profit
HYPE,london,1.0,2026-08-18 08:45:00+00:00,short,16.838961106372718,0.9090616228865234,take_profit
HYPE,london,1.0,2026-08-21 02:05:00+00:00,short,13.724106174595457,0.7276742578761639,take_profit
HYPE,london,1.0,2026-08-21 09:00:00+00:00,short,-20.353520102737914,-1.0636959992169421,stop_loss
HYPE,london,1.5,2026-07-08 18:05:00+00:00,short,-6.23994618180174,-0.311997309090087,time_exit
HYPE,london,1.5,2026-07-09 06:15:00+00:00,long,-22.09423502564613,-1.1116483773299326,stop_loss
HYPE,london,1.5,2026-07-10 03:00:00+00:00,short,-24.894509880463932,-1.281022209436125,stop_loss
HYPE,london,1.5,2026-07-10 04:05:00+00:00,short,21.00960077185403,1.1095393667978621,take_profit
HYPE,london,1.5,2026-07-11 16:15:00+00:00,short,-25.53115291139636,-1.3190564442800552,stop_loss
HYPE,london,1.5,2026-07-11 23:05:00+00:00,short,21.788958303923984,1.1562198953787433,take_profit
HYPE,london,1.5,2026-07-12 00:05:00+00:00,short,-23.51774613209867,-1.219751124322491,stop_loss
HYPE,london,1.5,2026-07-12 04:10:00+00:00,short,18.655160536467587,0.9917461254163159,take_profit
HYPE,london,1.5,2026-07-12 06:20:00+00:00,short,-23.053096477324537,-1.201713416794588,stop_loss
HYPE,london,1.5,2026-07-12 10:30:00+00:00,short,-21.58965338810456,-1.1531418748898312,stop_loss
HYPE,london,1.5,2026-07-13 03:25:00+00:00,long,-23.553954020489456,-1.287758027508774,stop_loss
HYPE,london,1.5,2026-07-14 19:40:00+00:00,short,-21.854152514442575,-1.2264117378384036,stop_loss
HYPE,london,1.5,2026-07-15 20:05:00+00:00,long,19.799931769745626,1.1390723744327378,take_profit
HYPE,london,1.5,2026-07-18 06:15:00+00:00,long,22.526080558420844,1.2670402659027038,take_profit
HYPE,london,1.5,2026-07-18 11:20:00+00:00,long,-20.774463866905,-1.1396365444583734,stop_loss
HYPE,london,1.5,2026-07-18 14:20:00+00:00,long,25.247400279984834,1.4173154431189878,take_profit
HYPE,london,1.5,2026-07-19 17:05:00+00:00,long,24.458368205193615,1.3351742219758767,take_profit
HYPE,london,1.5,2026-07-20 00:45:00+00:00,short,-14.086891773499534,-0.748997903773203,time_exit
HYPE,london,1.5,2026-07-22 17:20:00+00:00,short,-19.495925655366186,-1.0523597212060272,stop_loss
HYPE,london,1.5,2026-07-22 19:25:00+00:00,short,22.157696819612394,1.221752446856535,take_profit
HYPE,london,1.5,2026-07-24 15:00:00+00:00,short,25.089552247836256,1.3504144739567112,take_profit
HYPE,london,1.5,2026-07-25 15:40:00+00:00,short,-25.26599824559777,-1.3241484786300346,stop_loss
HYPE,london,1.5,2026-07-28 17:30:00+00:00,short,25.045439660782453,1.3482962630180366,take_profit
HYPE,london,1.5,2026-07-29 06:45:00+00:00,short,22.7166072602137,1.1908144793363775,take_profit
HYPE,london,1.5,2026-07-29 13:50:00+00:00,short,22.108549156458963,1.1319802386566087,take_profit
HYPE,london,1.5,2026-07-29 18:10:00+00:00,short,27.609296170874003,1.3823287136294002,take_profit
HYPE,london,1.5,2026-07-31 15:25:00+00:00,long,-25.854116376408356,-1.2596268639722041,stop_loss
HYPE,london,1.5,2026-08-06 17:10:00+00:00,short,26.465926820755552,1.3227582439208967,take_profit
HYPE,london,1.5,2026-08-07 15:20:00+00:00,long,-26.358381634105296,-1.2834298235717065,stop_loss
HYPE,london,1.5,2026-08-08 15:10:00+00:00,short,-26.322025930044063,-1.3154247150631624,stop_loss
HYPE,london,1.5,2026-08-08 18:00:00+00:00,short,17.30480671413471,0.8881617307309142,take_profit
HYPE,london,1.5,2026-08-09 08:35:00+00:00,short,-23.037532506367768,-1.161754881551828,stop_loss
HYPE,london,1.5,2026-08-09 16:15:00+00:00,short,21.09956796348004,1.0893365154983663,take_profit
HYPE,london,1.5,2026-08-10 12:25:00+00:00,short,25.042789566791413,1.2653508027038296,take_profit
HYPE,london,1.5,2026-08-10 14:30:00+00:00,short,26.338676365369768,1.29798076762681,take_profit
HYPE,london,1.5,2026-08-10 16:20:00+00:00,long,27.50368670104254,1.3210977646970863,take_profit
HYPE,london,1.5,2026-08-10 17:30:00+00:00,long,3.992515647621319,0.18683779761494654,time_exit
HYPE,london,1.5,2026-08-12 03:15:00+00:00,long,19.16230432273243,0.8934001427660533,take_profit
HYPE,london,1.5,2026-08-12 05:05:00+00:00,long,18.499308315084775,0.8473489832648546,take_profit
HYPE,london,1.5,2026-08-13 00:30:00+00:00,short,-30.38977288475682,-1.368787296012533,stop_loss
HYPE,london,1.5,2026-08-13 03:50:00+00:00,short,-30.265539597931706,-1.4015604613451367,stop_loss
HYPE,london,1.5,2026-08-15 05:05:00+00:00,long,27.95640271638598,1.3319636833907986,take_profit
HYPE,london,1.5,2026-08-16 14:00:00+00:00,long,24.060047892770186,1.1165796522560707,take_profit
HYPE,london,1.5,2026-08-17 00:00:00+00:00,long,24.2615575660744,1.1013367177420794,take_profit
HYPE,london,1.5,2026-08-17 17:45:00+00:00,long,-28.569657852194872,-1.2689491608878782,stop_loss
HYPE,london,1.5,2026-08-17 21:25:00+00:00,long,22.407565601426864,1.0211700945832147,take_profit
HYPE,london,1.5,2026-08-18 08:45:00+00:00,short,22.023236701545194,0.9835674499851709,time_exit
HYPE,london,1.5,2026-08-21 02:05:00+00:00,short,28.037814687789464,1.2280242578761638,take_profit
HYPE,london,1.5,2026-08-21 09:00:00+00:00,short,-24.882404344365273,-1.0636959992169421,stop_loss
HYPE,london,2.0,2026-07-08 18:05:00+00:00,short,-6.23994618180174,-0.311997309090087,time_exit
HYPE,london,2.0,2026-07-09 06:15:00+00:00,long,-22.09423502564613,-1.1116483773299326,stop_loss
HYPE,london,2.0,2026-07-10 03:00:00+00:00,short,-24.894509880463932,-1.281022209436125,stop_loss
HYPE,london,2.0,2026-07-10 04:05:00+00:00,short,30.483941260136774,1.6098893667978347,take_profit
HYPE,london,2.0,2026-07-11 16:15:00+00:00,short,-25.78109670892382,-1.3190564442800554,stop_loss
HYPE,london,2.0,2026-07-11 23:05:00+00:00,short,31.523668777165653,1.6565698953787469,take_profit
HYPE,london,2.0,2026-07-12 00:05:00+00:00,short,-23.98025397768739,-1.219751124322491,stop_loss
HYPE,london,2.0,2026-07-12 04:10:00+00:00,short,28.618927956220887,1.4920961254162886,take_profit
HYPE,london,2.0,2026-07-12 06:20:00+00:00,short,-23.737120568447402,-1.201713416794588,stop_loss
HYPE,london,2.0,2026-07-12 10:30:00+00:00,short,-22.230254664856325,-1.1531418748898312,stop_loss
HYPE,london,2.0,2026-07-13 03:25:00+00:00,long,-24.252839396129232,-1.2877580275087739,stop_loss
HYPE,london,2.0,2026-07-14 19:40:00+00:00,short,-22.50260192451014,-1.2264117378384034,stop_loss
HYPE,london,2.0,2026-07-15 20:05:00+00:00,long,29.33030140106107,1.6387223744327297,take_profit
HYPE,london,2.0,2026-07-18 06:15:00+00:00,long,-22.758763723388903,-1.2312097340972998,stop_loss
HYPE,london,2.0,2026-07-18 14:20:00+00:00,long,29.016407252252815,1.6093667812869565,time_exit
HYPE,london,2.0,2026-07-19 17:05:00+00:00,long,-21.64487801957042,-1.163075778024125,stop_loss
HYPE,london,2.0,2026-07-22 17:20:00+00:00,short,-19.128884648846345,-1.0523597212060272,stop_loss
HYPE,london,2.0,2026-07-22 19:25:00+00:00,short,-22.776989724591136,-1.2799975531434498,stop_loss
HYPE,london,2.0,2026-07-24 15:00:00+00:00,short,32.090437498743995,1.8507644739567124,take_profit
HYPE,london,2.0,2026-07-25 15:40:00+00:00,short,-23.809283649315198,-1.3241484786300346,stop_loss
HYPE,london,2.0,2026-07-28 17:30:00+00:00,short,32.35988828467238,1.8486462630180227,take_profit
HYPE,london,2.0,2026-07-29 06:45:00+00:00,short,30.697744145161824,1.6911644793363951,take_profit
HYPE,london,2.0,2026-07-29 13:50:00+00:00,short,30.631971643154024,1.6323302386566039,take_profit
HYPE,london,2.0,2026-07-29 18:10:00+00:00,short,36.483362564205876,1.8826787136294039,take_profit
HYPE,london,2.0,2026-07-31 15:25:00+00:00,long,-25.32870275924669,-1.2596268639722041,stop_loss
HYPE,london,2.0,2026-08-06 17:10:00+00:00,short,35.735703276832005,1.8231082439208912,take_profit
HYPE,london,2.0,2026-08-07 15:20:00+00:00,long,-26.074468144452688,-1.2834298235717065,stop_loss
HYPE,london,2.0,2026-08-08 15:10:00+00:00,short,-26.038504037832908,-1.3154247150631624,stop_loss
HYPE,london,2.0,2026-08-08 18:00:00+00:00,short,-31.10026870860535,-1.6135882692690915,stop_loss
HYPE,london,2.0,2026-08-09 08:35:00+00:00,short,-21.669023060628685,-1.1617548815518282,stop_loss
HYPE,london,2.0,2026-08-09 16:15:00+00:00,short,28.961854143254598,1.5896865154983824,take_profit
HYPE,london,2.0,2026-08-10 12:25:00+00:00,short,33.19134646520589,1.7657008027038488,take_profit
HYPE,london,2.0,2026-08-10 14:30:00+00:00,short,-23.427345830335597,-1.2037692323731828,stop_loss
HYPE,london,2.0,2026-08-10 17:30:00+00:00,long,3.548631156268437,0.1868377976149465,time_exit
HYPE,london,2.0,2026-08-12 03:15:00+00:00,long,-30.594992973220158,-1.6048498572340042,stop_loss
HYPE,london,2.0,2026-08-12 05:05:00+00:00,long,24.85507368551017,1.3469989832648537,take_profit
HYPE,london,2.0,2026-08-13 00:30:00+00:00,short,-25.937541833104444,-1.368787296012533,stop_loss
HYPE,london,2.0,2026-08-13 03:50:00+00:00,short,-25.831509251475424,-1.4015604613451365,stop_loss
HYPE,london,2.0,2026-08-15 05:05:00+00:00,long,28.30322383358545,1.5799583618072837,time_exit
HYPE,london,2.0,2026-08-16 14:00:00+00:00,long,29.867874473438015,1.6162296522560715,take_profit
HYPE,london,2.0,2026-08-17 00:00:00+00:00,long,30.542546916848153,1.600986717742091,take_profit
HYPE,london,2.0,2026-08-17 17:45:00+00:00,long,-24.983296699752707,-1.2689491608878782,stop_loss
HYPE,london,2.0,2026-08-17 21:25:00+00:00,long,29.1822744322049,1.5208200945832175,take_profit
HYPE,london,2.0,2026-08-18 08:45:00+00:00,short,19.44725039081711,0.9835674499851709,time_exit
HYPE,london,2.0,2026-08-21 02:05:00+00:00,short,34.84593033509624,1.7283742578761636,take_profit
HYPE,london,2.0,2026-08-21 09:00:00+00:00,short,-22.18659345735089,-1.0636959992169424,stop_loss
HYPE,london,2.3,2026-07-08 18:05:00+00:00,short,-6.23994618180174,-0.311997309090087,time_exit
HYPE,london,2.3,2026-07-09 06:15:00+00:00,long,-22.09423502564613,-1.1116483773299326,stop_loss
HYPE,london,2.3,2026-07-10 03:00:00+00:00,short,-24.894509880463932,-1.281022209436125,stop_loss
HYPE,london,2.3,2026-07-10 04:05:00+00:00,short,36.16854555310708,1.910099366797853,take_profit
HYPE,london,2.3,2026-07-11 16:15:00+00:00,short,-25.931062987440313,-1.3190564442800556,stop_loss
HYPE,london,2.3,2026-07-11 23:05:00+00:00,short,37.453111257288086,1.95677989537877,take_profit
HYPE,london,2.3,2026-07-12 00:05:00+00:00,short,-24.259920479139048,-1.2197511243224912,stop_loss
HYPE,london,2.3,2026-07-12 04:10:00+00:00,short,34.77797911376562,1.7923061254162875,take_profit
HYPE,london,2.3,2026-07-12 06:20:00+00:00,short,-24.153958063752775,-1.2017134167945882,stop_loss
HYPE,london,2.3,2026-07-12 10:30:00+00:00,short,-22.620630727857698,-1.1531418748898314,stop_loss
HYPE,london,2.3,2026-07-13 03:25:00+00:00,long,-24.67873321078863,-1.287758027508774,stop_loss
HYPE,london,2.3,2026-07-14 19:40:00+00:00,short,-22.897760562097172,-1.2264117378384034,stop_loss
HYPE,london,2.3,2026-07-15 20:05:00+00:00,long,-24.754127945347143,-1.359177625567222,stop_loss
HYPE,london,2.3,2026-07-18 06:15:00+00:00,long,-21.813952328992762,-1.2312097340972996,stop_loss
HYPE,london,2.3,2026-07-18 14:20:00+00:00,long,27.811814923356096,1.6093667812869565,time_exit
HYPE,london,2.3,2026-07-19 17:05:00+00:00,long,-20.746308675832825,-1.163075778024125,stop_loss
HYPE,london,2.3,2026-07-22 17:20:00+00:00,short,-18.334764704635766,-1.0523597212060274,stop_loss
HYPE,london,2.3,2026-07-22 19:25:00+00:00,short,-21.831421692715942,-1.2799975531434498,stop_loss
HYPE,london,2.3,2026-07-24 15:00:00+00:00,short,35.74748007027181,2.1509744739567136,take_profit
HYPE,london,2.3,2026-07-25 15:40:00+00:00,short,-22.95299095812699,-1.3241484786300348,stop_loss
HYPE,london,2.3,2026-07-28 17:30:00+00:00,short,36.26214745523932,2.1488562630180197,take_profit
HYPE,london,2.3,2026-07-29 06:45:00+00:00,short,35.04885814385314,1.9913744793364003,take_profit
HYPE,london,2.3,2026-07-29 13:50:00+00:00,short,35.36802236623424,1.9325402386565806,take_profit
HYPE,london,2.3,2026-07-29 18:10:00+00:00,short,41.493817117921346,2.1828887136293993,take_profit
HYPE,london,2.3,2026-07-31 15:25:00+00:00,long,-24.98916932753491,-1.2596268639722041,stop_loss
HYPE,london,2.3,2026-08-06 17:10:00+00:00,short,41.062353951356954,2.123318243920881,take_profit
HYPE,london,2.3,2026-08-07 15:20:00+00:00,long,-25.87396159924092,-1.2834298235717063,stop_loss
HYPE,london,2.3,2026-08-08 15:10:00+00:00,short,-25.838274048166976,-1.3154247150631624,stop_loss
HYPE,london,2.3,2026-08-08 18:00:00+00:00,short,-30.861114935674163,-1.6135882692690915,stop_loss
HYPE,london,2.3,2026-08-09 08:35:00+00:00,short,-21.50239335497445,-1.161754881551828,stop_loss
HYPE,london,2.3,2026-08-09 16:15:00+00:00,short,34.166490120968646,1.8898965154984073,take_profit
HYPE,london,2.3,2026-08-10 12:25:00+00:00,short,38.76026245709201,2.065910802703838,take_profit
HYPE,london,2.3,2026-08-10 16:20:00+00:00,long,41.42901611021385,2.12053776469708,take_profit
HYPE,london,2.3,2026-08-12 03:15:00+00:00,long,-32.68375149910615,-1.6048498572340042,stop_loss
HYPE,london,2.3,2026-08-12 05:05:00+00:00,long,32.461402681422584,1.646788983264853,take_profit
HYPE,london,2.3,2026-08-13 00:30:00+00:00,short,-27.870105712321266,-1.3687872960125327,stop_loss
HYPE,london,2.3,2026-08-13 03:50:00+00:00,short,-27.756172816213926,-1.4015604613451367,stop_loss
HYPE,london,2.3,2026-08-15 05:05:00+00:00,long,30.41205081488267,1.5799583618072839,time_exit
HYPE,london,2.3,2026-08-16 14:00:00+00:00,long,38.046175585783836,1.916019652256058,take_profit
HYPE,london,2.3,2026-08-17 00:00:00+00:00,long,39.18984413330338,1.900776717742105,take_profit
HYPE,london,2.3,2026-08-17 17:45:00+00:00,long,-27.15754502995835,-1.2689491608878782,stop_loss
HYPE,london,2.3,2026-08-17 21:25:00+00:00,long,37.975106816032216,1.820610094583211,take_profit
HYPE,london,2.3,2026-08-18 08:45:00+00:00,short,21.26271523903236,0.9835674499851711,time_exit
HYPE,london,2.3,2026-08-21 02:05:00+00:00,short,44.71650401822491,2.028584257876171,take_profit
HYPE,london,2.3,2026-08-21 09:00:00+00:00,short,-24.398567108513348,-1.0636959992169421,stop_loss
HYPE,newyork,1.0,2026-07-08 18:05:00+00:00,short,-2.3052498933770926,-0.11526249466885463,time_exit
HYPE,newyork,1.0,2026-07-11 22:00:00+00:00,short,10.712491603642793,0.5368621816691908,take_profit
HYPE,newyork,1.0,2026-07-12 00:30:00+00:00,long,-24.01554556944281,-1.1907662190481831,stop_loss
HYPE,newyork,1.0,2026-07-12 06:30:00+00:00,long,14.765894228108477,0.7500009541931432,take_profit
HYPE,newyork,1.0,2026-07-12 10:10:00+00:00,long,11.641451529193754,0.5825633334224702,take_profit
HYPE,newyork,1.0,2026-07-12 17:00:00+00:00,short,-28.202653007629074,-1.3950672605837078,stop_loss
HYPE,newyork,1.0,2026-07-12 20:00:00+00:00,short,11.44701018994315,0.5824879024269874,take_profit
HYPE,newyork,1.0,2026-07-12 22:50:00+00:00,long,12.06557741163535,0.6068938953166867,take_profit
HYPE,newyork,1.0,2026-07-20 02:00:00+00:00,long,-26.227489629147744,-1.3034119683830467,stop_loss
HYPE,newyork,1.0,2026-07-20 03:35:00+00:00,long,11.322593920538392,0.5777532320152039,take_profit
HYPE,newyork,1.0,2026-07-20 05:10:00+00:00,long,15.284964790970413,0.7710301585365199,take_profit
HYPE,newyork,1.0,2026-07-23 21:20:00+00:00,long,-23.41451618864964,-1.1631778950602598,stop_loss
HYPE,newyork,1.0,2026-07-24 01:25:00+00:00,long,15.062758920930417,0.7661046274050789,take_profit
HYPE,newyork,1.0,2026-07-24 02:05:00+00:00,long,16.475543352560425,0.8253144905802616,take_profit
HYPE,newyork,1.0,2026-07-25 16:00:00+00:00,long,12.737405235809778,0.6276978192252551,take_profit
HYPE,newyork,1.0,2026-07-25 20:05:00+00:00,long,15.2047212622302,0.739996970662251,take_profit
HYPE,newyork,1.0,2026-07-30 11:45:00+00:00,long,13.957982284655952,0.6694123017421666,take_profit
HYPE,newyork,1.0,2026-07-30 13:20:00+00:00,long,16.650661502300046,0.7880008310799558,take_profit
HYPE,newyork,1.0,2026-07-31 13:25:00+00:00,short,15.648046333411923,0.7290615477948579,take_profit
HYPE,newyork,1.0,2026-08-01 18:25:00+00:00,long,17.113557359019666,0.7858823601901399,take_profit
HYPE,newyork,1.0,2026-08-03 05:30:00+00:00,short,-25.071555296929283,-1.1335104385515413,stop_loss
HYPE,newyork,1.0,2026-08-03 09:45:00+00:00,short,11.083989069971587,0.5127423618584831,take_profit
HYPE,newyork,1.0,2026-08-03 11:25:00+00:00,short,-25.312593430837985,-1.1590677213270557,stop_loss
HYPE,newyork,1.0,2026-08-05 01:35:00+00:00,long,-43.38805196410503,-2.0338942971419307,stop_loss
HYPE,newyork,1.0,2026-08-05 21:50:00+00:00,long,-31.428824622054517,-1.5357549035995774,stop_loss
HYPE,newyork,1.0,2026-08-05 23:15:00+00:00,long,13.70465601819211,0.6908924750328995,take_profit
HYPE,newyork,1.0,2026-08-09 01:15:00+00:00,short,8.13276474908205,0.4044088023321973,take_profit
HYPE,newyork,1.0,2026-08-10 10:20:00+00:00,long,-27.55500268577573,-1.3592030071094992,stop_loss
HYPE,newyork,1.0,2026-08-10 11:15:00+00:00,long,14.837297953473325,0.752329357056195,take_profit
HYPE,newyork,1.0,2026-08-10 12:25:00+00:00,short,15.314212716017119,0.7650008027038324,take_profit
HYPE,newyork,1.0,2026-08-10 13:25:00+00:00,long,-24.13416038739961,-1.1874217979890291,stop_loss
HYPE,newyork,1.0,2026-08-11 21:10:00+00:00,short,12.915490542998583,0.6509115617100639,take_profit
HYPE,newyork,1.0,2026-08-12 03:45:00+00:00,short,-28.639207323357574,-1.4248029706043654,stop_loss
HYPE,newyork,1.0,2026-08-13 23:40:00+00:00,long,-24.094810672363508,-1.2338795606650983,stop_loss
HYPE,newyork,1.0,2026-08-18 16:55:00+00:00,long,-22.128842622259725,-1.1618759162303636,stop_loss
HYPE,newyork,1.0,2026-08-18 17:30:00+00:00,long,13.721563085009057,0.7375910978043974,take_profit
HYPE,newyork,1.0,2026-08-19 01:00:00+00:00,long,-21.994342882945702,-1.165100077966719,stop_loss
HYPE,newyork,1.0,2026-08-20 10:55:00+00:00,short,-19.597226827577952,-1.0628856941782263,stop_loss
HYPE,newyork,1.0,2026-08-21 03:45:00+00:00,long,16.527289773224478,0.9158518600640458,take_profit
HYPE,newyork,1.0,2026-08-21 09:00:00+00:00,short,-19.546857438719726,-1.063695999216942,stop_loss
HYPE,newyork,1.5,2026-07-08 18:05:00+00:00,short,-2.3052498933770926,-0.11526249466885463,time_exit
HYPE,newyork,1.5,2026-07-11 22:00:00+00:00,short,20.696422967960654,1.037212181669235,take_profit
HYPE,newyork,1.5,2026-07-12 00:30:00+00:00,long,-24.253316133481313,-1.1907662190481831,stop_loss
HYPE,newyork,1.5,2026-07-12 06:30:00+00:00,long,24.846506430519653,1.249650954193151,take_profit
HYPE,newyork,1.5,2026-07-12 10:10:00+00:00,long,22.05516929179445,1.082213333422417,take_profit
HYPE,newyork,1.5,2026-07-12 17:00:00+00:00,short,-29.046403379841912,-1.3950672605837076,stop_loss
HYPE,newyork,1.5,2026-07-12 20:00:00+00:00,short,21.916490347679105,1.0828379024269938,take_profit
HYPE,newyork,1.5,2026-07-12 22:50:00+00:00,long,22.88132755824402,1.106543895316725,take_profit
HYPE,newyork,1.5,2026-07-20 02:00:00+00:00,long,-27.54867937291295,-1.3034119683830467,stop_loss
HYPE,newyork,1.5,2026-07-20 03:35:00+00:00,long,-29.247910994010933,-1.4208467679848062,stop_loss
HYPE,newyork,1.5,2026-07-20 05:10:00+00:00,long,25.41345975725869,1.270680158536521,take_profit
HYPE,newyork,1.5,2026-07-23 21:20:00+00:00,long,-23.85463411335333,-1.1631778950602598,stop_loss
HYPE,newyork,1.5,2026-07-24 01:25:00+00:00,long,25.3544115059848,1.2657546274050897,take_profit
HYPE,newyork,1.5,2026-07-25 16:00:00+00:00,long,23.15364073221371,1.1273478192252302,take_profit
HYPE,newyork,1.5,2026-07-25 20:05:00+00:00,long,26.034104572230305,1.2396469706622497,take_profit
HYPE,newyork,1.5,2026-07-30 11:45:00+00:00,long,25.160449884581908,1.169062301742181,take_profit
HYPE,newyork,1.5,2026-07-30 13:20:00+00:00,long,28.360658642908028,1.2876508310799528,take_profit
HYPE,newyork,1.5,2026-07-31 13:25:00+00:00,short,27.775270110194654,1.2294115477948568,take_profit
HYPE,newyork,1.5,2026-08-01 18:25:00+00:00,long,29.757290135904913,1.2855323601901218,take_profit
HYPE,newyork,1.5,2026-08-03 05:30:00+00:00,short,-26.912915854826927,-1.1335104385515413,stop_loss
HYPE,newyork,1.5,2026-08-03 09:45:00+00:00,short,-34.54388641389151,-1.4886576381415388,stop_loss
HYPE,newyork,1.5,2026-08-03 11:25:00+00:00,short,-26.095069997422275,-1.159067721327056,stop_loss
HYPE,newyork,1.5,2026-08-05 01:35:00+00:00,long,-44.729286872508084,-2.0338942971419307,stop_loss
HYPE,newyork,1.5,2026-08-05 21:50:00+00:00,long,-32.400369432318186,-1.5357549035995772,stop_loss
HYPE,newyork,1.5,2026-08-05 23:15:00+00:00,long,-26.741768338990347,-1.3077075249670918,stop_loss
HYPE,newyork,1.5,2026-08-09 01:15:00+00:00,short,18.017832037257936,0.9047588023322036,take_profit
HYPE,newyork,1.5,2026-08-10 10:20:00+00:00,long,-27.55766544650203,-1.3592030071094992,stop_loss
HYPE,newyork,1.5,2026-08-10 11:15:00+00:00,long,24.693687222798445,1.2519793570561901,take_profit
HYPE,newyork,1.5,2026-08-10 12:25:00+00:00,short,25.582345379031228,1.2653508027038296,take_profit
HYPE,newyork,1.5,2026-08-11 21:10:00+00:00,short,-27.99459653265517,-1.350488438289909,stop_loss
HYPE,newyork,1.5,2026-08-12 03:45:00+00:00,short,-28.737344489206304,-1.4248029706043654,stop_loss
HYPE,newyork,1.5,2026-08-13 23:40:00+00:00,long,-24.177375682084254,-1.233879560665098,stop_loss
HYPE,newyork,1.5,2026-08-18 16:55:00+00:00,long,-22.204670904584077,-1.1618759162303638,stop_loss
HYPE,newyork,1.5,2026-08-18 17:30:00+00:00,long,23.095528170904075,1.2372410978043664,take_profit
HYPE,newyork,1.5,2026-08-19 01:00:00+00:00,long,-22.287046784182106,-1.1651000779667195,stop_loss
HYPE,newyork,1.5,2026-08-20 10:55:00+00:00,short,-19.858029561097872,-1.062885694178226,stop_loss
HYPE,newyork,1.5,2026-08-21 03:45:00+00:00,long,25.883820996587513,1.4155018600640517,take_profit
HYPE,newyork,1.5,2026-08-21 09:00:00+00:00,short,-20.0013607987628,-1.0636959992169421,stop_loss
HYPE,newyork,2.0,2026-07-08 18:05:00+00:00,short,-2.3052498933770926,-0.11526249466885463,time_exit
HYPE,newyork,2.0,2026-07-11 22:00:00+00:00,short,30.68035433227713,1.53756218166921,take_profit
HYPE,newyork,2.0,2026-07-12 00:30:00+00:00,long,-24.49108669751979,-1.1907662190481831,stop_loss
HYPE,newyork,2.0,2026-07-12 06:30:00+00:00,long,35.12190540268517,1.7493009541931588,take_profit
HYPE,newyork,2.0,2026-07-12 17:00:00+00:00,short,-28.98966293861676,-1.3950672605837078,stop_loss
HYPE,newyork,2.0,2026-07-12 20:00:00+00:00,short,31.98091048823655,1.5831879024270001,take_profit
HYPE,newyork,2.0,2026-07-12 22:50:00+00:00,long,33.472989890109496,1.6061938953167036,take_profit
HYPE,newyork,2.0,2026-07-20 02:00:00+00:00,long,-28.035613578875108,-1.3034119683830465,stop_loss
HYPE,newyork,2.0,2026-07-20 03:35:00+00:00,long,-29.764879815751396,-1.4208467679848062,stop_loss
HYPE,newyork,2.0,2026-07-20 05:10:00+00:00,long,36.0322260650562,1.770330158536522,take_profit
HYPE,newyork,2.0,2026-07-23 21:20:00+00:00,long,-24.51285500432919,-1.1631778950602598,stop_loss
HYPE,newyork,2.0,2026-07-24 01:25:00+00:00,long,36.33870181201898,1.7654046274050796,take_profit
HYPE,newyork,2.0,2026-07-25 16:00:00+00:00,long,34.672226188094626,1.6269978192252381,take_profit
HYPE,newyork,2.0,2026-07-25 20:05:00+00:00,long,38.271489368426984,1.7392969706622488,take_profit
HYPE,newyork,2.0,2026-07-30 11:45:00+00:00,long,-30.264845072514152,-1.3291876982578275,stop_loss
HYPE,newyork,2.0,2026-07-30 13:20:00+00:00,long,39.61397192074041,1.7873008310799499,take_profit
HYPE,newyork,2.0,2026-07-31 13:25:00+00:00,short,39.709118146366535,1.729761547794856,take_profit
HYPE,newyork,2.0,2026-08-01 18:25:00+00:00,long,42.39914147472477,1.7851823601901242,take_profit
HYPE,newyork,2.0,2026-08-03 05:30:00+00:00,short,-27.882743623641577,-1.133510438551541,stop_loss
HYPE,newyork,2.0,2026-08-03 09:45:00+00:00,short,-35.78870211753673,-1.4886576381415386,stop_loss
HYPE,newyork,2.0,2026-08-03 11:25:00+00:00,short,-27.035426057284997,-1.1590677213270557,stop_loss
HYPE,newyork,2.0,2026-08-05 01:35:00+00:00,long,-46.34114137100364,-2.0338942971419307,stop_loss
HYPE,newyork,2.0,2026-08-05 21:50:00+00:00,long,-33.567941841224595,-1.5357549035995777,stop_loss
HYPE,newyork,2.0,2026-08-05 23:15:00+00:00,long,-27.705428674505782,-1.3077075249670918,stop_loss
HYPE,newyork,2.0,2026-08-09 01:15:00+00:00,short,28.990414407059816,1.4051088023322098,take_profit
HYPE,newyork,2.0,2026-08-10 10:20:00+00:00,long,-28.831356361135366,-1.3592030071094992,stop_loss
HYPE,newyork,2.0,2026-08-10 11:15:00+00:00,long,36.14545039677504,1.7516293570561852,take_profit
HYPE,newyork,2.0,2026-08-10 12:25:00+00:00,short,37.712260341514266,1.7657008027038485,take_profit
HYPE,newyork,2.0,2026-08-11 21:10:00+00:00,short,-29.862654718178973,-1.350488438289909,stop_loss
HYPE,newyork,2.0,2026-08-12 03:45:00+00:00,short,-30.654965682305438,-1.4248029706043654,stop_loss
HYPE,newyork,2.0,2026-08-13 23:40:00+00:00,long,-25.790713616593074,-1.233879560665098,stop_loss
HYPE,newyork,2.0,2026-08-18 16:55:00+00:00,long,-23.686371746094164,-1.1618759162303638,stop_loss
HYPE,newyork,2.0,2026-08-18 17:30:00+00:00,long,-25.10995379607833,-1.2610089021956141,stop_loss
HYPE,newyork,2.0,2026-08-19 01:00:00+00:00,long,-22.61504847822101,-1.1651000779667193,stop_loss
HYPE,newyork,2.0,2026-08-20 10:55:00+00:00,short,-20.15028305701361,-1.062885694178226,stop_loss
HYPE,newyork,2.0,2026-08-21 03:45:00+00:00,long,35.53580501868877,1.9151518600640458,take_profit
HYPE,newyork,2.0,2026-08-21 09:00:00+00:00,short,-20.49295525630534,-1.0636959992169421,stop_loss
HYPE,newyork,2.3,2026-07-08 18:05:00+00:00,short,-2.3052498933770926,-0.11526249466885463,time_exit
HYPE,newyork,2.3,2026-07-11 22:00:00+00:00,short,36.670713150867016,1.837772181669195,take_profit
HYPE,newyork,2.3,2026-07-12 00:30:00+00:00,long,-24.63374903594287,-1.1907662190481831,stop_loss
HYPE,newyork,2.3,2026-07-12 06:30:00+00:00,long,41.380642435466264,2.0490909541931486,take_profit
HYPE,newyork,2.3,2026-07-12 17:00:00+00:00,short,-29.327448719343696,-1.3950672605837076,stop_loss
HYPE,newyork,2.3,2026-07-12 20:00:00+00:00,short,38.488551046828036,1.8833979024270289,take_profit
HYPE,newyork,2.3,2026-07-12 22:50:00+00:00,long,40.41728274912475,1.9059838953167505,take_profit
HYPE,newyork,2.3,2026-07-20 02:00:00+00:00,long,-28.69306972528033,-1.3034119683830467,stop_loss
HYPE,newyork,2.3,2026-07-20 03:35:00+00:00,long,-30.462888551205786,-1.4208467679848062,stop_loss
HYPE,newyork,2.3,2026-07-20 05:10:00+00:00,long,43.122043021032106,2.070120158536538,take_profit
HYPE,newyork,2.3,2026-07-23 21:20:00+00:00,long,-25.232976885712354,-1.16317789506026,stop_loss
HYPE,newyork,2.3,2026-07-24 01:25:00+00:00,long,43.758328846462724,2.065194627405069,take_profit
HYPE,newyork,2.3,2026-07-25 16:00:00+00:00,long,42.51195967604925,1.92678781922523,take_profit
HYPE,newyork,2.3,2026-07-25 20:05:00+00:00,long,22.577637791379065,0.9853257095530957,time_exit
HYPE,newyork,2.3,2026-07-30 11:45:00+00:00,long,-31.05704945513084,-1.3291876982578275,stop_loss
HYPE,newyork,2.3,2026-07-30 13:20:00+00:00,long,47.469408570908584,2.0870908310799523,take_profit
HYPE,newyork,2.3,2026-07-31 13:25:00+00:00,short,48.09750174437697,2.0299715477948355,take_profit
HYPE,newyork,2.3,2026-08-01 18:25:00+00:00,long,51.4063127761621,2.08497236019013,take_profit
HYPE,newyork,2.3,2026-08-03 05:30:00+00:00,short,-29.112808917374196,-1.1335104385515413,stop_loss
HYPE,newyork,2.3,2026-08-03 09:45:00+00:00,short,-37.367543890668074,-1.4886576381415388,stop_loss
HYPE,newyork,2.3,2026-08-03 11:25:00+00:00,short,-28.22811138779687,-1.1590677213270557,stop_loss
HYPE,newyork,2.3,2026-08-05 01:35:00+00:00,long,-48.385510836284524,-2.0338942971419307,stop_loss
HYPE,newyork,2.3,2026-08-05 21:50:00+00:00,long,-35.048813336449875,-1.5357549035995774,stop_loss
HYPE,newyork,2.3,2026-08-05 23:15:00+00:00,long,-28.927671604415963,-1.3077075249670918,stop_loss
HYPE,newyork,2.3,2026-08-09 01:15:00+00:00,short,36.73657414568005,1.7053188023321808,take_profit
HYPE,newyork,2.3,2026-08-10 10:20:00+00:00,long,-30.279075857660914,-1.3592030071094992,stop_loss
HYPE,newyork,2.3,2026-08-10 11:15:00+00:00,long,44.457334098264,2.051419357056191,take_profit
HYPE,newyork,2.3,2026-08-10 12:25:00+00:00,short,46.60828319455814,2.065910802703838,take_profit
HYPE,newyork,2.3,2026-08-11 21:10:00+00:00,short,-31.72677112803268,-1.3504884382899092,stop_loss
HYPE,newyork,2.3,2026-08-12 03:45:00+00:00,short,-32.56854051720118,-1.4248029706043654,stop_loss
HYPE,newyork,2.3,2026-08-13 23:40:00+00:00,long,-27.400647258737138,-1.233879560665098,stop_loss
HYPE,newyork,2.3,2026-08-18 16:55:00+00:00,long,-25.164946061689438,-1.1618759162303638,stop_loss
HYPE,newyork,2.3,2026-08-18 17:30:00+00:00,long,-26.677392369898207,-1.261008902195614,stop_loss
HYPE,newyork,2.3,2026-08-19 01:00:00+00:00,long,-24.02674758453742,-1.1651000779667193,stop_loss
HYPE,newyork,2.3,2026-08-20 10:55:00+00:00,short,-21.40812411850872,-1.0628856941782263,stop_loss
HYPE,newyork,2.3,2026-08-21 03:45:00+00:00,long,43.66392128692555,2.2149418600640476,take_profit
HYPE,newyork,2.3,2026-08-21 09:00:00+00:00,short,-21.897912934673748,-1.0636959992169424,stop_loss
HYPE,prevday,1.0,2026-07-08 18:05:00+00:00,short,-2.3052498933770926,-0.11526249466885463,time_exit
HYPE,prevday,1.0,2026-07-12 19:10:00+00:00,short,9.680856081114868,0.485161221910824,take_profit
HYPE,prevday,1.0,2026-07-12 20:00:00+00:00,short,11.735682076088205,0.5824879024269873,take_profit
HYPE,prevday,1.0,2026-07-18 14:20:00+00:00,long,18.7040642386436,0.9176654431189816,take_profit
HYPE,prevday,1.0,2026-07-20 01:20:00+00:00,long,-23.13446470207736,-1.1145751817167453,stop_loss
HYPE,prevday,1.0,2026-07-20 05:10:00+00:00,long,15.646991315694265,0.77103015853652,take_profit
HYPE,prevday,1.0,2026-07-21 20:05:00+00:00,long,17.18785135970531,0.8340961992822463,take_profit
HYPE,prevday,1.0,2026-07-23 22:30:00+00:00,long,17.180795064428953,0.8200733680927765,take_profit
HYPE,prevday,1.0,2026-07-24 22:25:00+00:00,long,18.741194294418268,0.8801190689013048,take_profit
HYPE,prevday,1.0,2026-07-30 11:45:00+00:00,long,14.505330756575809,0.6694123017421667,take_profit
HYPE,prevday,1.0,2026-07-30 13:20:00+00:00,long,17.30360072688678,0.7880008310799557,take_profit
HYPE,prevday,1.0,2026-08-01 18:25:00+00:00,long,17.529053410640394,0.7858823601901399,take_profit
HYPE,prevday,1.0,2026-08-03 11:25:00+00:00,short,-26.25927509709185,-1.1590677213270555,stop_loss
HYPE,prevday,1.0,2026-08-06 13:30:00+00:00,long,13.461563609719686,0.6082857537958529,take_profit
HYPE,prevday,1.0,2026-08-09 01:15:00+00:00,short,9.058579177703205,0.40440880233219734,take_profit
HYPE,prevday,1.0,2026-08-11 16:55:00+00:00,long,15.305897672133238,0.677830021012465,take_profit
HYPE,prevday,1.0,2026-08-18 10:05:00+00:00,short,-28.42275825346161,-1.2418816480347994,stop_loss
HYPE,prevday,1.0,2026-08-18 11:35:00+00:00,short,13.392242816480117,0.6000540484415852,take_profit
HYPE,prevday,1.0,2026-08-18 13:05:00+00:00,short,19.92486476329223,0.8821683274128125,take_profit
HYPE,prevday,1.0,2026-08-19 01:00:00+00:00,long,-26.779518158111472,-1.1651000779667193,stop_loss
HYPE,prevday,1.0,2026-08-20 10:55:00+00:00,short,-23.86087615669043,-1.062885694178226,stop_loss
HYPE,prevday,1.0,2026-08-21 09:00:00+00:00,short,-23.371452442715864,-1.0636959992169421,stop_loss
HYPE,prevday,1.5,2026-07-08 18:05:00+00:00,short,-2.3052498933770926,-0.11526249466885463,time_exit
HYPE,prevday,1.5,2026-07-12 19:10:00+00:00,short,19.66478744543098,0.9855112219107808,take_profit
HYPE,prevday,1.5,2026-07-18 14:20:00+00:00,long,28.838387675538364,1.417315443118988,take_profit
HYPE,prevday,1.5,2026-07-20 01:20:00+00:00,long,-23.321324852444516,-1.1145751817167453,stop_loss
HYPE,prevday,1.5,2026-07-20 05:10:00+00:00,long,25.99498001455981,1.2706801585365208,take_profit
HYPE,prevday,1.5,2026-07-21 20:05:00+00:00,long,27.978569677598905,1.3337461992822555,take_profit
HYPE,prevday,1.5,2026-07-23 22:30:00+00:00,long,28.422886139560575,1.3197233680927685,take_profit
HYPE,prevday,1.5,2026-07-24 22:25:00+00:00,long,11.71365811558694,0.5298988454376158,time_exit
HYPE,prevday,1.5,2026-07-30 11:45:00+00:00,long,26.116540717599964,1.169062301742181,take_profit
HYPE,prevday,1.5,2026-07-30 13:20:00+00:00,long,29.43835661219016,1.2876508310799526,take_profit
HYPE,prevday,1.5,2026-08-01 18:25:00+00:00,long,30.146803194755826,1.2855323601901218,take_profit
HYPE,prevday,1.5,2026-08-03 11:25:00+00:00,short,-27.87994594563613,-1.1590677213270557,stop_loss
HYPE,prevday,1.5,2026-08-06 13:30:00+00:00,long,26.032245687985927,1.1079357537958758,take_profit
HYPE,prevday,1.5,2026-08-09 01:15:00+00:00,short,21.72942377256863,0.9047588023322035,take_profit
HYPE,prevday,1.5,2026-08-11 16:55:00+00:00,long,28.791037773160728,1.1774800210124918,take_profit
HYPE,prevday,1.5,2026-08-18 10:05:00+00:00,short,-31.080849097355284,-1.2418816480347994,stop_loss
HYPE,prevday,1.5,2026-08-18 11:35:00+00:00,short,26.856027801957346,1.1004040484415976,take_profit
HYPE,prevday,1.5,2026-08-18 13:05:00+00:00,short,34.483776793965845,1.3825183274128048,take_profit
HYPE,prevday,1.5,2026-08-19 01:00:00+00:00,long,-29.86431383976156,-1.1651000779667193,stop_loss
HYPE,prevday,1.5,2026-08-20 10:55:00+00:00,short,-26.609466601595475,-1.0628856941782263,stop_loss
HYPE,prevday,1.5,2026-08-21 09:00:00+00:00,short,-26.063665018891083,-1.0636959992169421,stop_loss
HYPE,prevday,2.0,2026-07-08 18:05:00+00:00,short,-2.3052498933770926,-0.11526249466885463,time_exit
HYPE,prevday,2.0,2026-07-12 19:10:00+00:00,short,29.648718809748623,1.485861221910814,take_profit
HYPE,prevday,2.0,2026-07-18 14:20:00+00:00,long,33.06744903692235,1.6093667812869568,time_exit
HYPE,prevday,2.0,2026-07-20 01:20:00+00:00,long,-23.638153831444267,-1.1145751817167455,stop_loss
HYPE,prevday,2.0,2026-07-20 05:10:00+00:00,long,36.708601837483634,1.7703301585365216,take_profit
HYPE,prevday,2.0,2026-07-21 20:05:00+00:00,long,-25.00146261318653,-1.1645038007177508,stop_loss
HYPE,prevday,2.0,2026-07-23 22:30:00+00:00,long,38.15152826256936,1.8193733680927764,take_profit
HYPE,prevday,2.0,2026-07-24 22:25:00+00:00,long,11.516094820513645,0.5298988454376158,time_exit
HYPE,prevday,2.0,2026-07-30 11:45:00+00:00,long,-29.192883660039897,-1.3291876982578277,stop_loss
HYPE,prevday,2.0,2026-07-30 13:20:00+00:00,long,38.210870428162885,1.7873008310799496,take_profit
HYPE,prevday,2.0,2026-08-01 18:25:00+00:00,long,39.529846879415224,1.7851823601901244,take_profit
HYPE,prevday,2.0,2026-08-03 11:25:00+00:00,short,-26.581951561209745,-1.1590677213270557,stop_loss
HYPE,prevday,2.0,2026-08-06 13:30:00+00:00,long,36.01356716330673,1.6075857537958624,take_profit
HYPE,prevday,2.0,2026-08-09 01:15:00+00:00,short,32.48968380280181,1.40510880233221,take_profit
HYPE,prevday,2.0,2026-08-11 16:55:00+00:00,long,39.86929366184564,1.6771300210124884,take_profit
HYPE,prevday,2.0,2026-08-18 10:05:00+00:00,short,-30.51268320154934,-1.2418816480347994,stop_loss
HYPE,prevday,2.0,2026-08-18 11:35:00+00:00,short,38.35321123568782,1.6007540484415763,take_profit
HYPE,prevday,2.0,2026-08-18 13:05:00+00:00,short,13.330137819824802,0.539102657055736,time_exit
HYPE,prevday,2.0,2026-08-19 02:35:00+00:00,long,36.61693528577427,1.4650798759082242,take_profit
HYPE,prevday,2.0,2026-08-20 10:55:00+00:00,short,-27.343235192948935,-1.0628856941782263,stop_loss
HYPE,prevday,2.0,2026-08-21 09:00:00+00:00,short,-26.782382874185238,-1.0636959992169421,stop_loss
HYPE,prevday,2.3,2026-07-08 18:05:00+00:00,short,-2.3052498933770926,-0.11526249466885463,time_exit
HYPE,prevday,2.3,2026-07-12 19:10:00+00:00,short,35.63907762833829,1.7860712219107884,take_profit
HYPE,prevday,2.3,2026-07-18 14:20:00+00:00,long,33.26026272673491,1.6093667812869568,time_exit
HYPE,prevday,2.3,2026-07-20 01:20:00+00:00,long,-23.775986043887038,-1.1145751817167455,stop_loss
HYPE,prevday,2.3,2026-07-20 05:10:00+00:00,long,43.17517559284333,2.0701201585365374,take_profit
HYPE,prevday,2.3,2026-07-21 20:05:00+00:00,long,-25.292866042526825,-1.1645038007177508,stop_loss
HYPE,prevday,2.3,2026-07-23 22:30:00+00:00,long,44.95594923604193,2.119163368092778,take_profit
HYPE,prevday,2.3,2026-07-24 22:25:00+00:00,long,11.71772060625283,0.5298988454376158,time_exit
HYPE,prevday,2.3,2026-07-30 11:45:00+00:00,long,-29.703997731058436,-1.3291876982578277,stop_loss
HYPE,prevday,2.3,2026-07-30 13:20:00+00:00,long,45.40132527792357,2.087090831079952,take_profit
HYPE,prevday,2.3,2026-08-01 18:25:00+00:00,long,47.24845149603124,2.08497236019013,take_profit
HYPE,prevday,2.3,2026-08-03 11:25:00+00:00,short,-27.36141307748914,-1.1590677213270557,stop_loss
HYPE,prevday,2.3,2026-08-06 13:30:00+00:00,long,43.982499844729546,1.907375753795861,take_profit
HYPE,prevday,2.3,2026-08-09 01:15:00+00:00,short,40.82331813338544,1.7053188023321808,take_profit
HYPE,prevday,2.3,2026-08-11 16:55:00+00:00,long,48.93921924433259,1.9769200210124864,take_profit
HYPE,prevday,2.3,2026-08-18 10:05:00+00:00,short,-31.958668939310833,-1.2418816480347994,stop_loss
HYPE,prevday,2.3,2026-08-18 11:35:00+00:00,short,47.70449578196884,1.9009640484415629,take_profit
HYPE,prevday,2.3,2026-08-18 13:05:00+00:00,short,14.043077715441349,0.5391026570557359,time_exit
HYPE,prevday,2.3,2026-08-19 02:35:00+00:00,long,-40.35892061982701,-1.532820124091798,stop_loss
HYPE,prevday,2.3,2026-08-20 10:55:00+00:00,short,-27.12768020240924,-1.062885694178226,stop_loss
HYPE,prevday,2.3,2026-08-21 09:00:00+00:00,short,-26.571249252053935,-1.0636959992169421,stop_loss
SOL,asia,1.0,2026-07-08 18:55:00+00:00,short,-6.429831971277141,-0.321491598563857,time_exit
SOL,asia,1.0,2026-07-10 15:50:00+00:00,long,-7.707361259094373,-0.3878619501220553,time_exit
SOL,asia,1.0,2026-07-11 09:20:00+00:00,short,12.0126607229387,0.6092460654997485,take_profit
SOL,asia,1.0,2026-07-11 11:15:00+00:00,short,-34.493243261619696,-1.7283340649857506,stop_loss
SOL,asia,1.0,2026-07-12 11:05:00+00:00,short,-22.512793228979195,-1.1684247779717336,stop_loss
SOL,asia,1.0,2026-07-13 03:45:00+00:00,long,14.450249796043098,0.7679200386314212,take_profit
SOL,asia,1.0,2026-07-13 14:35:00+00:00,long,-21.95771414249389,-1.149233842024057,stop_loss
SOL,asia,1.0,2026-07-14 10:15:00+00:00,short,-22.923645164213113,-1.228014745787992,stop_loss
SOL,asia,1.0,2026-07-15 19:00:00+00:00,long,-20.801218812787436,-1.142373861126303,stop_loss
SOL,asia,1.0,2026-07-18 08:25:00+00:00,long,-25.482927448551507,-1.4322091205407,stop_loss
SOL,asia,1.0,2026-07-18 11:45:00+00:00,long,8.570464518795287,0.49588746802701883,take_profit
SOL,asia,1.0,2026-07-18 14:20:00+00:00,long,9.927719416095297,0.5687773075224093,take_profit
SOL,asia,1.0,2026-07-18 17:10:00+00:00,long,12.20332566073398,0.6912872057737696,take_profit
SOL,asia,1.0,2026-07-18 18:05:00+00:00,short,-23.5780949099597,-1.317424435570029,stop_loss
SOL,asia,1.0,2026-07-19 18:45:00+00:00,long,12.638668715559444,0.7252951792770947,take_profit
SOL,asia,1.0,2026-07-20 00:00:00+00:00,short,-23.439441392675125,-1.3258858610075148,stop_loss
SOL,asia,1.0,2026-07-21 17:35:00+00:00,long,13.062471934948295,0.7590252098173332,take_profit
SOL,asia,1.0,2026-07-22 15:50:00+00:00,short,13.500334265931327,0.7727376680850411,take_profit
SOL,asia,1.0,2026-07-29 04:05:00+00:00,long,14.697986912225144,0.8284853643423157,take_profit
SOL,asia,1.0,2026-07-29 08:05:00+00:00,short,10.540740833169384,0.584468292780822,take_profit
SOL,asia,1.0,2026-07-29 10:25:00+00:00,short,12.686366342353983,0.6953122545261552,take_profit
SOL,asia,1.0,2026-07-29 18:55:00+00:00,short,12.93120911263012,0.6990109388821447,take_profit
SOL,asia,1.0,2026-07-29 19:15:00+00:00,short,15.085153912243939,0.8042019100290776,take_profit
SOL,asia,1.0,2026-07-29 21:20:00+00:00,long,15.663198824324041,0.8218000936204888,take_profit
SOL,asia,1.0,2026-07-31 10:05:00+00:00,long,12.048843804660756,0.6219436825879141,take_profit
SOL,asia,1.0,2026-08-02 02:00:00+00:00,short,-22.172826921268936,-1.1304671358023077,stop_loss
SOL,asia,1.0,2026-08-03 09:05:00+00:00,long,-5.9965601520171035,-0.31280298265025985,take_profit
SOL,asia,1.0,2026-08-03 11:30:00+00:00,long,-26.50560259854773,-1.3913355433459955,stop_loss
SOL,asia,1.0,2026-08-03 13:05:00+00:00,long,5.749973839390229,0.3104676696556991,take_profit
SOL,asia,1.0,2026-08-03 15:25:00+00:00,short,10.966651946505543,0.5884861190254879,take_profit
SOL,asia,1.0,2026-08-05 06:00:00+00:00,short,7.951368511343205,0.4217182210025275,take_profit
SOL,asia,1.0,2026-08-05 13:45:00+00:00,long,15.195341564001737,0.7991776212756541,take_profit
SOL,asia,1.0,2026-08-05 19:10:00+00:00,short,4.549220877464968,0.23549581505224912,take_profit
SOL,asia,1.0,2026-08-06 03:10:00+00:00,long,9.135602963325162,0.47069837419258076,take_profit
SOL,asia,1.0,2026-08-06 11:30:00+00:00,long,-25.165328486640743,-1.2845138027434648,stop_loss
SOL,asia,1.0,2026-08-11 11:15:00+00:00,short,12.214623298795118,0.6399104647971663,take_profit
SOL,asia,1.0,2026-08-13 05:30:00+00:00,short,13.365931229791988,0.6913778028928843,take_profit
SOL,asia,1.0,2026-08-13 16:55:00+00:00,long,15.692910968140232,0.8006738218951298,take_profit
SOL,asia,1.0,2026-08-14 11:00:00+00:00,long,-33.50116772998209,-1.682335445861383,stop_loss
SOL,asia,1.0,2026-08-14 15:20:00+00:00,long,11.129267339188672,0.578340085566931,take_profit
SOL,asia,1.0,2026-08-15 21:55:00+00:00,short,5.451612245924389,0.28005743737632266,take_profit
SOL,asia,1.0,2026-08-16 11:55:00+00:00,long,0.5725809306849108,0.02925049846891,take_profit
SOL,asia,1.0,2026-08-16 14:50:00+00:00,long,8.616024778999503,0.43989531667957077,take_profit
SOL,asia,1.0,2026-08-16 16:10:00+00:00,short,10.842318614901906,0.5487321324640855,take_profit
SOL,asia,1.5,2026-07-08 18:55:00+00:00,short,-6.429831971277141,-0.321491598563857,time_exit
SOL,asia,1.5,2026-07-10 15:50:00+00:00,long,-7.707361259094373,-0.3878619501220553,time_exit
SOL,asia,1.5,2026-07-11 09:20:00+00:00,short,-27.449455706435103,-1.3921539345002065,stop_loss
SOL,asia,1.5,2026-07-12 11:05:00+00:00,short,-22.39667813842314,-1.1684247779717336,stop_loss
SOL,asia,1.5,2026-07-13 03:45:00+00:00,long,23.729333805178506,1.2675700386314424,take_profit
SOL,asia,1.5,2026-07-13 14:35:00+00:00,long,-22.059451813630115,-1.149233842024057,stop_loss
SOL,asia,1.5,2026-07-14 10:15:00+00:00,short,-23.029858327287627,-1.2280147457879922,stop_loss
SOL,asia,1.5,2026-07-15 19:00:00+00:00,long,-20.897598041748818,-1.142373861126303,stop_loss
SOL,asia,1.5,2026-07-18 08:25:00+00:00,long,-25.600998650113038,-1.4322091205406997,stop_loss
SOL,asia,1.5,2026-07-18 11:45:00+00:00,long,-26.09184112898679,-1.5027125319729948,stop_loss
SOL,asia,1.5,2026-07-18 14:20:00+00:00,long,17.993731712222075,1.0684273075223454,take_profit
SOL,asia,1.5,2026-07-18 17:10:00+00:00,long,20.48554883721076,1.1909372057737582,take_profit
SOL,asia,1.5,2026-07-19 18:45:00+00:00,long,21.572400270421163,1.22494517927709,take_profit
SOL,asia,1.5,2026-07-20 00:00:00+00:00,short,-23.922108421220177,-1.3258858610075146,stop_loss
SOL,asia,1.5,2026-07-21 17:35:00+00:00,long,-17.720580807531302,-1.00891966111857,time_exit
SOL,asia,1.5,2026-07-22 15:50:00+00:00,short,21.909208598495745,1.2730876680850332,take_profit
SOL,asia,1.5,2026-07-29 04:05:00+00:00,long,23.43852009775829,1.3281353643423441,take_profit
SOL,asia,1.5,2026-07-29 08:05:00+00:00,short,19.653066754013167,1.0848182927808112,take_profit
SOL,asia,1.5,2026-07-29 10:25:00+00:00,short,22.131135508851592,1.1956622545261324,take_profit
SOL,asia,1.5,2026-07-29 18:55:00+00:00,short,22.730460773549673,1.1993609388821236,take_profit
SOL,asia,1.5,2026-07-29 21:20:00+00:00,long,25.645055359717887,1.3214500936204867,take_profit
SOL,asia,1.5,2026-07-31 10:05:00+00:00,long,-27.422517449599816,-1.3766563174121031,stop_loss
SOL,asia,1.5,2026-08-02 02:00:00+00:00,short,-21.898509050782195,-1.130467135802308,stop_loss
SOL,asia,1.5,2026-08-03 09:05:00+00:00,long,1.0563897179605313,0.05579552602457104,take_profit
SOL,asia,1.5,2026-08-03 11:30:00+00:00,long,-26.37187645760128,-1.3913355433459955,stop_loss
SOL,asia,1.5,2026-08-03 13:05:00+00:00,long,14.927976473994919,0.8101176696557368,take_profit
SOL,asia,1.5,2026-08-03 15:25:00+00:00,short,20.38898246929657,1.0888361190255162,take_profit
SOL,asia,1.5,2026-08-05 06:00:00+00:00,short,17.64217365015138,0.9220682210025349,take_profit
SOL,asia,1.5,2026-08-05 13:45:00+00:00,long,25.309093140443714,1.2988276212756604,take_profit
SOL,asia,1.5,2026-08-05 19:10:00+00:00,short,14.711241604487132,0.7358458150522603,take_profit
SOL,asia,1.5,2026-08-06 03:10:00+00:00,long,19.684984937668023,0.9703483741925875,take_profit
SOL,asia,1.5,2026-08-06 11:30:00+00:00,long,-26.564018695039874,-1.2845138027434648,stop_loss
SOL,asia,1.5,2026-08-11 11:15:00+00:00,short,22.975030973251595,1.1402604647971653,take_profit
SOL,asia,1.5,2026-08-13 05:30:00+00:00,short,24.559642550740598,1.191727802892863,take_profit
SOL,asia,1.5,2026-08-13 16:55:00+00:00,long,27.436346095054787,1.3003238218951518,take_profit
SOL,asia,1.5,2026-08-14 11:00:00+00:00,long,-36.41979117286466,-1.6823354458613833,stop_loss
SOL,asia,1.5,2026-08-14 15:20:00+00:00,long,22.551506155396638,1.0779900855669378,take_profit
SOL,asia,1.5,2026-08-15 21:55:00+00:00,short,16.678077236243624,0.7804074373763894,take_profit
SOL,asia,1.5,2026-08-16 11:55:00+00:00,long,11.479546569673731,0.5289004984689057,take_profit
SOL,asia,1.5,2026-08-16 16:10:00+00:00,short,23.010713865605396,1.0490821324640678,take_profit
SOL,asia,2.0,2026-07-08 18:55:00+00:00,short,-6.429831971277141,-0.321491598563857,time_exit
SOL,asia,2.0,2026-07-10 15:50:00+00:00,long,-7.707361259094373,-0.3878619501220553,time_exit
SOL,asia,2.0,2026-07-11 09:20:00+00:00,short,-27.449455706435103,-1.3921539345002065,stop_loss
SOL,asia,2.0,2026-07-12 11:05:00+00:00,short,-22.39667813842314,-1.1684247779717336,stop_loss
SOL,asia,2.0,2026-07-13 03:45:00+00:00,long,33.08294841771498,1.767220038631402,take_profit
SOL,asia,2.0,2026-07-13 14:35:00+00:00,long,-22.274441622789666,-1.149233842024057,stop_loss
SOL,asia,2.0,2026-07-14 10:15:00+00:00,short,-23.25430564758304,-1.2280147457879922,stop_loss
SOL,asia,2.0,2026-07-15 19:00:00+00:00,long,-21.101264508751072,-1.1423738611263028,stop_loss
SOL,asia,2.0,2026-07-18 08:25:00+00:00,long,-25.850504116549015,-1.4322091205406997,stop_loss
SOL,asia,2.0,2026-07-18 11:45:00+00:00,long,-26.346130310437623,-1.5027125319729946,stop_loss
SOL,asia,2.0,2026-07-18 14:20:00+00:00,long,26.665875150218106,1.5680773075223977,take_profit
SOL,asia,2.0,2026-07-18 18:05:00+00:00,short,-23.106013397364897,-1.317424435570029,stop_loss
SOL,asia,2.0,2026-07-19 18:45:00+00:00,long,29.45031988815281,1.7245951792770853,take_profit
SOL,asia,2.0,2026-07-20 00:00:00+00:00,short,-23.42265297674426,-1.3258858610075146,stop_loss
SOL,asia,2.0,2026-07-21 17:35:00+00:00,long,-17.35060336207562,-1.00891966111857,time_exit
SOL,asia,2.0,2026-07-22 15:50:00+00:00,short,29.882775863446167,1.7734376680850252,take_profit
SOL,asia,2.0,2026-07-29 04:05:00+00:00,long,-8.585617948802376,-0.49207301837952305,time_exit
SOL,asia,2.0,2026-07-29 18:55:00+00:00,short,29.364446123330968,1.6997109388821439,take_profit
SOL,asia,2.0,2026-07-29 21:20:00+00:00,long,32.53109420842736,1.8211000936204846,take_profit
SOL,asia,2.0,2026-07-31 10:05:00+00:00,long,-25.4874866104891,-1.376656317412103,stop_loss
SOL,asia,2.0,2026-08-02 02:00:00+00:00,short,-20.35327198705568,-1.130467135802308,stop_loss
SOL,asia,2.0,2026-08-03 09:05:00+00:00,long,7.468162325854788,0.42439403469940196,take_profit
SOL,asia,2.0,2026-08-03 11:30:00+00:00,long,-24.691475420697493,-1.3913355433459955,stop_loss
SOL,asia,2.0,2026-08-03 13:05:00+00:00,long,22.59712106508711,1.3097676696557745,take_profit
SOL,asia,2.0,2026-08-03 15:25:00+00:00,short,-25.01523470148278,-1.4129138809745116,stop_loss
SOL,asia,2.0,2026-08-05 06:00:00+00:00,short,24.471863800723376,1.4224182210025424,take_profit
SOL,asia,2.0,2026-08-05 13:45:00+00:00,long,31.821985243641993,1.7984776212756666,take_profit
SOL,asia,2.0,2026-08-05 19:10:00+00:00,short,22.659821912305468,1.2361958150522716,take_profit
SOL,asia,2.0,2026-08-06 03:10:00+00:00,long,27.611687540472797,1.469998374192521,take_profit
SOL,asia,2.0,2026-08-06 11:30:00+00:00,long,-24.836993364831763,-1.2845138027434648,stop_loss
SOL,asia,2.0,2026-08-11 11:15:00+00:00,short,30.9074204658225,1.6406104647971642,take_profit
SOL,asia,2.0,2026-08-13 05:30:00+00:00,short,32.922967593146744,1.6920778028928831,take_profit
SOL,asia,2.0,2026-08-13 16:55:00+00:00,long,5.479076958649451,0.2723797201654855,time_exit
SOL,asia,2.0,2026-08-14 11:00:00+00:00,long,-34.02551175939702,-1.682335445861383,stop_loss
SOL,asia,2.0,2026-08-14 15:20:00+00:00,long,-27.758489519436125,-1.4202599144330947,stop_loss
SOL,asia,2.0,2026-08-15 21:55:00+00:00,short,24.32092394659552,1.2807574373762625,take_profit
SOL,asia,2.0,2026-08-16 11:55:00+00:00,long,20.03195007149487,1.0285504984689016,take_profit
SOL,asia,2.0,2026-08-16 16:10:00+00:00,short,30.79735336049315,1.5494321324640508,take_profit
SOL,asia,2.3,2026-07-08 18:55:00+00:00,short,-6.429831971277141,-0.321491598563857,time_exit
SOL,asia,2.3,2026-07-10 15:50:00+00:00,long,-7.707361259094373,-0.3878619501220553,time_exit
SOL,asia,2.3,2026-07-11 09:20:00+00:00,short,-27.449455706435103,-1.3921539345002065,stop_loss
SOL,asia,2.3,2026-07-12 11:05:00+00:00,short,-22.39667813842314,-1.1684247779717336,stop_loss
SOL,asia,2.3,2026-07-13 03:45:00+00:00,long,-23.03873925750846,-1.2306799613686012,stop_loss
SOL,asia,2.3,2026-07-13 14:35:00+00:00,long,-20.984502767832243,-1.1492338420240573,stop_loss
SOL,asia,2.3,2026-07-14 10:15:00+00:00,short,-21.90762172581044,-1.2280147457879922,stop_loss
SOL,asia,2.3,2026-07-15 19:00:00+00:00,long,-19.879265706737414,-1.1423738611263028,stop_loss
SOL,asia,2.3,2026-07-18 08:25:00+00:00,long,-24.353471317933018,-1.4322091205407,stop_loss
SOL,asia,2.3,2026-07-18 11:45:00+00:00,long,-24.82039522173246,-1.5027125319729948,stop_loss
SOL,asia,2.3,2026-07-18 14:20:00+00:00,long,29.924454989790284,1.8678673075224181,take_profit
SOL,asia,2.3,2026-07-18 18:05:00+00:00,short,-21.89446460997305,-1.317424435570029,stop_loss
SOL,asia,2.3,2026-07-19 18:45:00+00:00,long,32.7570894560551,2.024385179277097,take_profit
SOL,asia,2.3,2026-07-21 17:35:00+00:00,long,-16.98657007432664,-1.0089196611185698,time_exit
SOL,asia,2.3,2026-07-22 15:50:00+00:00,short,34.20826828272614,2.0736476680850444,take_profit
SOL,asia,2.3,2026-07-29 04:05:00+00:00,long,-8.454222433219144,-0.49207301837952305,time_exit
SOL,asia,2.3,2026-07-29 18:55:00+00:00,short,34.02214433398149,1.9999209388821149,take_profit
SOL,asia,2.3,2026-07-29 21:20:00+00:00,long,37.52318528264298,2.120890093620488,take_profit
SOL,asia,2.3,2026-07-31 10:05:00+00:00,long,-25.389192343638857,-1.3766563174121031,stop_loss
SOL,asia,2.3,2026-08-02 02:00:00+00:00,short,-20.274778176404773,-1.1304671358023082,stop_loss
SOL,asia,2.3,2026-08-03 09:05:00+00:00,long,11.316141027150131,0.645553139904448,take_profit
SOL,asia,2.3,2026-08-03 11:30:00+00:00,long,-24.70412906785126,-1.3913355433459957,stop_loss
SOL,asia,2.3,2026-08-03 13:05:00+00:00,long,27.783560100921996,1.6095576696557776,take_profit
SOL,asia,2.3,2026-08-03 15:25:00+00:00,short,-25.174286858950303,-1.4129138809745119,stop_loss
SOL,asia,2.3,2026-08-05 06:00:00+00:00,short,29.825236249482955,1.722628221002579,take_profit
SOL,asia,2.3,2026-08-05 13:45:00+00:00,long,1.9001897604583817,0.1060947901767427,time_exit
SOL,asia,2.3,2026-08-06 03:10:00+00:00,long,31.764703395988743,1.7697883741925398,take_profit
SOL,asia,2.3,2026-08-06 11:30:00+00:00,long,-23.87089086502345,-1.2845138027434648,stop_loss
SOL,asia,2.3,2026-08-11 11:15:00+00:00,short,35.140849161822835,1.940820464797154,take_profit
SOL,asia,2.3,2026-08-13 05:30:00+00:00,short,37.47293987163488,1.992287802892829,take_profit
SOL,asia,2.3,2026-08-13 16:55:00+00:00,long,5.327327340934933,0.27237972016548545,time_exit
SOL,asia,2.3,2026-08-14 11:00:00+00:00,long,-33.08313434053666,-1.682335445861383,stop_loss
SOL,asia,2.3,2026-08-14 15:20:00+00:00,long,-26.989684809318454,-1.4202599144330945,stop_loss
SOL,asia,2.3,2026-08-15 21:55:00+00:00,short,29.190268564886903,1.5809674373762634,take_profit
SOL,asia,2.3,2026-08-16 11:55:00+00:00,long,25.301371206525275,1.3283404984688465,take_profit
SOL,asia,2.3,2026-08-16 16:10:00+00:00,short,36.16675741750548,1.8496421324640646,take_profit
SOL,london,1.0,2026-07-08 18:55:00+00:00,short,-6.053546229743561,-0.302677311487178,time_exit
SOL,london,1.0,2026-07-09 07:05:00+00:00,short,15.071349140590078,0.7581569954508692,take_profit
SOL,london,1.0,2026-07-09 14:05:00+00:00,short,15.286475889735609,0.7574928730512336,take_profit
SOL,london,1.0,2026-07-09 16:00:00+00:00,long,16.423130920975492,0.8016724747165118,take_profit
SOL,london,1.0,2026-07-11 16:00:00+00:00,short,17.201596885366342,0.8264218240378891,take_profit
SOL,london,1.0,2026-07-12 15:15:00+00:00,short,-30.77179293900711,-1.4543411111158069,stop_loss
SOL,london,1.0,2026-07-12 17:00:00+00:00,short,4.148093220483993,0.20192104798015298,take_profit
SOL,london,1.0,2026-07-12 20:25:00+00:00,short,11.427031945715255,0.5540082005488891,take_profit
SOL,london,1.0,2026-07-12 21:30:00+00:00,short,16.802945884289382,0.8057171173513633,take_profit
SOL,london,1.0,2026-07-13 01:00:00+00:00,short,13.229280566917332,0.6242963664222518,take_profit
SOL,london,1.0,2026-07-15 00:40:00+00:00,short,-26.248488044904253,-1.223403945949825,stop_loss
SOL,london,1.0,2026-07-15 07:40:00+00:00,short,-25.72741079406384,-1.2291932896962758,stop_loss
SOL,london,1.0,2026-07-16 14:20:00+00:00,short,13.629878167617253,0.6676150811443957,take_profit
SOL,london,1.0,2026-07-18 12:55:00+00:00,short,10.903488305396566,0.5270346496671504,take_profit
SOL,london,1.0,2026-07-19 17:05:00+00:00,long,-26.54779882853841,-1.269838288704003,stop_loss
SOL,london,1.0,2026-07-19 19:05:00+00:00,long,11.873741617745692,0.582746462386831,take_profit
SOL,london,1.0,2026-07-19 21:25:00+00:00,long,-26.343071909582143,-1.2779859142240657,stop_loss
SOL,london,1.0,2026-07-20 07:00:00+00:00,long,11.875853142096428,0.5912473939524502,take_profit
SOL,london,1.0,2026-07-20 14:20:00+00:00,long,14.906701094684484,0.7334670034274546,take_profit
SOL,london,1.0,2026-07-21 15:05:00+00:00,long,-29.652732116965574,-1.43793486604202,stop_loss
SOL,london,1.0,2026-07-21 23:15:00+00:00,long,5.541512130526208,0.276678648498129,take_profit
SOL,london,1.0,2026-07-22 14:15:00+00:00,short,-24.099089497863663,-1.1966066619678746,stop_loss
SOL,london,1.0,2026-07-22 18:05:00+00:00,short,11.952174235009757,0.6080197434961445,take_profit
SOL,london,1.0,2026-07-22 23:00:00+00:00,short,9.539395408456997,0.4794488456440694,take_profit
SOL,london,1.0,2026-07-23 01:05:00+00:00,short,12.08718957998694,0.6017306871977334,take_profit
SOL,london,1.0,2026-07-25 00:10:00+00:00,long,1.838162710024017,0.09042018920662531,take_profit
SOL,london,1.0,2026-07-25 05:20:00+00:00,long,-26.05475620178995,-1.2793335911983512,stop_loss
SOL,london,1.0,2026-07-25 06:35:00+00:00,long,3.5349624862440674,0.17813053944541046,take_profit
SOL,london,1.0,2026-07-25 09:05:00+00:00,long,3.8074092936293322,0.1911783313976403,take_profit
SOL,london,1.0,2026-07-25 10:00:00+00:00,long,-36.414106196035775,-1.8214672549402593,stop_loss
SOL,london,1.0,2026-07-25 15:55:00+00:00,short,-30.192782515542135,-1.5673691238502558,stop_loss
SOL,london,1.0,2026-07-28 22:05:00+00:00,short,5.865453250970329,0.31434146279306147,take_profit
SOL,london,1.0,2026-07-29 02:15:00+00:00,short,-21.771491401752584,-1.1594886024423474,stop_loss
SOL,london,1.0,2026-07-29 03:25:00+00:00,short,14.819218820008416,0.8079666148983753,take_profit
SOL,london,1.0,2026-07-29 18:55:00+00:00,short,13.027997808984395,0.6990109388821447,take_profit
SOL,london,1.0,2026-07-29 19:15:00+00:00,short,15.198064651584136,0.8042019100290775,take_profit
SOL,london,1.0,2026-07-30 08:40:00+00:00,long,15.431305783367694,0.8036183793142361,take_profit
SOL,london,1.0,2026-07-30 12:15:00+00:00,short,-30.06357165826428,-1.5408597751697701,stop_loss
SOL,london,1.0,2026-07-31 01:15:00+00:00,short,13.390268654256015,0.7081188138095518,take_profit
SOL,london,1.0,2026-07-31 10:05:00+00:00,long,11.927288194322017,0.621943682587914,take_profit
SOL,london,1.0,2026-08-01 04:10:00+00:00,long,-36.75035628762775,-1.8927885041159953,stop_loss
SOL,london,1.0,2026-08-05 03:15:00+00:00,short,-22.545525611523775,-1.206870635851054,stop_loss
SOL,london,1.0,2026-08-05 14:20:00+00:00,short,-24.054159791097394,-1.3194771672460572,stop_loss
SOL,london,1.0,2026-08-06 10:15:00+00:00,long,7.594357330455869,0.42787556528833337,take_profit
SOL,london,1.0,2026-08-07 12:30:00+00:00,short,-21.174111855291095,-1.1828535917779885,stop_loss
SOL,london,1.0,2026-08-10 00:35:00+00:00,short,-20.003695900283176,-1.1445470458466578,stop_loss
SOL,london,1.0,2026-08-10 03:00:00+00:00,short,9.647373948923029,0.5649232879713834,take_profit
SOL,london,1.0,2026-08-10 05:10:00+00:00,short,-21.737373261359764,-1.2586589832585242,stop_loss
SOL,london,1.0,2026-08-10 10:55:00+00:00,short,-24.189640868755355,-1.4368219969330445,stop_loss
SOL,london,1.0,2026-08-10 12:10:00+00:00,short,4.811501430701952,0.29425040660268853,take_profit
SOL,london,1.0,2026-08-11 23:00:00+00:00,short,-26.20219894720294,-1.5930369776347024,stop_loss
SOL,london,1.0,2026-08-13 03:25:00+00:00,long,10.324698712068763,0.6483771065509497,take_profit
SOL,london,1.0,2026-08-13 09:45:00+00:00,long,-24.107755593186912,-1.4945537373154,stop_loss
SOL,london,1.0,2026-08-13 12:50:00+00:00,long,11.422874009473206,0.7299777812817196,take_profit
SOL,london,1.0,2026-08-13 15:05:00+00:00,short,9.443533710667312,0.5948043307834181,take_profit
SOL,london,1.0,2026-08-13 16:55:00+00:00,long,12.86328697726822,0.8006738218951299,take_profit
SOL,london,1.0,2026-08-14 07:00:00+00:00,long,-0.4945185925982294,-0.030296107055968302,take_profit
SOL,london,1.0,2026-08-15 10:20:00+00:00,long,4.328862657723757,0.26536353119806677,take_profit
SOL,london,1.0,2026-08-15 14:15:00+00:00,short,-3.3986404693626593,-0.2072401183238409,take_profit
SOL,london,1.0,2026-08-15 18:00:00+00:00,short,-3.0688245506981016,-0.18790765490409259,take_profit
SOL,london,1.0,2026-08-16 00:45:00+00:00,short,-23.919465517951632,-1.470141385891518,stop_loss
SOL,london,1.0,2026-08-16 17:10:00+00:00,short,-1.3899773326022746,-0.08801897943982782,take_profit
SOL,london,1.0,2026-08-16 18:35:00+00:00,long,-24.89051667928276,-1.5789476071889565,stop_loss
SOL,london,1.0,2026-08-17 02:05:00+00:00,short,-18.315840324672877,-1.1997656852983452,stop_loss
SOL,london,1.0,2026-08-18 01:00:00+00:00,short,3.5997489509709926,0.2415960884516699,take_profit
SOL,london,1.0,2026-08-18 05:15:00+00:00,short,1.2726234217942025,0.08500102705177572,take_profit
SOL,london,1.5,2026-07-08 18:55:00+00:00,short,-6.053546229743561,-0.302677311487178,time_exit
SOL,london,1.5,2026-07-09 07:05:00+00:00,short,25.017771303468813,1.258506995450858,take_profit
SOL,london,1.5,2026-07-09 14:05:00+00:00,short,25.63393776806324,1.2578428730512372,take_profit
SOL,london,1.5,2026-07-11 16:00:00+00:00,short,27.718868198004728,1.3267718240378976,take_profit
SOL,london,1.5,2026-07-12 15:15:00+00:00,short,-31.190294847816315,-1.4543411111158067,stop_loss
SOL,london,1.5,2026-07-12 17:00:00+00:00,short,14.623063282115403,0.7022710479802244,take_profit
SOL,london,1.5,2026-07-12 20:25:00+00:00,short,22.262769176066257,1.0543582005488499,take_profit
SOL,london,1.5,2026-07-13 01:00:00+00:00,short,24.247658365798397,1.1246463664222524,take_profit
SOL,london,1.5,2026-07-15 00:40:00+00:00,short,-26.970190223897433,-1.2234039459498252,stop_loss
SOL,london,1.5,2026-07-15 07:40:00+00:00,short,-26.434785954041224,-1.2291932896962758,stop_loss
SOL,london,1.5,2026-07-16 14:20:00+00:00,short,24.500526163075072,1.1679650811443978,take_profit
SOL,london,1.5,2026-07-18 12:55:00+00:00,short,22.054984978449447,1.0273846496671428,take_profit
SOL,london,1.5,2026-07-19 17:05:00+00:00,long,-27.81989054840101,-1.2698382887040027,stop_loss
SOL,london,1.5,2026-07-19 19:05:00+00:00,long,23.111131650270202,1.082396462386801,take_profit
SOL,london,1.5,2026-07-19 21:25:00+00:00,long,-27.878035931080362,-1.2779859142240655,stop_loss
SOL,london,1.5,2026-07-20 07:00:00+00:00,long,23.188637919890635,1.0908973939524786,take_profit
SOL,london,1.5,2026-07-20 14:20:00+00:00,long,26.783612184973762,1.2331170034275023,take_profit
SOL,london,1.5,2026-07-21 15:05:00+00:00,long,-32.002569591818336,-1.43793486604202,stop_loss
SOL,london,1.5,2026-07-21 23:15:00+00:00,long,16.781021435918788,0.7763286484981904,take_profit
SOL,london,1.5,2026-07-22 14:15:00+00:00,short,-26.267303221028072,-1.1966066619678746,stop_loss
SOL,london,1.5,2026-07-22 18:05:00+00:00,short,23.74809340648053,1.1083697434961441,take_profit
SOL,london,1.5,2026-07-22 23:00:00+00:00,short,21.458681498469495,0.9797988456441072,take_profit
SOL,london,1.5,2026-07-23 01:05:00+00:00,short,24.609773430807586,1.102080687197754,take_profit
SOL,london,1.5,2026-07-25 00:10:00+00:00,long,13.46686407936799,0.5900701892065588,take_profit
SOL,london,1.5,2026-07-25 05:20:00+00:00,long,-29.54213533517175,-1.2793335911983514,stop_loss
SOL,london,1.5,2026-07-25 06:35:00+00:00,long,-40.96233392287874,-1.8204694605546863,stop_loss
SOL,london,1.5,2026-07-25 09:05:00+00:00,long,14.978350719238556,0.6908283313976538,take_profit
SOL,london,1.5,2026-07-25 10:00:00+00:00,long,-40.03820577610058,-1.8214672549402593,stop_loss
SOL,london,1.5,2026-07-25 15:55:00+00:00,short,-33.19770730612993,-1.567369123850256,stop_loss
SOL,london,1.5,2026-07-28 22:05:00+00:00,short,16.71467844403494,0.8146914627931354,take_profit
SOL,london,1.5,2026-07-29 02:15:00+00:00,short,-24.176344379473147,-1.1594886024423474,stop_loss
SOL,london,1.5,2026-07-29 03:25:00+00:00,short,-24.307065448798376,-1.193433385101629,stop_loss
SOL,london,1.5,2026-07-29 18:55:00+00:00,short,23.844735064822647,1.1993609388821238,take_profit
SOL,london,1.5,2026-07-30 08:40:00+00:00,long,26.532061485774562,1.303268379314229,take_profit
SOL,london,1.5,2026-07-31 01:15:00+00:00,short,25.243386302035795,1.2084688138095814,take_profit
SOL,london,1.5,2026-07-31 10:05:00+00:00,long,-29.451640047621826,-1.3766563174121031,stop_loss
SOL,london,1.5,2026-08-01 04:10:00+00:00,long,-39.378653128236536,-1.8927885041159949,stop_loss
SOL,london,1.5,2026-08-05 03:15:00+00:00,short,-24.15792722392887,-1.206870635851054,stop_loss
SOL,london,1.5,2026-08-05 14:20:00+00:00,short,-25.77445528123185,-1.3194771672460575,stop_loss
SOL,london,1.5,2026-08-06 10:15:00+00:00,long,-29.872587758458824,-1.5707244347116294,stop_loss
SOL,london,1.5,2026-08-07 12:30:00+00:00,short,-21.789226184006406,-1.1828535917779885,stop_loss
SOL,london,1.5,2026-08-10 00:35:00+00:00,short,-20.584809292883552,-1.1445470458466578,stop_loss
SOL,london,1.5,2026-08-10 03:00:00+00:00,short,18.7204927572308,1.0652732879713975,take_profit
SOL,london,1.5,2026-08-10 05:10:00+00:00,short,-22.59019474033053,-1.2586589832585244,stop_loss
SOL,london,1.5,2026-08-10 10:55:00+00:00,short,-25.138672062792697,-1.4368219969330445,stop_loss
SOL,london,1.5,2026-08-10 12:10:00+00:00,short,13.502843759638472,0.7946004066027238,take_profit
SOL,london,1.5,2026-08-11 23:00:00+00:00,short,-27.50108701064271,-1.5930369776347022,stop_loss
SOL,london,1.5,2026-08-13 03:25:00+00:00,long,-22.566660893922872,-1.3502228934490428,stop_loss
SOL,london,1.5,2026-08-13 09:45:00+00:00,long,-24.304361766359385,-1.4945537373154,stop_loss
SOL,london,1.5,2026-08-13 12:50:00+00:00,long,19.398442105653363,1.2296277812816727,take_profit
SOL,london,1.5,2026-08-13 15:05:00+00:00,short,17.701892837234052,1.0951543307834202,take_profit
SOL,london,1.5,2026-08-13 16:55:00+00:00,long,21.478582298039726,1.3003238218951518,take_profit
SOL,london,1.5,2026-08-14 07:00:00+00:00,long,7.954348596330771,0.4693538929440214,take_profit
SOL,london,1.5,2026-08-15 10:20:00+00:00,long,13.086727305949882,0.76501353119802,take_profit
SOL,london,1.5,2026-08-15 14:15:00+00:00,short,3.719237194803453,0.21413982251423277,take_profit
SOL,london,1.5,2026-08-15 18:00:00+00:00,short,4.240980014231429,0.24313851764375785,take_profit
SOL,london,1.5,2026-08-16 00:45:00+00:00,short,-25.76785814369775,-1.470141385891518,stop_loss
SOL,london,1.5,2026-08-16 17:10:00+00:00,short,6.685275785659767,0.3929715308403175,take_profit
SOL,london,1.5,2026-08-16 18:35:00+00:00,long,-27.072347902125895,-1.5789476071889565,stop_loss
SOL,london,1.5,2026-08-17 02:05:00+00:00,short,-19.92135429643556,-1.1997656852983452,stop_loss
SOL,london,1.5,2026-08-18 01:00:00+00:00,short,12.02393653881484,0.7419460884516275,take_profit
SOL,london,1.5,2026-08-18 05:15:00+00:00,short,9.626930261917773,0.5853510270517626,take_profit
SOL,london,2.0,2026-07-08 18:55:00+00:00,short,-6.053546229743561,-0.302677311487178,time_exit
SOL,london,2.0,2026-07-09 07:05:00+00:00,short,34.96419346634817,1.7588569954508784,take_profit
SOL,london,2.0,2026-07-09 14:05:00+00:00,short,-25.597385741821913,-1.2439071269487811,stop_loss
SOL,london,2.0,2026-07-11 16:00:00+00:00,short,36.66351112847491,1.8271218240378837,take_profit
SOL,london,2.0,2026-07-12 15:15:00+00:00,short,-30.249619500630786,-1.4543411111158067,stop_loss
SOL,london,2.0,2026-07-12 17:00:00+00:00,short,-36.339655186541194,-1.799478952019819,stop_loss
SOL,london,2.0,2026-07-12 20:25:00+00:00,short,30.26667050705955,1.554708200548869,take_profit
SOL,london,2.0,2026-07-13 01:00:00+00:00,short,32.61868753729318,1.624996366422253,take_profit
SOL,london,2.0,2026-07-15 00:40:00+00:00,short,-25.355606021743252,-1.223403945949825,stop_loss
SOL,london,2.0,2026-07-15 07:40:00+00:00,short,-24.852254001748808,-1.2291932896962756,stop_loss
SOL,london,2.0,2026-07-16 14:20:00+00:00,short,-26.30397241237592,-1.3337849188556132,stop_loss
SOL,london,2.0,2026-07-18 12:55:00+00:00,short,29.325203421380706,1.5277346496671356,take_profit
SOL,london,2.0,2026-07-19 17:05:00+00:00,long,-25.119591236622835,-1.2698382887040027,stop_loss
SOL,london,2.0,2026-07-19 19:05:00+00:00,long,30.500800118290282,1.5820464623868267,take_profit
SOL,london,2.0,2026-07-20 07:00:00+00:00,long,31.63495176916014,1.5905473939524524,take_profit
SOL,london,2.0,2026-07-20 14:20:00+00:00,long,35.55992718801014,1.7327670034274794,take_profit
SOL,london,2.0,2026-07-21 15:05:00+00:00,long,-30.53202516841369,-1.43793486604202,stop_loss
SOL,london,2.0,2026-07-21 23:15:00+00:00,long,26.31400466791471,1.2759786484981575,take_profit
SOL,london,2.0,2026-07-22 14:15:00+00:00,short,-25.30689774448862,-1.1966066619678746,stop_loss
SOL,london,2.0,2026-07-22 18:05:00+00:00,short,33.208396156929226,1.608719743496144,take_profit
SOL,london,2.0,2026-07-22 23:00:00+00:00,short,-32.42808518026812,-1.5219511543558781,stop_loss
SOL,london,2.0,2026-07-23 01:05:00+00:00,short,33.10358063812697,1.602430687197722,take_profit
SOL,london,2.0,2026-07-25 00:10:00+00:00,long,23.233298396957895,1.089720189206617,take_profit
SOL,london,2.0,2026-07-25 05:20:00+00:00,long,-27.870399639357053,-1.2793335911983514,stop_loss
SOL,london,2.0,2026-07-25 06:35:00+00:00,long,-38.64434996451437,-1.8204694605546863,stop_loss
SOL,london,2.0,2026-07-25 09:05:00+00:00,long,24.35099229134401,1.190478331397667,take_profit
SOL,london,2.0,2026-07-25 15:55:00+00:00,short,-32.82355671294694,-1.5673691238502556,stop_loss
SOL,london,2.0,2026-07-28 22:05:00+00:00,short,26.676070355043407,1.315041462793115,take_profit
SOL,london,2.0,2026-07-29 02:15:00+00:00,short,-24.139238837641606,-1.1594886024423474,stop_loss
SOL,london,2.0,2026-07-29 03:25:00+00:00,short,-24.269759277954027,-1.193433385101629,stop_loss
SOL,london,2.0,2026-07-29 18:55:00+00:00,short,33.740429660963414,1.6997109388821443,take_profit
SOL,london,2.0,2026-07-30 08:40:00+00:00,long,37.00579306152247,1.8029183793142218,take_profit
SOL,london,2.0,2026-07-31 01:15:00+00:00,short,36.339076762315976,1.708818813809571,take_profit
SOL,london,2.0,2026-07-31 10:05:00+00:00,long,-30.27596660070377,-1.3766563174121031,stop_loss
SOL,london,2.0,2026-08-01 04:10:00+00:00,long,-40.48082840084348,-1.892788504115995,stop_loss
SOL,london,2.0,2026-08-05 03:15:00+00:00,short,-24.834087222010666,-1.2068706358510535,stop_loss
SOL,london,2.0,2026-08-05 14:20:00+00:00,short,-26.49586053558061,-1.3194771672460575,stop_loss
SOL,london,2.0,2026-08-06 10:15:00+00:00,long,-30.708696282763462,-1.5707244347116294,stop_loss
SOL,london,2.0,2026-08-07 12:30:00+00:00,short,-22.399088238735526,-1.1828535917779885,stop_loss
SOL,london,2.0,2026-08-10 00:35:00+00:00,short,-21.160960735139895,-1.1445470458466578,stop_loss
SOL,london,2.0,2026-08-10 03:00:00+00:00,short,-25.950358505396622,-1.4364767120286162,stop_loss
SOL,london,2.0,2026-08-10 10:55:00+00:00,short,-25.210875256376895,-1.4368219969330445,stop_loss
SOL,london,2.0,2026-08-10 12:10:00+00:00,short,22.06862051898669,1.294950406602666,take_profit
SOL,london,2.0,2026-08-11 23:00:00+00:00,short,-27.851751856274305,-1.5930369776347022,stop_loss
SOL,london,2.0,2026-08-13 03:25:00+00:00,long,-22.854407143942943,-1.3502228934490428,stop_loss
SOL,london,2.0,2026-08-13 09:45:00+00:00,long,-24.614265344486192,-1.4945537373154,stop_loss
SOL,london,2.0,2026-08-13 12:50:00+00:00,long,-20.268805571780046,-1.2686222187183092,stop_loss
SOL,london,2.0,2026-08-13 16:55:00+00:00,long,4.2414006513337466,0.27237972016548545,time_exit
SOL,london,2.0,2026-08-14 07:00:00+00:00,long,15.171184522187039,0.9690038929440112,take_profit
SOL,london,2.0,2026-08-15 10:20:00+00:00,long,20.183900918453226,1.264663531198072,take_profit
SOL,london,2.0,2026-08-15 18:00:00+00:00,short,11.032072405030252,0.6741846901917491,take_profit
SOL,london,2.0,2026-08-16 00:45:00+00:00,short,-24.381144399179732,-1.470141385891518,stop_loss
SOL,london,2.0,2026-08-16 17:10:00+00:00,short,14.067812622639849,0.8739620411203215,take_profit
SOL,london,2.0,2026-08-16 18:35:00+00:00,long,-25.85992622049969,-1.5789476071889565,stop_loss
SOL,london,2.0,2026-08-17 02:05:00+00:00,short,-19.029186318849135,-1.1997656852983454,stop_loss
SOL,london,2.0,2026-08-18 01:00:00+00:00,short,19.23095283268202,1.2422960884516863,take_profit
SOL,london,2.0,2026-08-18 05:15:00+00:00,short,17.224416193646256,1.0857010270517493,take_profit
SOL,london,2.3,2026-07-08 18:55:00+00:00,short,-6.053546229743561,-0.302677311487178,time_exit
SOL,london,2.3,2026-07-09 07:05:00+00:00,short,40.932046764075416,2.059066995450872,take_profit
SOL,london,2.3,2026-07-09 14:05:00+00:00,short,-25.745854846814467,-1.2439071269487811,stop_loss
SOL,london,2.3,2026-07-11 16:00:00+00:00,short,42.93519983693222,2.127331824037893,take_profit
SOL,london,2.3,2026-07-12 15:15:00+00:00,short,-30.601310388584814,-1.4543411111158067,stop_loss
SOL,london,2.3,2026-07-12 17:00:00+00:00,short,-36.76215060339204,-1.7994789520198193,stop_loss
SOL,london,2.3,2026-07-12 20:25:00+00:00,short,36.530921700591115,1.854918200548869,take_profit
SOL,london,2.3,2026-07-13 01:00:00+00:00,short,39.321774263501275,1.9252063664222436,take_profit
SOL,london,2.3,2026-07-15 00:40:00+00:00,short,-25.949794343690478,-1.2234039459498252,stop_loss
SOL,london,2.3,2026-07-15 07:40:00+00:00,short,-25.434646672199765,-1.2291932896962758,stop_loss
SOL,london,2.3,2026-07-16 14:20:00+00:00,short,-26.920384941220746,-1.3337849188556137,stop_loss
SOL,london,2.3,2026-07-18 12:55:00+00:00,short,-28.963973787586546,-1.474365350332884,stop_loss
SOL,london,2.3,2026-07-19 17:05:00+00:00,long,-24.21043918143065,-1.2698382887040027,stop_loss
SOL,london,2.3,2026-07-19 19:05:00+00:00,long,34.96745117325725,1.8818364623867867,take_profit
SOL,london,2.3,2026-07-20 07:00:00+00:00,long,36.44741732674542,1.8903373939524803,take_profit
SOL,london,2.3,2026-07-20 14:20:00+00:00,long,40.67116929463607,2.0325570034274723,take_profit
SOL,london,2.3,2026-07-21 15:05:00+00:00,long,-29.942516868052202,-1.43793486604202,stop_loss
SOL,london,2.3,2026-07-21 23:15:00+00:00,long,31.86901839428836,1.575768648498175,take_profit
SOL,london,2.3,2026-07-22 14:15:00+00:00,short,-24.963377976183036,-1.1966066619678746,stop_loss
SOL,london,2.3,2026-07-22 18:05:00+00:00,short,38.87065837042613,1.9089297434961747,take_profit
SOL,london,2.3,2026-07-22 23:00:00+00:00,short,-32.17397621490028,-1.521951154355878,stop_loss
SOL,london,2.3,2026-07-23 01:05:00+00:00,short,38.997424808387116,1.9026406871977446,take_profit
SOL,london,2.3,2026-07-25 00:10:00+00:00,long,29.56380543340117,1.3895101892066521,take_profit
SOL,london,2.3,2026-07-25 05:20:00+00:00,long,-27.97608100537547,-1.2793335911983512,stop_loss
SOL,london,2.3,2026-07-25 06:35:00+00:00,long,-38.790884917223714,-1.8204694605546865,stop_loss
SOL,london,2.3,2026-07-25 09:05:00+00:00,long,30.59872436839938,1.4902683313975418,take_profit
SOL,london,2.3,2026-07-25 15:55:00+00:00,short,-33.1409754333668,-1.5673691238502558,stop_loss
SOL,london,2.3,2026-07-28 22:05:00+00:00,short,33.08279539460214,1.6152514627930845,take_profit
SOL,london,2.3,2026-07-29 02:15:00+00:00,short,-24.51526448885711,-1.1594886024423472,stop_loss
SOL,london,2.3,2026-07-29 03:25:00+00:00,short,-24.647818093259566,-1.193433385101629,stop_loss
SOL,london,2.3,2026-07-29 18:55:00+00:00,short,40.31822258061394,1.999920938882115,take_profit
SOL,london,2.3,2026-07-30 08:40:00+00:00,long,26.234956247663753,1.251293286848621,time_exit
SOL,london,2.3,2026-07-31 01:15:00+00:00,short,43.17598158158786,2.009028813809549,take_profit
SOL,london,2.3,2026-07-31 10:05:00+00:00,long,-30.77445185094455,-1.3766563174121034,stop_loss
SOL,london,2.3,2026-08-01 04:10:00+00:00,long,-41.14733382217259,-1.892788504115995,stop_loss
SOL,london,2.3,2026-08-05 03:15:00+00:00,short,-25.242973463253822,-1.2068706358510537,stop_loss
SOL,london,2.3,2026-08-05 14:20:00+00:00,short,-26.93210740570089,-1.3194771672460572,stop_loss
SOL,london,2.3,2026-08-06 10:15:00+00:00,long,-31.214306305160733,-1.5707244347116294,stop_loss
SOL,london,2.3,2026-08-07 12:30:00+00:00,short,-22.767882908551005,-1.1828535917779883,stop_loss
SOL,london,2.3,2026-08-10 00:35:00+00:00,short,-21.509369984843122,-1.1445470458466576,stop_loss
SOL,london,2.3,2026-08-10 03:00:00+00:00,short,-26.377623838457847,-1.4364767120286164,stop_loss
SOL,london,2.3,2026-08-10 10:55:00+00:00,short,-25.62596520632655,-1.4368219969330445,stop_loss
SOL,london,2.3,2026-08-10 12:10:00+00:00,short,27.632407228320083,1.595160406602687,take_profit
SOL,london,2.3,2026-08-11 23:00:00+00:00,short,-28.476012739012717,-1.5930369776347024,stop_loss
SOL,london,2.3,2026-08-13 03:25:00+00:00,long,-23.36665902855561,-1.350222893449043,stop_loss
SOL,london,2.3,2026-08-13 09:45:00+00:00,long,-25.165962167407752,-1.4945537373153999,stop_loss
SOL,london,2.3,2026-08-13 12:50:00+00:00,long,-20.72310455173602,-1.268622218718309,stop_loss
SOL,london,2.3,2026-08-13 16:55:00+00:00,long,4.33646614410103,0.27237972016548545,time_exit
SOL,london,2.3,2026-08-14 07:00:00+00:00,long,20.3100835371958,1.2687938929439218,take_profit
SOL,london,2.3,2026-08-15 10:20:00+00:00,long,25.678307445411736,1.5644535311980836,take_profit
SOL,london,2.3,2026-08-15 18:00:00+00:00,short,-32.3662962201427,-1.912092345095917,stop_loss
SOL,london,2.3,2026-08-16 00:45:00+00:00,short,-23.933660259541913,-1.470141385891518,stop_loss
SOL,london,2.3,2026-08-16 17:10:00+00:00,short,18.369741785661134,1.162556347288493,take_profit
SOL,london,2.3,2026-08-16 18:35:00+00:00,long,-25.529304953251803,-1.5789476071889565,stop_loss
SOL,london,2.3,2026-08-17 02:05:00+00:00,short,-18.78589661872436,-1.1997656852983452,stop_loss
SOL,london,2.3,2026-08-18 01:00:00+00:00,short,23.572968802594172,1.542506088451661,take_profit
SOL,london,2.3,2026-08-18 05:15:00+00:00,short,21.833244152556457,1.3859110270517416,take_profit
SOL,newyork,1.0,2026-07-08 18:55:00+00:00,short,-6.397168263812095,-0.3198584131906047,time_exit
SOL,newyork,1.0,2026-07-12 19:00:00+00:00,long,-31.054354594007883,-1.562714678446747,stop_loss
SOL,newyork,1.0,2026-07-13 01:00:00+00:00,short,16.730618213518405,0.8690792521531927,take_profit
SOL,newyork,1.0,2026-07-16 00:00:00+00:00,long,-22.460054939089314,-1.1467647499884221,stop_loss
SOL,newyork,1.0,2026-07-18 18:05:00+00:00,short,-25.21073568527016,-1.317424435570029,stop_loss
SOL,newyork,1.0,2026-07-22 18:00:00+00:00,long,-20.968703962127112,-1.1254034477598476,stop_loss
SOL,newyork,1.0,2026-07-22 19:15:00+00:00,long,12.946768000062157,0.7108612446200506,take_profit
SOL,newyork,1.0,2026-07-25 03:55:00+00:00,short,-27.22856929258183,-1.4740672996757893,stop_loss
SOL,newyork,1.0,2026-07-25 04:40:00+00:00,short,4.455289770780716,0.24852183878925277,take_profit
SOL,newyork,1.0,2026-07-25 06:15:00+00:00,short,13.425812520409245,0.745205230733547,take_profit
SOL,newyork,1.0,2026-07-25 08:10:00+00:00,long,9.951693471966774,0.5442611035651067,take_profit
SOL,newyork,1.0,2026-07-25 15:55:00+00:00,short,-28.970956070634568,-1.5673691238502556,stop_loss
SOL,newyork,1.0,2026-07-27 15:05:00+00:00,short,16.79293968254944,0.9379228821506697,take_profit
SOL,newyork,1.0,2026-08-01 11:05:00+00:00,long,9.303535814133022,0.510055235523522,take_profit
SOL,newyork,1.0,2026-08-01 16:00:00+00:00,long,-28.49654316646419,-1.5465127936461898,stop_loss
SOL,newyork,1.0,2026-08-04 18:30:00+00:00,short,7.397934534878567,0.41430176773870525,take_profit
SOL,newyork,1.0,2026-08-04 19:45:00+00:00,short,9.892374369240923,0.5494435679672219,take_profit
SOL,newyork,1.0,2026-08-05 02:15:00+00:00,short,14.005263689608032,0.7694270763986187,take_profit
SOL,newyork,1.0,2026-08-05 13:45:00+00:00,long,14.7706428528236,0.7991776212756542,take_profit
SOL,newyork,1.0,2026-08-05 19:10:00+00:00,short,4.422073472756335,0.2354958150522491,take_profit
SOL,newyork,1.0,2026-08-10 02:55:00+00:00,long,-23.29841614294717,-1.2349317291072324,stop_loss
SOL,newyork,1.0,2026-08-12 06:20:00+00:00,short,8.944026634459114,0.48608341414905887,take_profit
SOL,newyork,1.0,2026-08-12 22:40:00+00:00,long,9.021356539938981,0.48556557580323384,take_profit
SOL,newyork,1.0,2026-08-13 16:55:00+00:00,long,15.020237798719386,0.8006738218951299,take_profit
SOL,newyork,1.0,2026-08-14 14:25:00+00:00,long,9.692672170827976,0.5085373746555746,take_profit
SOL,newyork,1.0,2026-08-15 21:55:00+00:00,short,5.392157214707641,0.2800574373763226,take_profit
SOL,newyork,1.0,2026-08-16 00:10:00+00:00,long,-0.540983472129783,-0.02794105502697494,take_profit
SOL,newyork,1.0,2026-08-16 01:20:00+00:00,long,5.8707480433634895,0.3033856300575493,take_profit
SOL,newyork,1.0,2026-08-16 06:05:00+00:00,long,3.1096144649492903,0.1597279437049553,take_profit
SOL,newyork,1.0,2026-08-16 07:05:00+00:00,long,-7.169069589215853,-0.36707261098227517,take_profit
SOL,newyork,1.0,2026-08-16 16:10:00+00:00,short,10.638272091801806,0.5487321324640855,take_profit
SOL,newyork,1.5,2026-07-08 18:55:00+00:00,short,-6.397168263812095,-0.3198584131906047,time_exit
SOL,newyork,1.5,2026-07-12 19:00:00+00:00,long,-31.054354594007883,-1.562714678446747,stop_loss
SOL,newyork,1.5,2026-07-13 01:00:00+00:00,short,26.362840824279903,1.3694292521531772,take_profit
SOL,newyork,1.5,2026-07-16 00:00:00+00:00,long,-22.68097280617057,-1.1467647499884221,stop_loss
SOL,newyork,1.5,2026-07-18 18:05:00+00:00,short,-25.458709342068573,-1.317424435570029,stop_loss
SOL,newyork,1.5,2026-07-22 18:00:00+00:00,long,-21.174952850089948,-1.1254034477598476,stop_loss
SOL,newyork,1.5,2026-07-22 19:15:00+00:00,long,22.263642504964505,1.2105112446200539,take_profit
SOL,newyork,1.5,2026-07-25 03:55:00+00:00,short,-27.767310132837718,-1.4740672996757895,stop_loss
SOL,newyork,1.5,2026-07-25 04:40:00+00:00,short,13.69077034444509,0.7488718387892342,take_profit
SOL,newyork,1.5,2026-07-25 06:15:00+00:00,short,-23.309542771746592,-1.2561947692664293,stop_loss
SOL,newyork,1.5,2026-07-27 15:05:00+00:00,short,21.693164220233665,1.199214040101822,time_exit
SOL,newyork,1.5,2026-08-01 11:05:00+00:00,long,-27.57283289833679,-1.4885447644764511,stop_loss
SOL,newyork,1.5,2026-08-04 18:30:00+00:00,short,-28.523157205755073,-1.5870982322613252,stop_loss
SOL,newyork,1.5,2026-08-04 19:45:00+00:00,short,-25.2661158056653,-1.4519564320327694,stop_loss
SOL,newyork,1.5,2026-08-05 02:15:00+00:00,short,21.454288110271154,1.2697770763986338,take_profit
SOL,newyork,1.5,2026-08-05 13:45:00+00:00,long,22.502437636430507,1.2988276212756606,take_profit
SOL,newyork,1.5,2026-08-05 19:10:00+00:00,short,13.079836362466754,0.7358458150522605,take_profit
SOL,newyork,1.5,2026-08-10 02:55:00+00:00,long,-22.274262633332352,-1.2349317291072324,stop_loss
SOL,newyork,1.5,2026-08-12 06:20:00+00:00,short,-26.656467474334054,-1.5153165858509214,stop_loss
SOL,newyork,1.5,2026-08-12 22:40:00+00:00,long,16.806026664583065,0.9852155758031874,take_profit
SOL,newyork,1.5,2026-08-13 16:55:00+00:00,long,22.618278826306693,1.3003238218951516,take_profit
SOL,newyork,1.5,2026-08-14 14:25:00+00:00,long,17.992826465421317,1.0081873746556063,take_profit
SOL,newyork,1.5,2026-08-15 21:55:00+00:00,short,14.208538972027807,0.7804074373763893,take_profit
SOL,newyork,1.5,2026-08-16 00:10:00+00:00,long,8.722245609517634,0.4717089449730344,take_profit
SOL,newyork,1.5,2026-08-16 01:20:00+00:00,long,14.988805380664493,0.8030356300576047,take_profit
SOL,newyork,1.5,2026-08-16 06:05:00+00:00,long,-34.87412966530117,-1.8388720562950933,stop_loss
SOL,newyork,1.5,2026-08-16 16:10:00+00:00,short,19.164081113225457,1.049082132464068,take_profit
SOL,newyork,2.0,2026-07-08 18:55:00+00:00,short,-6.397168263812095,-0.3198584131906047,time_exit
SOL,newyork,2.0,2026-07-12 19:00:00+00:00,long,-31.054354594007883,-1.562714678446747,stop_loss
SOL,newyork,2.0,2026-07-13 01:00:00+00:00,short,35.99506343504173,1.8697792521531789,take_profit
SOL,newyork,2.0,2026-07-16 00:00:00+00:00,long,-22.90189067325183,-1.146764749988422,stop_loss
SOL,newyork,2.0,2026-07-18 18:05:00+00:00,short,-25.70668299886699,-1.317424435570029,stop_loss
SOL,newyork,2.0,2026-07-22 18:00:00+00:00,long,-21.38120173805279,-1.1254034477598478,stop_loss
SOL,newyork,2.0,2026-07-22 19:15:00+00:00,long,31.759533254694453,1.7101612446200574,take_profit
SOL,newyork,2.0,2026-07-25 03:55:00+00:00,short,-28.31132861294583,-1.4740672996757893,stop_loss
SOL,newyork,2.0,2026-07-25 04:40:00+00:00,short,23.285544289596295,1.2492218387893188,take_profit
SOL,newyork,2.0,2026-07-25 06:15:00+00:00,short,-24.000543567118683,-1.2561947692664293,stop_loss
SOL,newyork,2.0,2026-07-27 15:05:00+00:00,short,22.336248208499974,1.1992140401018223,time_exit
SOL,newyork,2.0,2026-08-01 11:05:00+00:00,long,-28.39021699076551,-1.4885447644764511,stop_loss
SOL,newyork,2.0,2026-08-04 18:30:00+00:00,short,-29.368713230113894,-1.5870982322613252,stop_loss
SOL,newyork,2.0,2026-08-04 19:45:00+00:00,short,-26.01511831886946,-1.4519564320327696,stop_loss
SOL,newyork,2.0,2026-08-05 02:15:00+00:00,short,-2.9747720707194056,-0.1709935568505134,time_exit
SOL,newyork,2.0,2026-08-05 19:10:00+00:00,short,21.432530062868146,1.2361958150522716,take_profit
SOL,newyork,2.0,2026-08-10 02:55:00+00:00,long,-21.939968216205962,-1.2349317291072324,stop_loss
SOL,newyork,2.0,2026-08-12 06:20:00+00:00,short,-26.256404477696577,-1.5153165858509212,stop_loss
SOL,newyork,2.0,2026-08-12 22:40:00+00:00,long,24.949024874565975,1.48486557580321,take_profit
SOL,newyork,2.0,2026-08-13 16:55:00+00:00,long,4.7124937285685276,0.2723797201654855,time_exit
SOL,newyork,2.0,2026-08-14 14:25:00+00:00,long,26.22949681523598,1.507837374655572,take_profit
SOL,newyork,2.0,2026-08-15 21:55:00+00:00,short,22.951213517046135,1.2807574373762625,take_profit
SOL,newyork,2.0,2026-08-16 00:10:00+00:00,long,17.852660143351002,0.9713589449730435,take_profit
SOL,newyork,2.0,2026-08-16 06:05:00+00:00,long,-34.45330708435646,-1.8388720562950933,stop_loss
SOL,newyork,2.0,2026-08-16 16:10:00+00:00,short,27.962667932575698,1.5494321324640505,take_profit
SOL,newyork,2.3,2026-07-08 18:55:00+00:00,short,-6.397168263812095,-0.3198584131906047,time_exit
SOL,newyork,2.3,2026-07-12 19:00:00+00:00,long,-31.054354594007883,-1.562714678446747,stop_loss
SOL,newyork,2.3,2026-07-13 01:00:00+00:00,short,41.7743970014989,2.169989252153184,take_profit
SOL,newyork,2.3,2026-07-16 00:00:00+00:00,long,-23.034441393500586,-1.146764749988422,stop_loss
SOL,newyork,2.3,2026-07-18 18:05:00+00:00,short,-25.855467192946037,-1.3174244355700289,stop_loss
SOL,newyork,2.3,2026-07-22 18:00:00+00:00,long,-21.504951070830494,-1.1254034477598476,stop_loss
SOL,newyork,2.3,2026-07-22 19:15:00+00:00,long,37.54299550204967,2.009951244620059,take_profit
SOL,newyork,2.3,2026-07-25 03:55:00+00:00,short,-28.64027296813976,-1.4740672996757895,stop_loss
SOL,newyork,2.3,2026-07-25 04:40:00+00:00,short,29.217039250567243,1.5494318387892045,take_profit
SOL,newyork,2.3,2026-07-25 06:15:00+00:00,short,-24.421626640570846,-1.2561947692664295,stop_loss
SOL,newyork,2.3,2026-07-27 15:05:00+00:00,short,22.72813166808591,1.1992140401018223,time_exit
SOL,newyork,2.3,2026-08-01 11:05:00+00:00,long,-28.888315702280668,-1.488544764476451,stop_loss
SOL,newyork,2.3,2026-08-04 18:30:00+00:00,short,-29.883979394635855,-1.5870982322613252,stop_loss
SOL,newyork,2.3,2026-08-04 19:45:00+00:00,short,-26.471546563808843,-1.4519564320327694,stop_loss
SOL,newyork,2.3,2026-08-05 02:15:00+00:00,short,-3.0269636455833315,-0.17099355685051343,time_exit
SOL,newyork,2.3,2026-08-05 19:10:00+00:00,short,27.104763637515696,1.5364058150522992,take_profit
SOL,newyork,2.3,2026-08-10 02:55:00+00:00,long,-22.45570809699487,-1.2349317291072321,stop_loss
SOL,newyork,2.3,2026-08-12 06:20:00+00:00,short,-26.873610244898657,-1.5153165858509212,stop_loss
SOL,newyork,2.3,2026-08-12 22:40:00+00:00,long,30.691040365604326,1.7846555758031821,take_profit
SOL,newyork,2.3,2026-08-13 16:55:00+00:00,long,4.851354986970257,0.2723797201654855,time_exit
SOL,newyork,2.3,2026-08-14 14:25:00+00:00,long,32.37103862523335,1.8076273746556306,take_profit
SOL,newyork,2.3,2026-08-15 21:55:00+00:00,short,29.335557659453237,1.5809674373762634,take_profit
SOL,newyork,2.3,2026-08-16 00:10:00+00:00,long,24.332534274797553,1.2711489449729938,take_profit
SOL,newyork,2.3,2026-08-16 06:05:00+00:00,long,-36.09486826546819,-1.8388720562950933,stop_loss
SOL,newyork,2.3,2026-08-16 16:10:00+00:00,short,34.97102025071021,1.8496421324640648,take_profit
SOL,prevday,1.0,2026-07-12 23:10:00+00:00,long,6.2410454078696915,0.3120522703934846,take_profit
SOL,prevday,1.0,2026-07-13 01:00:00+00:00,short,17.490064304578368,0.8690792521531928,take_profit
SOL,prevday,1.0,2026-07-13 03:45:00+00:00,long,15.72287266637142,0.7679200386314213,take_profit
SOL,prevday,1.0,2026-07-13 14:35:00+00:00,long,-23.891513875528346,-1.149233842024057,stop_loss
SOL,prevday,1.0,2026-07-15 00:40:00+00:00,short,-24.84886262650943,-1.223403945949825,stop_loss
SOL,prevday,1.0,2026-07-15 07:40:00+00:00,short,-21.65157588197074,-1.0927262810128204,stop_loss
SOL,prevday,1.0,2026-07-16 00:00:00+00:00,long,-22.225723531005446,-1.1467647499884221,stop_loss
SOL,prevday,1.0,2026-07-22 18:00:00+00:00,long,-21.311456875171334,-1.1254034477598478,stop_loss
SOL,prevday,1.0,2026-07-22 19:15:00+00:00,long,13.158394930107232,0.7108612446200504,take_profit
SOL,prevday,1.0,2026-07-22 23:20:00+00:00,long,9.60013472567642,0.5113617816092138,take_profit
SOL,prevday,1.0,2026-07-27 13:05:00+00:00,short,16.419421028742327,0.8657444276744124,take_profit
SOL,prevday,1.0,2026-07-28 23:10:00+00:00,long,12.166122636842609,0.63056324877453,take_profit
SOL,prevday,1.0,2026-07-29 21:20:00+00:00,long,16.05581944604773,0.8218000936204889,take_profit
SOL,prevday,1.0,2026-08-02 02:00:00+00:00,short,-22.449375791169782,-1.130467135802308,stop_loss
SOL,prevday,1.0,2026-08-04 18:30:00+00:00,short,8.04139319829396,0.4143017677387052,take_profit
SOL,prevday,1.0,2026-08-04 19:45:00+00:00,short,10.752794796000074,0.5494435679672219,take_profit
SOL,prevday,1.0,2026-08-04 23:00:00+00:00,short,12.829880223653655,0.6484521920504638,take_profit
SOL,prevday,1.0,2026-08-05 02:15:00+00:00,short,15.420848767313199,0.7694270763986186,take_profit
SOL,prevday,1.0,2026-08-05 19:10:00+00:00,short,4.792435370136726,0.23549581505224917,take_profit
SOL,prevday,1.0,2026-08-06 10:15:00+00:00,long,8.748452650189343,0.42787556528833337,take_profit
SOL,prevday,1.0,2026-08-06 14:20:00+00:00,long,9.091780106648613,0.44089431147913405,take_profit
SOL,prevday,1.0,2026-08-07 13:10:00+00:00,short,17.027944344762602,0.8185307899817607,take_profit
SOL,prevday,1.0,2026-08-10 17:05:00+00:00,long,13.589439210895398,0.6427206196229901,take_profit
SOL,prevday,1.0,2026-08-10 19:55:00+00:00,long,-25.905255518477578,-1.2096550803700612,stop_loss
SOL,prevday,1.0,2026-08-11 07:30:00+00:00,long,12.237380054917285,0.585596183301648,take_profit
SOL,prevday,1.0,2026-08-13 16:55:00+00:00,long,16.92788533196319,0.8006738218951299,take_profit
SOL,prevday,1.0,2026-08-14 14:25:00+00:00,long,10.923691439963465,0.5085373746555745,take_profit
SOL,prevday,1.0,2026-08-16 18:35:00+00:00,long,-34.26171159813267,-1.5789476071889565,stop_loss
SOL,prevday,1.0,2026-08-20 11:50:00+00:00,short,16.78693649825315,0.7988512002866165,take_profit
SOL,prevday,1.5,2026-07-12 23:10:00+00:00,long,16.234045407867523,0.8117022703933762,take_profit
SOL,prevday,1.5,2026-07-13 01:00:00+00:00,short,27.83321257630988,1.3694292521531772,take_profit
SOL,prevday,1.5,2026-07-13 03:45:00+00:00,long,26.468567490736557,1.2675700386314424,take_profit
SOL,prevday,1.5,2026-07-13 14:35:00+00:00,long,-24.605919994698617,-1.149233842024057,stop_loss
SOL,prevday,1.5,2026-07-15 00:40:00+00:00,short,-25.59189547102846,-1.223403945949825,stop_loss
SOL,prevday,1.5,2026-07-15 07:40:00+00:00,short,-22.29900318106722,-1.0927262810128207,stop_loss
SOL,prevday,1.5,2026-07-16 00:00:00+00:00,long,-22.890319042878836,-1.1467647499884221,stop_loss
SOL,prevday,1.5,2026-07-22 18:00:00+00:00,long,-21.94871390624003,-1.1254034477598476,stop_loss
SOL,prevday,1.5,2026-07-22 19:15:00+00:00,long,23.077185735041446,1.2105112446200539,take_profit
SOL,prevday,1.5,2026-07-27 13:05:00+00:00,short,26.67373575229101,1.366094427674417,take_profit
SOL,prevday,1.5,2026-07-28 23:10:00+00:00,long,22.67096779626551,1.1302132487744982,take_profit
SOL,prevday,1.5,2026-07-29 21:20:00+00:00,long,27.10616214190869,1.321450093620487,take_profit
SOL,prevday,1.5,2026-08-02 02:00:00+00:00,short,-23.801488710896127,-1.130467135802308,stop_loss
SOL,prevday,1.5,2026-08-04 18:30:00+00:00,short,-32.660149747089775,-1.5870982322613254,stop_loss
SOL,prevday,1.5,2026-08-04 19:45:00+00:00,short,-28.93070776799709,-1.4519564320327696,stop_loss
SOL,prevday,1.5,2026-08-04 23:00:00+00:00,short,22.225546971481712,1.1488021920505183,take_profit
SOL,prevday,1.5,2026-08-05 02:15:00+00:00,short,25.130443210624485,1.2697770763986336,take_profit
SOL,prevday,1.5,2026-08-05 19:10:00+00:00,short,14.933132367876546,0.7358458150522602,take_profit
SOL,prevday,1.5,2026-08-06 10:15:00+00:00,long,-32.34513669006021,-1.5707244347116294,stop_loss
SOL,prevday,1.5,2026-08-06 14:20:00+00:00,long,18.75971431623378,0.9405443114791501,take_profit
SOL,prevday,1.5,2026-08-07 13:10:00+00:00,short,-0.6542500713153097,-0.03219609813722167,time_exit
SOL,prevday,1.5,2026-08-10 17:05:00+00:00,long,23.19892278362329,1.1423706196229837,take_profit
SOL,prevday,1.5,2026-08-11 07:30:00+00:00,long,22.54238756870315,1.0852461833016696,take_profit
SOL,prevday,1.5,2026-08-13 16:55:00+00:00,long,27.596159747420913,1.3003238218951518,take_profit
SOL,prevday,1.5,2026-08-14 14:25:00+00:00,long,21.95272758198938,1.0081873746556063,take_profit
SOL,prevday,1.5,2026-08-16 18:35:00+00:00,long,-35.0739629943493,-1.5789476071889565,stop_loss
SOL,prevday,1.5,2026-08-20 11:50:00+00:00,short,27.948451659416204,1.2992012002866227,take_profit
SOL,prevday,2.0,2026-07-12 23:10:00+00:00,long,26.227045407868992,1.3113522703934497,take_profit
SOL,prevday,2.0,2026-07-13 01:00:00+00:00,short,38.376360750041826,1.8697792521531789,take_profit
SOL,prevday,2.0,2026-07-13 03:45:00+00:00,long,37.6277694511501,1.7672200386314016,take_profit
SOL,prevday,2.0,2026-07-13 14:35:00+00:00,long,-25.334427374877883,-1.1492338420240573,stop_loss
SOL,prevday,2.0,2026-07-15 00:40:00+00:00,short,-26.3495946234047,-1.2234039459498252,stop_loss
SOL,prevday,2.0,2026-07-15 07:40:00+00:00,short,-22.959209683874196,-1.0927262810128204,stop_loss
SOL,prevday,2.0,2026-07-16 00:00:00+00:00,long,-23.568032632169057,-1.1467647499884221,stop_loss
SOL,prevday,2.0,2026-07-22 18:00:00+00:00,long,-22.598549395812622,-1.1254034477598478,stop_loss
SOL,prevday,2.0,2026-07-22 19:15:00+00:00,long,33.56777555523545,1.7101612446200571,take_profit
SOL,prevday,2.0,2026-07-27 13:05:00+00:00,short,37.8884163950276,1.866444427674421,take_profit
SOL,prevday,2.0,2026-07-28 23:10:00+00:00,long,34.32092860956801,1.6298632487745173,take_profit
SOL,prevday,2.0,2026-07-29 21:20:00+00:00,long,39.597945163793696,1.8211000936204846,take_profit
SOL,prevday,2.0,2026-08-02 02:00:00+00:00,short,-25.47612660333467,-1.1304671358023082,stop_loss
SOL,prevday,2.0,2026-08-04 18:30:00+00:00,short,-34.95807005802205,-1.5870982322613254,stop_loss
SOL,prevday,2.0,2026-08-04 19:45:00+00:00,short,-30.966230002418282,-1.4519564320327694,stop_loss
SOL,prevday,2.0,2026-08-04 23:00:00+00:00,short,34.15051169242911,1.6491521920504761,take_profit
SOL,prevday,2.0,2026-08-05 02:15:00+00:00,short,-3.65771124830583,-0.1709935568505134,time_exit
SOL,prevday,2.0,2026-08-05 19:10:00+00:00,short,26.35294551210682,1.2361958150522716,take_profit
SOL,prevday,2.0,2026-08-06 10:15:00+00:00,long,-34.31221600983019,-1.5707244347116294,stop_loss
SOL,prevday,2.0,2026-08-06 14:20:00+00:00,long,30.47248184710903,1.4401943114791662,take_profit
SOL,prevday,2.0,2026-08-07 13:10:00+00:00,short,-0.7008459603064412,-0.03219609813722169,time_exit
SOL,prevday,2.0,2026-08-10 17:05:00+00:00,long,35.72055487720787,1.6420206196229772,take_profit
SOL,prevday,2.0,2026-08-11 07:30:00+00:00,long,35.610135978232805,1.5848961833016362,take_profit
SOL,prevday,2.0,2026-08-13 16:55:00+00:00,long,6.313935460977715,0.27237972016548545,time_exit
SOL,prevday,2.0,2026-08-14 14:25:00+00:00,long,35.14303882492949,1.5078373746555718,take_profit
SOL,prevday,2.0,2026-08-16 18:35:00+00:00,long,-37.91017937276371,-1.5789476071889565,stop_loss
SOL,prevday,2.0,2026-08-20 11:50:00+00:00,short,41.84239619285876,1.799551200286605,take_profit
SOL,prevday,2.3,2026-07-12 23:10:00+00:00,long,32.22284540786951,1.6111422703934752,take_profit
SOL,prevday,2.3,2026-07-13 01:00:00+00:00,short,44.798249607241075,2.1699892521531834,take_profit
SOL,prevday,2.3,2026-07-13 03:45:00+00:00,long,-26.509365592127303,-1.2306799613686012,stop_loss
SOL,prevday,2.3,2026-07-13 14:35:00+00:00,long,-24.14567261792224,-1.1492338420240573,stop_loss
SOL,prevday,2.3,2026-07-15 00:40:00+00:00,short,-25.11320567768548,-1.2234039459498252,stop_loss
SOL,prevday,2.3,2026-07-15 07:40:00+00:00,short,-21.881906087318004,-1.0927262810128204,stop_loss
SOL,prevday,2.3,2026-07-16 00:00:00+00:00,long,-22.462161538695725,-1.1467647499884221,stop_loss
SOL,prevday,2.3,2026-07-22 18:00:00+00:00,long,-21.53816888288229,-1.1254034477598478,stop_loss
SOL,prevday,2.3,2026-07-22 19:15:00+00:00,long,37.60098662066886,2.0099512446200594,take_profit
SOL,prevday,2.3,2026-07-27 13:05:00+00:00,short,42.16186455652515,2.166654427674406,take_profit
SOL,prevday,2.3,2026-07-28 23:10:00+00:00,long,39.17711180424675,1.929653248774498,take_profit
SOL,prevday,2.3,2026-07-29 21:20:00+00:00,long,44.72153719261932,2.120890093620488,take_profit
SOL,prevday,2.3,2026-08-02 02:00:00+00:00,short,-24.848393739285516,-1.130467135802308,stop_loss
SOL,prevday,2.3,2026-08-04 18:30:00+00:00,short,-34.09670169615025,-1.5870982322613252,stop_loss
SOL,prevday,2.3,2026-08-04 19:45:00+00:00,short,-30.20322075258678,-1.4519564320327696,stop_loss
SOL,prevday,2.3,2026-08-04 23:00:00+00:00,short,-27.326401432114178,-1.3529478079495125,stop_loss
SOL,prevday,2.3,2026-08-05 02:15:00+00:00,short,-3.360219683045836,-0.17099355685051343,time_exit
SOL,prevday,2.3,2026-08-05 19:10:00+00:00,short,30.088884751548942,1.5364058150522995,take_profit
SOL,prevday,2.3,2026-08-06 10:15:00+00:00,long,-31.706205591513477,-1.5707244347116294,stop_loss
SOL,prevday,2.3,2026-08-06 14:20:00+00:00,long,-30.45563407372318,-1.5577056885208527,stop_loss
SOL,prevday,2.3,2026-08-07 13:10:00+00:00,short,-0.6098740883637208,-0.03219609813722168,time_exit
SOL,prevday,2.3,2026-08-10 17:05:00+00:00,long,4.747675593367167,0.2507978669818781,time_exit
SOL,prevday,2.3,2026-08-11 07:30:00+00:00,long,35.85660786968768,1.884686183301627,take_profit
SOL,prevday,2.3,2026-08-13 16:55:00+00:00,long,5.377421934815522,0.2723797201654855,time_exit
SOL,prevday,2.3,2026-08-14 14:25:00+00:00,long,35.88126072481069,1.8076273746556306,take_profit
SOL,prevday,2.3,2026-08-16 18:35:00+00:00,long,-32.47507800381687,-1.5789476071889565,stop_loss
SOL,prevday,2.3,2026-08-20 11:50:00+00:00,short,-9.536643369319828,-0.478794153621883,time_exit
BTC,asia,1.0,2026-07-08 18:10:00+00:00,long,1.950524369785192,0.0975262184892596,time_exit
BTC,asia,1.0,2026-07-09 18:20:00+00:00,short,13.187678314070379,0.6581002750792146,take_profit
BTC,asia,1.0,2026-07-11 00:00:00+00:00,short,-32.903170900941035,-1.6206251924097899,stop_loss
BTC,asia,1.0,2026-07-11 01:30:00+00:00,short,7.091171201086919,0.3609712019848907,take_profit
BTC,asia,1.0,2026-07-11 04:40:00+00:00,short,-38.7997991412086,-1.960920423626748,stop_loss
BTC,asia,1.0,2026-07-11 07:30:00+00:00,short,-34.07974721929956,-1.7926775669524695,stop_loss
BTC,asia,1.0,2026-07-11 15:35:00+00:00,short,14.277506486696499,0.7789600400365786,take_profit
BTC,asia,1.0,2026-07-12 14:05:00+00:00,short,-23.615029107103005,-1.2686373709364622,stop_loss
BTC,asia,1.0,2026-07-13 01:00:00+00:00,short,15.013457083665243,0.8275441466128017,take_profit
BTC,asia,1.0,2026-07-14 10:25:00+00:00,short,-24.34181436916495,-1.3198795151779827,stop_loss
BTC,asia,1.0,2026-07-16 01:45:00+00:00,long,-21.773476460510945,-1.2126276829026035,stop_loss
BTC,asia,1.0,2026-07-16 19:00:00+00:00,long,-23.236832656915354,-1.3262921810181372,stop_loss
BTC,asia,1.0,2026-07-20 00:00:00+00:00,short,14.038277102964338,0.8230982214047823,take_profit
BTC,asia,1.0,2026-07-22 13:25:00+00:00,long,-0.11882891472294332,-0.006854390628214141,take_profit
BTC,asia,1.0,2026-07-22 14:30:00+00:00,long,7.1876174540401365,0.41465911412513506,take_profit
BTC,asia,1.0,2026-07-22 19:15:00+00:00,long,8.83161797585447,0.505312108384659,take_profit
BTC,asia,1.0,2026-07-25 13:10:00+00:00,short,-26.92940389639726,-1.525383749518732,stop_loss
BTC,asia,1.0,2026-07-29 18:10:00+00:00,short,12.706957959020725,0.7424198807453802,take_profit
BTC,asia,1.0,2026-07-29 20:55:00+00:00,short,-13.67602668805618,-0.7873480736606404,time_exit
BTC,asia,1.0,2026-08-01 08:25:00+00:00,short,1.1972738016279063,0.07003151876850576,take_profit
BTC,asia,1.0,2026-08-02 21:30:00+00:00,short,11.955232184511091,0.69831314949055,take_profit
BTC,asia,1.0,2026-08-03 03:30:00+00:00,long,-21.93451052930241,-1.2635622638730653,stop_loss
BTC,asia,1.0,2026-08-04 19:15:00+00:00,short,5.825182858035791,0.3442662782428096,take_profit
BTC,asia,1.0,2026-08-04 21:45:00+00:00,short,-25.65938898372412,-1.5060910258051026,stop_loss
BTC,asia,1.0,2026-08-04 23:20:00+00:00,short,10.467924144482948,0.6335024350130188,take_profit
BTC,asia,1.0,2026-08-05 04:00:00+00:00,short,-21.209660179488143,-1.2675160483221386,stop_loss
BTC,asia,1.0,2026-08-05 07:00:00+00:00,short,-0.10663887042908726,-0.006538629785570581,take_profit
BTC,asia,1.0,2026-08-05 12:30:00+00:00,short,8.239022037019684,0.505246919533099,take_profit
BTC,asia,1.0,2026-08-05 13:35:00+00:00,long,12.61975571019217,0.7661476318291793,take_profit
BTC,asia,1.0,2026-08-05 15:40:00+00:00,short,-23.365546709377448,-1.3971185487104052,stop_loss
BTC,asia,1.0,2026-08-06 14:20:00+00:00,long,6.839812187085812,0.4207358074749787,take_profit
BTC,asia,1.0,2026-08-13 05:40:00+00:00,short,4.443085250008224,0.27102588400446587,take_profit
BTC,asia,1.0,2026-08-13 07:00:00+00:00,short,3.724753933538741,0.22598310277258363,take_profit
BTC,asia,1.0,2026-08-13 11:35:00+00:00,long,6.8042897254377985,0.41096301172857463,take_profit
BTC,asia,1.0,2026-08-13 19:35:00+00:00,long,6.693217835852423,0.40095894628696405,take_profit
BTC,asia,1.0,2026-08-14 21:00:00+00:00,long,-31.919531726830208,-1.8969359383837985,stop_loss
BTC,asia,1.0,2026-08-14 23:00:00+00:00,long,-5.954343343637493,-0.3678131823313283,take_profit
BTC,asia,1.0,2026-08-15 09:05:00+00:00,long,-4.346524847688188,-0.27048437147886906,take_profit
BTC,asia,1.0,2026-08-15 11:35:00+00:00,long,-31.07444173084465,-1.9442813944149187,stop_loss
BTC,asia,1.0,2026-08-15 12:50:00+00:00,long,-8.269889073887452,-0.538369437909398,take_profit
BTC,asia,1.0,2026-08-15 14:25:00+00:00,long,0.7209209516484059,0.047442758871819375,take_profit
BTC,asia,1.0,2026-08-16 10:05:00+00:00,long,-5.167661533506828,-0.3397539092007906,take_profit
BTC,asia,1.0,2026-08-16 13:30:00+00:00,long,2.87370121748582,0.1902274343259884,take_profit
BTC,asia,1.0,2026-08-16 17:25:00+00:00,short,3.5066024284029567,0.23124316685260415,take_profit
BTC,asia,1.0,2026-08-22 10:25:00+00:00,long,11.563409453481341,0.7590394719881984,take_profit
BTC,asia,1.5,2026-07-08 18:10:00+00:00,long,1.950524369785192,0.0975262184892596,time_exit
BTC,asia,1.5,2026-07-09 18:20:00+00:00,short,-26.918397275403517,-1.343299724920792,stop_loss
BTC,asia,1.5,2026-07-11 00:00:00+00:00,short,-31.60323257156118,-1.6206251924097899,stop_loss
BTC,asia,1.5,2026-07-11 01:30:00+00:00,short,16.251906188353246,0.86132120198488,take_profit
BTC,asia,1.5,2026-07-11 04:40:00+00:00,short,-37.637153645540224,-1.960920423626748,stop_loss
BTC,asia,1.5,2026-07-11 07:30:00+00:00,short,-33.058539236912026,-1.7926775669524695,stop_loss
BTC,asia,1.5,2026-07-11 15:35:00+00:00,short,-5.081329727792941,-0.285793861058241,time_exit
BTC,asia,1.5,2026-07-12 14:05:00+00:00,short,-22.42706730421536,-1.2686373709364622,stop_loss
BTC,asia,1.5,2026-07-13 01:00:00+00:00,short,22.878997634204236,1.32789414661281,take_profit
BTC,asia,1.5,2026-07-14 10:25:00+00:00,short,-23.344859673773612,-1.3198795151779827,stop_loss
BTC,asia,1.5,2026-07-16 01:45:00+00:00,long,-20.88171180964758,-1.2126276829026035,stop_loss
BTC,asia,1.5,2026-07-16 19:00:00+00:00,long,-22.285134107579598,-1.3262921810181372,stop_loss
BTC,asia,1.5,2026-07-20 00:00:00+00:00,short,21.647483818901172,1.3234482214047862,take_profit
BTC,asia,1.5,2026-07-22 13:25:00+00:00,long,8.273954374609037,0.4927956093717779,take_profit
BTC,asia,1.5,2026-07-22 14:30:00+00:00,long,15.502393387544469,0.9143091141251901,take_profit
BTC,asia,1.5,2026-07-22 19:15:00+00:00,long,17.351029259606833,1.00496210838464,take_profit
BTC,asia,1.5,2026-07-25 13:10:00+00:00,short,-26.865634083560103,-1.525383749518732,stop_loss
BTC,asia,1.5,2026-07-29 18:10:00+00:00,short,21.220375986645664,1.2427698807453966,take_profit
BTC,asia,1.5,2026-07-29 20:55:00+00:00,short,-13.778175657204049,-0.7873480736606404,time_exit
BTC,asia,1.5,2026-08-01 08:25:00+00:00,short,9.824199145557523,0.5703815187684198,take_profit
BTC,asia,1.5,2026-08-02 21:30:00+00:00,short,20.88118263703129,1.1986631494905615,take_profit
BTC,asia,1.5,2026-08-03 03:30:00+00:00,long,-22.53944417586619,-1.2635622638730653,stop_loss
BTC,asia,1.5,2026-08-04 19:15:00+00:00,short,14.685535253879216,0.8446162782428155,take_profit
BTC,asia,1.5,2026-08-04 21:45:00+00:00,short,-26.629102133567784,-1.5060910258051026,stop_loss
BTC,asia,1.5,2026-08-04 23:20:00+00:00,short,19.443705221889495,1.1338524350130232,take_profit
BTC,asia,1.5,2026-08-05 04:00:00+00:00,short,-22.22872061705931,-1.2675160483221388,stop_loss
BTC,asia,1.5,2026-08-05 07:00:00+00:00,short,8.440547734371592,0.4938113702144207,take_profit
BTC,asia,1.5,2026-08-05 12:30:00+00:00,short,17.358077699771883,1.00559691953307,take_profit
BTC,asia,1.5,2026-08-05 13:35:00+00:00,long,22.28895989285107,1.2657976318291848,take_profit
BTC,asia,1.5,2026-08-06 14:20:00+00:00,long,16.61702034410527,0.9203858074749601,take_profit
BTC,asia,1.5,2026-08-13 05:40:00+00:00,short,14.183093852530725,0.771375884004458,take_profit
BTC,asia,1.5,2026-08-13 11:35:00+00:00,long,17.001518003152917,0.9106130117286081,take_profit
BTC,asia,1.5,2026-08-13 19:35:00+00:00,long,-30.37185948214061,-1.5976410537130425,stop_loss
BTC,asia,1.5,2026-08-14 21:00:00+00:00,long,-34.909317510807995,-1.8969359383837983,stop_loss
BTC,asia,1.5,2026-08-14 23:00:00+00:00,long,-0.473068687109393,-0.026719773497006702,take_profit
BTC,asia,1.5,2026-08-15 09:05:00+00:00,long,2.1105859290424647,0.11927344278165602,take_profit
BTC,asia,1.5,2026-08-15 11:35:00+00:00,long,-34.48682122941433,-1.9442813944149184,stop_loss
BTC,asia,1.5,2026-08-15 12:50:00+00:00,long,-4.816935355233175,-0.2825541568641363,take_profit
BTC,asia,1.5,2026-08-15 14:25:00+00:00,long,-2.1886952876880184,-0.12911520252492661,time_exit
BTC,asia,1.5,2026-08-16 10:05:00+00:00,long,0.25985701803713823,0.01536913619885674,take_profit
BTC,asia,1.5,2026-08-16 17:25:00+00:00,short,12.373373018926479,0.7315931668526386,take_profit
BTC,asia,1.5,2026-08-22 10:25:00+00:00,long,9.469218040459623,0.5518069356793811,time_exit
BTC,asia,2.0,2026-07-08 18:10:00+00:00,long,1.950524369785192,0.0975262184892596,time_exit
BTC,asia,2.0,2026-07-09 18:20:00+00:00,short,-26.918397275403517,-1.343299724920792,stop_loss
BTC,asia,2.0,2026-07-11 00:00:00+00:00,short,-31.60323257156118,-1.6206251924097899,stop_loss
BTC,asia,2.0,2026-07-11 01:30:00+00:00,short,-15.996594753884683,-0.8477901645134394,time_exit
BTC,asia,2.0,2026-07-11 15:35:00+00:00,short,-5.301089156421764,-0.285793861058241,time_exit
BTC,asia,2.0,2026-07-12 14:05:00+00:00,short,-23.397002293798337,-1.2686373709364622,stop_loss
BTC,asia,2.0,2026-07-13 01:00:00+00:00,short,32.86211111438769,1.828244146612804,take_profit
BTC,asia,2.0,2026-07-14 10:25:00+00:00,short,-24.591897968699158,-1.319879515177983,stop_loss
BTC,asia,2.0,2026-07-16 01:45:00+00:00,long,-21.997173399655935,-1.2126276829026033,stop_loss
BTC,asia,2.0,2026-07-16 19:00:00+00:00,long,-23.475563865053097,-1.3262921810181374,stop_loss
BTC,asia,2.0,2026-07-20 00:00:00+00:00,short,-8.740662574457392,-0.5072745863419335,time_exit
BTC,asia,2.0,2026-07-22 13:25:00+00:00,long,16.926974102472666,0.9924456093717698,take_profit
BTC,asia,2.0,2026-07-22 14:30:00+00:00,long,24.59491373555714,1.4139591141251528,take_profit
BTC,asia,2.0,2026-07-22 19:15:00+00:00,long,26.911880645263633,1.5046121083846993,take_profit
BTC,asia,2.0,2026-07-25 13:10:00+00:00,short,-28.104426489707166,-1.525383749518732,stop_loss
BTC,asia,2.0,2026-07-29 18:10:00+00:00,short,31.136317234450516,1.7431198807453918,take_profit
BTC,asia,2.0,2026-07-29 20:55:00+00:00,short,-14.554234344756061,-0.7873480736606403,time_exit
BTC,asia,2.0,2026-08-01 08:25:00+00:00,short,19.480941643549496,1.0707315187684874,take_profit
BTC,asia,2.0,2026-08-02 21:30:00+00:00,short,31.573895895170885,1.6990131494905487,take_profit
BTC,asia,2.0,2026-08-04 19:15:00+00:00,short,25.843722972392907,1.3449662782427687,take_profit
BTC,asia,2.0,2026-08-04 21:45:00+00:00,short,-29.718218454450884,-1.5060910258051023,stop_loss
BTC,asia,2.0,2026-08-04 23:20:00+00:00,short,11.47093866876197,0.5993910020036165,time_exit
BTC,asia,2.0,2026-08-05 12:30:00+00:00,short,29.165786250927454,1.5059469195331214,take_profit
BTC,asia,2.0,2026-08-05 13:35:00+00:00,long,35.22136925570503,1.7654476318291712,take_profit
BTC,asia,2.0,2026-08-06 14:20:00+00:00,long,29.330580666698907,1.4200358074749884,take_profit
BTC,asia,2.0,2026-08-13 05:40:00+00:00,short,27.01327541355032,1.27172588400445,take_profit
BTC,asia,2.0,2026-08-13 11:35:00+00:00,long,30.717918475942103,1.4102630117285937,take_profit
BTC,asia,2.0,2026-08-13 19:35:00+00:00,long,-35.780853947085426,-1.5976410537130425,stop_loss
BTC,asia,2.0,2026-08-14 21:00:00+00:00,long,-41.1263983353125,-1.8969359383837985,stop_loss
BTC,asia,2.0,2026-08-14 23:00:00+00:00,long,6.557176395020781,0.31437363533740165,take_profit
BTC,asia,2.0,2026-08-15 09:05:00+00:00,long,10.684083334421485,0.5090312570422675,take_profit
BTC,asia,2.0,2026-08-15 14:25:00+00:00,long,-2.7375952034499473,-0.12911520252492656,time_exit
BTC,asia,2.0,2026-08-16 10:05:00+00:00,long,7.835161761884738,0.37049218159850417,take_profit
BTC,asia,2.0,2026-08-16 17:25:00+00:00,short,26.246160647005887,1.2319431668526095,take_profit
BTC,asia,2.0,2026-08-22 10:25:00+00:00,long,12.045729008712932,0.5518069356793811,time_exit
BTC,asia,2.3,2026-07-08 18:10:00+00:00,long,1.950524369785192,0.0975262184892596,time_exit
BTC,asia,2.3,2026-07-09 18:20:00+00:00,short,-26.918397275403517,-1.343299724920792,stop_loss
BTC,asia,2.3,2026-07-11 00:00:00+00:00,short,-31.60323257156118,-1.6206251924097899,stop_loss
BTC,asia,2.3,2026-07-11 01:30:00+00:00,short,-15.996594753884683,-0.8477901645134394,time_exit
BTC,asia,2.3,2026-07-11 15:35:00+00:00,short,-5.301089156421764,-0.285793861058241,time_exit
BTC,asia,2.3,2026-07-12 14:05:00+00:00,short,-23.397002293798337,-1.2686373709364622,stop_loss
BTC,asia,2.3,2026-07-13 01:00:00+00:00,short,38.25829104797481,2.128454146612798,take_profit
BTC,asia,2.3,2026-07-14 10:25:00+00:00,short,-24.734344115790275,-1.3198795151779827,stop_loss
BTC,asia,2.3,2026-07-16 01:45:00+00:00,long,-22.12458986021805,-1.2126276829026035,stop_loss
BTC,asia,2.3,2026-07-16 19:00:00+00:00,long,-23.611543756789175,-1.3262921810181374,stop_loss
BTC,asia,2.3,2026-07-20 00:00:00+00:00,short,-8.79129200161018,-0.5072745863419335,time_exit
BTC,asia,2.3,2026-07-22 13:25:00+00:00,long,22.16780384166414,1.2922356093717011,take_profit
BTC,asia,2.3,2026-07-22 14:30:00+00:00,long,30.158506645220534,1.7137491141251857,take_profit
BTC,asia,2.3,2026-07-22 19:15:00+00:00,long,32.842176838826525,1.8044021083846566,take_profit
BTC,asia,2.3,2026-07-25 13:10:00+00:00,short,-28.765662859633224,-1.525383749518732,stop_loss
BTC,asia,2.3,2026-07-29 18:10:00+00:00,short,37.3575281216234,2.043329880745398,take_profit
BTC,asia,2.3,2026-07-29 20:55:00+00:00,short,-14.983093413823653,-0.7873480736606404,time_exit
BTC,asia,2.3,2026-08-01 08:25:00+00:00,short,25.677953690255254,1.3709415187685123,take_profit
BTC,asia,2.3,2026-08-02 21:30:00+00:00,short,38.472488207064366,1.9992231494905506,take_profit
BTC,asia,2.3,2026-08-04 19:15:00+00:00,short,-33.16449658958784,-1.6571337217572149,stop_loss
BTC,asia,2.3,2026-08-04 23:20:00+00:00,short,11.598143172018933,0.5993910020036164,time_exit
BTC,asia,2.3,2026-08-05 12:30:00+00:00,short,35.367878604999774,1.8061569195331035,take_profit
BTC,asia,2.3,2026-08-05 13:35:00+00:00,long,12.982025783829062,0.6398490994367585,time_exit
BTC,asia,2.3,2026-08-06 14:20:00+00:00,long,35.34042471534921,1.7198258074749868,take_profit
BTC,asia,2.3,2026-08-13 05:40:00+00:00,short,33.41251602986328,1.5719358840044337,take_profit
BTC,asia,2.3,2026-08-13 11:35:00+00:00,long,37.49102857051708,1.710053011728614,take_profit
BTC,asia,2.3,2026-08-13 19:35:00+00:00,long,-36.22446434640173,-1.5976410537130425,stop_loss
BTC,asia,2.3,2026-08-14 21:00:00+00:00,long,-41.636282700144875,-1.8969359383837985,stop_loss
BTC,asia,2.3,2026-08-14 23:00:00+00:00,long,10.960092368252297,0.5190296806380467,take_profit
BTC,asia,2.3,2026-08-15 09:05:00+00:00,long,15.849996072031434,0.7428859455986174,take_profit
BTC,asia,2.3,2026-08-16 10:05:00+00:00,long,12.635783132081468,0.5835660088382406,take_profit
BTC,asia,2.3,2026-08-16 17:25:00+00:00,short,33.56246093828706,1.5321531668526167,take_profit
BTC,asia,2.3,2026-08-22 10:25:00+00:00,long,12.457963492862365,0.5518069356793811,time_exit
BTC,london,1.0,2026-07-08 18:10:00+00:00,long,3.04594002346757,0.1522970011733785,time_exit
BTC,london,1.0,2026-07-09 18:20:00+00:00,short,13.20209618093067,0.6581002750792146,take_profit
BTC,london,1.0,2026-07-10 15:00:00+00:00,long,7.141106637117687,0.35134663894599616,take_profit
BTC,london,1.0,2026-07-10 16:30:00+00:00,long,-28.53604643278523,-1.3941933345878958,stop_loss
BTC,london,1.0,2026-07-10 21:00:00+00:00,long,2.178931832644034,0.1095102302294504,take_profit
BTC,london,1.0,2026-07-11 15:35:00+00:00,short,15.532962172733047,0.7789600400365786,take_profit
BTC,london,1.0,2026-07-12 17:10:00+00:00,short,-4.817245817538749,-0.23787341371385182,take_profit
BTC,london,1.0,2026-07-12 22:00:00+00:00,short,-23.53803201676728,-1.1678533711921253,stop_loss
BTC,london,1.0,2026-07-13 01:00:00+00:00,short,16.289539733697662,0.8275441466128018,take_profit
BTC,london,1.0,2026-07-16 00:00:00+00:00,long,-25.113998837921137,-1.2550733436256403,stop_loss
BTC,london,1.0,2026-07-16 01:45:00+00:00,long,-23.65558319718918,-1.2126276829026035,stop_loss
BTC,london,1.0,2026-07-16 16:10:00+00:00,short,11.910351094558058,0.6257213296226322,take_profit
BTC,london,1.0,2026-07-17 14:15:00+00:00,short,12.124730598868977,0.6291109921728995,take_profit
BTC,london,1.0,2026-07-21 17:20:00+00:00,long,-23.66751397006755,-1.2127674176711376,stop_loss
BTC,london,1.0,2026-07-22 14:40:00+00:00,short,-22.183019899815267,-1.1649555851234668,stop_loss
BTC,london,1.0,2026-07-22 18:05:00+00:00,short,-24.08268948245783,-1.2948876903728548,stop_loss
BTC,london,1.0,2026-07-23 00:35:00+00:00,short,6.558312126004857,0.3620050704130378,take_profit
BTC,london,1.0,2026-07-23 01:05:00+00:00,short,10.628080702768077,0.5824308989501824,take_profit
BTC,london,1.0,2026-07-24 00:20:00+00:00,long,11.290044607515084,0.6115831743440364,take_profit
BTC,london,1.0,2026-07-24 08:00:00+00:00,short,14.510617566841717,0.7765436073556748,take_profit
BTC,london,1.0,2026-07-24 11:10:00+00:00,long,-28.12961152579974,-1.482349313732896,stop_loss
BTC,london,1.0,2026-07-25 10:40:00+00:00,long,11.274804189766956,0.6123025544712114,take_profit
BTC,london,1.0,2026-07-25 15:00:00+00:00,short,-32.151252301810885,-1.7249196331384344,stop_loss
BTC,london,1.0,2026-07-27 16:00:00+00:00,long,7.76112370073182,0.4312633739727353,take_profit
BTC,london,1.0,2026-07-27 17:30:00+00:00,long,-23.333990866899896,-1.2855150062150087,stop_loss
BTC,london,1.0,2026-07-27 19:05:00+00:00,long,-27.460553003885927,-1.5527777335098427,stop_loss
BTC,london,1.0,2026-07-30 08:00:00+00:00,long,-2.725222712301589,-0.15903881760000085,take_profit
BTC,london,1.0,2026-07-31 01:30:00+00:00,short,13.187341594479294,0.7720438889322288,take_profit
BTC,london,1.0,2026-08-02 18:05:00+00:00,short,-21.77316628562087,-1.2553120006168657,stop_loss
BTC,london,1.0,2026-08-04 00:30:00+00:00,short,-23.310272228754464,-1.3785424565712723,stop_loss
BTC,london,1.0,2026-08-05 01:00:00+00:00,short,-22.57445160141478,-1.3728782987721189,stop_loss
BTC,london,1.0,2026-08-05 11:10:00+00:00,short,-23.74678919540405,-1.4849477363884154,stop_loss
BTC,london,1.0,2026-08-07 04:30:00+00:00,long,8.538144101126461,0.5502540563419879,take_profit
BTC,london,1.0,2026-08-08 18:05:00+00:00,short,-6.693018479036832,-0.426646766259226,take_profit
BTC,london,1.0,2026-08-08 21:00:00+00:00,short,-10.40484219830096,-0.6689653757414759,take_profit
BTC,london,1.0,2026-08-10 00:35:00+00:00,short,-18.313074499917615,-1.1933811800408305,stop_loss
BTC,london,1.0,2026-08-10 07:45:00+00:00,short,6.440712253497843,0.4299748975592456,take_profit
BTC,london,1.0,2026-08-12 09:45:00+00:00,long,10.932558113534578,0.7236228157493202,take_profit
BTC,london,1.0,2026-08-13 05:00:00+00:00,long,2.8658779609592475,0.18698548263723194,take_profit
BTC,london,1.0,2026-08-13 06:10:00+00:00,long,-27.03368750038147,-1.7572533513572688,stop_loss
BTC,london,1.0,2026-08-13 09:40:00+00:00,long,-23.013352291556807,-1.5504114078161944,stop_loss
BTC,london,1.0,2026-08-13 14:25:00+00:00,short,8.737676888385035,0.607495354213681,take_profit
BTC,london,1.0,2026-08-13 19:35:00+00:00,long,5.837108517978308,0.4009589462869641,take_profit
BTC,london,1.0,2026-08-14 18:25:00+00:00,short,-2.643485213099277,-0.18014003003708856,take_profit
BTC,london,1.0,2026-08-14 19:00:00+00:00,short,-23.102291763778716,-1.5799957238306725,stop_loss
BTC,london,1.0,2026-08-15 08:00:00+00:00,short,-6.686788282623947,-0.4722409032180651,take_profit
BTC,london,1.0,2026-08-19 01:30:00+00:00,short,4.562685112234672,0.3253028374024325,take_profit
BTC,london,1.0,2026-08-19 03:50:00+00:00,short,3.083929974437577,0.2184517204048772,take_profit
BTC,london,1.0,2026-08-22 16:50:00+00:00,short,-3.191619109673513,-0.22509647983297626,time_exit
BTC,london,1.5,2026-07-08 18:10:00+00:00,long,3.04594002346757,0.1522970011733785,time_exit
BTC,london,1.5,2026-07-09 18:20:00+00:00,short,-26.947826706328826,-1.343299724920792,stop_loss
BTC,london,1.5,2026-07-10 15:00:00+00:00,long,16.613124274289056,0.8509966389460367,take_profit
BTC,london,1.5,2026-07-10 16:30:00+00:00,long,-27.680627812409394,-1.3941933345878958,stop_loss
BTC,london,1.5,2026-07-10 21:00:00+00:00,long,11.757165368629583,0.6091602302294767,take_profit
BTC,london,1.5,2026-07-11 15:35:00+00:00,short,-5.583198993878706,-0.28579386105824106,time_exit
BTC,london,1.5,2026-07-12 17:10:00+00:00,short,3.2669356112875167,0.16818987942918567,take_profit
BTC,london,1.5,2026-07-12 22:00:00+00:00,short,-22.76079680291017,-1.1678533711921255,stop_loss
BTC,london,1.5,2026-07-13 01:00:00+00:00,short,25.27542175333854,1.32789414661281,take_profit
BTC,london,1.5,2026-07-16 00:00:00+00:00,long,-24.52378514566802,-1.2550733436256403,stop_loss
BTC,london,1.5,2026-07-16 01:45:00+00:00,long,-23.09964428872144,-1.2126276829026033,stop_loss
BTC,london,1.5,2026-07-16 16:10:00+00:00,short,20.93057398979405,1.1260713296226215,take_profit
BTC,london,1.5,2026-07-17 14:15:00+00:00,short,21.46638384638967,1.129460992172925,take_profit
BTC,london,1.5,2026-07-21 17:20:00+00:00,long,-23.57036919322505,-1.2127674176711378,stop_loss
BTC,london,1.5,2026-07-22 14:40:00+00:00,short,-22.091968320820293,-1.1649555851234668,stop_loss
BTC,london,1.5,2026-07-22 18:05:00+00:00,short,-23.983840592012495,-1.2948876903728548,stop_loss
BTC,london,1.5,2026-07-23 00:35:00+00:00,short,15.558842792243247,0.8623550704130926,take_profit
BTC,london,1.5,2026-07-24 00:20:00+00:00,long,20.39495872110431,1.1112331743440622,take_profit
BTC,london,1.5,2026-07-24 08:00:00+00:00,short,23.956242479729674,1.2768936073556643,take_profit
BTC,london,1.5,2026-07-25 10:40:00+00:00,long,21.394490455233495,1.1119525544712427,take_profit
BTC,london,1.5,2026-07-27 16:00:00+00:00,long,18.30953976764942,0.930913373972721,take_profit
BTC,london,1.5,2026-07-27 17:30:00+00:00,long,-25.75471624193412,-1.2855150062150087,stop_loss
BTC,london,1.5,2026-07-27 19:05:00+00:00,long,-30.309378044066918,-1.5527777335098427,stop_loss
BTC,london,1.5,2026-07-30 08:00:00+00:00,long,5.417550413987797,0.286441773600035,take_profit
BTC,london,1.5,2026-07-31 01:30:00+00:00,short,24.20299348724283,1.2723938889322057,take_profit
BTC,london,1.5,2026-08-02 18:05:00+00:00,short,-24.485714456404573,-1.255312000616866,stop_loss
BTC,london,1.5,2026-08-04 00:30:00+00:00,short,-26.214316384074927,-1.3785424565712723,stop_loss
BTC,london,1.5,2026-08-05 01:00:00+00:00,short,-25.386825630740134,-1.3728782987721186,stop_loss
BTC,london,1.5,2026-08-05 11:10:00+00:00,short,-26.70521557900811,-1.4849477363884156,stop_loss
BTC,london,1.5,2026-08-07 04:30:00+00:00,long,18.320656513272084,1.049904056341994,take_profit
BTC,london,1.5,2026-08-08 18:05:00+00:00,short,-2.048337143193301,-0.11497014938876879,take_profit
BTC,london,1.5,2026-08-08 21:00:00+00:00,short,-8.504550766508896,-0.4784480636121741,take_profit
BTC,london,1.5,2026-08-10 00:35:00+00:00,short,-21.0097073670868,-1.1933811800408305,stop_loss
BTC,london,1.5,2026-08-10 07:45:00+00:00,short,15.9876333650893,0.9303248975592621,take_profit
BTC,london,1.5,2026-08-12 09:45:00+00:00,long,-22.31816026749174,-1.2749771842506654,stop_loss
BTC,london,1.5,2026-08-13 05:00:00+00:00,long,11.712895481615217,0.6866354826372495,take_profit
BTC,london,1.5,2026-08-13 06:10:00+00:00,long,-30.387562548563384,-1.7572533513572688,stop_loss
BTC,london,1.5,2026-08-13 09:40:00+00:00,long,-25.86845328451544,-1.5504114078161946,stop_loss
BTC,london,1.5,2026-08-13 14:25:00+00:00,short,17.9111197375549,1.1078453542136597,take_profit
BTC,london,1.5,2026-08-13 19:35:00+00:00,long,-26.402215765090517,-1.5976410537130425,stop_loss
BTC,london,1.5,2026-08-14 18:25:00+00:00,short,4.076054570545956,0.2547899549443655,take_profit
BTC,london,1.5,2026-08-14 19:00:00+00:00,short,-25.40510868014882,-1.5799957238306728,stop_loss
BTC,london,1.5,2026-08-15 08:00:00+00:00,short,-2.8551424024918894,-0.18336135482698515,take_profit
BTC,london,1.5,2026-08-19 01:30:00+00:00,short,12.80919562718487,0.8256528374024328,take_profit
BTC,london,1.5,2026-08-22 16:50:00+00:00,short,-3.549817658136311,-0.22509647983297632,time_exit
BTC,london,2.0,2026-07-08 18:10:00+00:00,long,3.04594002346757,0.1522970011733785,time_exit
BTC,london,2.0,2026-07-09 18:20:00+00:00,short,-26.947826706328826,-1.343299724920792,stop_loss
BTC,london,2.0,2026-07-10 15:00:00+00:00,long,-32.157617957602675,-1.647253361054009,stop_loss
BTC,london,2.0,2026-07-10 21:00:00+00:00,long,20.933017559649798,1.1088102302294305,take_profit
BTC,london,2.0,2026-07-11 15:35:00+00:00,short,-5.515098533800055,-0.285793861058241,time_exit
BTC,london,2.0,2026-07-12 17:10:00+00:00,short,-35.72893618408747,-1.8621265862861722,stop_loss
BTC,london,2.0,2026-07-12 22:00:00+00:00,short,-21.5732759969962,-1.1678533711921253,stop_loss
BTC,london,2.0,2026-07-13 01:00:00+00:00,short,32.983579431915835,1.8282441466128045,take_profit
BTC,london,2.0,2026-07-16 00:00:00+00:00,long,-23.47087010322313,-1.2550733436256403,stop_loss
BTC,london,2.0,2026-07-16 01:45:00+00:00,long,-22.107873939966076,-1.2126276829026035,stop_loss
BTC,london,2.0,2026-07-16 16:10:00+00:00,short,28.93276806819121,1.6264213296226107,take_profit
BTC,london,2.0,2026-07-17 14:15:00+00:00,short,-25.206034487307438,-1.3722890078270804,stop_loss
BTC,london,2.0,2026-07-21 17:20:00+00:00,long,-21.664580534840496,-1.2127674176711376,stop_loss
BTC,london,2.0,2026-07-22 14:40:00+00:00,short,-20.305716169992216,-1.1649555851234668,stop_loss
BTC,london,2.0,2026-07-22 18:05:00+00:00,short,-22.04462059040562,-1.294887690372855,stop_loss
BTC,london,2.0,2026-07-23 00:35:00+00:00,short,22.598361044586508,1.3627050704130466,take_profit
BTC,london,2.0,2026-07-24 00:20:00+00:00,long,27.442078370208993,1.6108831743440264,take_profit
BTC,london,2.0,2026-07-24 08:00:00+00:00,short,31.251524100158903,1.7772436073556712,take_profit
BTC,london,2.0,2026-07-25 10:40:00+00:00,long,22.728300196953043,1.2481701523633253,time_exit
BTC,london,2.0,2026-07-27 16:00:00+00:00,long,26.699837897369814,1.4305633739727066,take_profit
BTC,london,2.0,2026-07-27 17:30:00+00:00,long,-24.67913597279673,-1.2855150062150087,stop_loss
BTC,london,2.0,2026-07-27 19:05:00+00:00,long,-29.043583900276488,-1.5527777335098427,stop_loss
BTC,london,2.0,2026-07-30 08:00:00+00:00,long,13.264925235252035,0.7319223647999858,take_profit
BTC,london,2.0,2026-07-31 01:30:00+00:00,short,32.5984612533296,1.7727438889322198,take_profit
BTC,london,2.0,2026-08-02 18:05:00+00:00,short,-23.901984616344297,-1.2553120006168659,stop_loss
BTC,london,2.0,2026-08-04 00:30:00+00:00,short,-25.589377351260108,-1.3785424565712725,stop_loss
BTC,london,2.0,2026-08-05 01:00:00+00:00,short,-24.781613653305115,-1.3728782987721186,stop_loss
BTC,london,2.0,2026-08-05 11:10:00+00:00,short,-26.068573701701894,-1.4849477363884154,stop_loss
BTC,london,2.0,2026-08-07 04:30:00+00:00,long,26.394858122637157,1.5495540563419636,take_profit
BTC,london,2.0,2026-08-08 18:05:00+00:00,short,3.454507566395769,0.19670646748160467,take_profit
BTC,london,2.0,2026-08-10 00:35:00+00:00,short,-21.04029924192156,-1.1933811800408307,stop_loss
BTC,london,2.0,2026-08-10 07:45:00+00:00,short,24.621947584291277,1.430674897559233,take_profit
BTC,london,2.0,2026-08-12 09:45:00+00:00,long,-22.57023481878282,-1.2749771842506659,stop_loss
BTC,london,2.0,2026-08-13 05:00:00+00:00,long,20.464678526544436,1.1862854826372666,take_profit
BTC,london,2.0,2026-08-13 06:10:00+00:00,long,-31.033710296270215,-1.7572533513572688,stop_loss
BTC,london,2.0,2026-08-13 09:40:00+00:00,long,-26.41850868299423,-1.5504114078161946,stop_loss
BTC,london,2.0,2026-08-13 14:25:00+00:00,short,26.553405972395847,1.6081953542136707,take_profit
BTC,london,2.0,2026-08-13 19:35:00+00:00,long,-27.227596914726103,-1.5976410537130425,stop_loss
BTC,london,2.0,2026-08-14 18:25:00+00:00,short,11.378877082889653,0.6897199399258198,take_profit
BTC,london,2.0,2026-08-14 20:10:00+00:00,short,16.316265591419047,0.9755381417878503,take_profit
BTC,london,2.0,2026-08-15 08:00:00+00:00,short,1.79926724716052,0.10551819356400821,take_profit
BTC,london,2.0,2026-08-19 01:30:00+00:00,short,22.65835275409906,1.326002837402433,take_profit
BTC,london,2.0,2026-08-22 16:50:00+00:00,short,-3.9483898156803585,-0.22509647983297626,time_exit
BTC,london,2.3,2026-07-08 18:10:00+00:00,long,3.04594002346757,0.1522970011733785,time_exit
BTC,london,2.3,2026-07-09 18:20:00+00:00,short,-26.947826706328826,-1.343299724920792,stop_loss
BTC,london,2.3,2026-07-10 15:00:00+00:00,long,-32.157617957602675,-1.647253361054009,stop_loss
BTC,london,2.3,2026-07-10 21:00:00+00:00,long,26.592695981727353,1.4086002302294756,take_profit
BTC,london,2.3,2026-07-11 15:35:00+00:00,short,-5.547448560771926,-0.28579386105824106,time_exit
BTC,london,2.3,2026-07-12 17:10:00+00:00,short,-35.93851214037326,-1.8621265862861722,stop_loss
BTC,london,2.3,2026-07-12 22:00:00+00:00,short,-21.699818805995402,-1.1678533711921253,stop_loss
BTC,london,2.3,2026-07-13 01:00:00+00:00,short,38.62494722273457,2.1284541466127975,take_profit
BTC,london,2.3,2026-07-16 00:00:00+00:00,long,-23.7452938331785,-1.2550733436256405,stop_loss
BTC,london,2.3,2026-07-16 01:45:00+00:00,long,-22.366361384245156,-1.2126276829026033,stop_loss
BTC,london,2.3,2026-07-16 16:10:00+00:00,short,34.67399648626666,1.9266313296226398,take_profit
BTC,london,2.3,2026-07-17 14:15:00+00:00,short,-25.649033933798666,-1.3722890078270804,stop_loss
BTC,london,2.3,2026-07-21 17:20:00+00:00,long,-22.04533845176835,-1.2127674176711374,stop_loss
BTC,london,2.3,2026-07-22 14:40:00+00:00,short,-20.662591862931706,-1.1649555851234668,stop_loss
BTC,london,2.3,2026-07-22 18:05:00+00:00,short,-22.432057762427917,-1.2948876903728546,stop_loss
BTC,london,2.3,2026-07-23 00:35:00+00:00,short,28.06154808131087,1.6629150704130795,take_profit
BTC,london,2.3,2026-07-24 00:20:00+00:00,long,33.31477361348542,1.9106731743440293,take_profit
BTC,london,2.3,2026-07-24 08:00:00+00:00,short,37.60697928033731,2.0774536073556757,take_profit
BTC,london,2.3,2026-07-25 10:40:00+00:00,long,23.533723474352115,1.248170152363325,time_exit
BTC,london,2.3,2026-07-27 16:00:00+00:00,long,33.439518557442824,1.7303533739727253,take_profit
BTC,london,2.3,2026-07-27 17:30:00+00:00,long,-25.702644145110526,-1.2855150062150087,stop_loss
BTC,london,2.3,2026-07-27 19:05:00+00:00,long,-30.248097117756274,-1.552777733509843,stop_loss
BTC,london,2.3,2026-07-30 08:00:00+00:00,long,18.860131908754184,0.9992107195200584,take_profit
BTC,london,2.3,2026-07-31 01:30:00+00:00,short,39.9089896911905,2.0729538889322163,take_profit
BTC,london,2.3,2026-08-02 18:05:00+00:00,short,-25.169522842558152,-1.255312000616866,stop_loss
BTC,london,2.3,2026-08-04 00:30:00+00:00,short,-26.94639914247796,-1.3785424565712723,stop_loss
BTC,london,2.3,2026-08-05 01:00:00+00:00,short,-26.095799195511006,-1.3728782987721189,stop_loss
BTC,london,2.3,2026-08-05 11:10:00+00:00,short,-27.45100759579725,-1.4849477363884154,stop_loss
BTC,london,2.3,2026-08-07 04:30:00+00:00,long,33.17197553197264,1.849344056341967,take_profit
BTC,london,2.3,2026-08-08 18:05:00+00:00,short,7.13728040359042,0.38371243760394597,take_profit
BTC,london,2.3,2026-08-10 00:35:00+00:00,short,-22.367952281686016,-1.1933811800408307,stop_loss
BTC,london,2.3,2026-08-10 07:45:00+00:00,short,31.66824157932738,1.7308848975592792,take_profit
BTC,london,2.3,2026-08-12 09:45:00+00:00,long,-24.134487274681533,-1.2749771842506659,stop_loss
BTC,london,2.3,2026-08-13 05:00:00+00:00,long,27.41312710703488,1.4860754826372902,take_profit
BTC,london,2.3,2026-08-13 06:10:00+00:00,long,-33.37888886534933,-1.7572533513572688,stop_loss
BTC,london,2.3,2026-08-13 09:40:00+00:00,long,-28.414922253879265,-1.5504114078161944,stop_loss
BTC,london,2.3,2026-08-13 14:25:00+00:00,short,33.89145644268183,1.9084053542136903,take_profit
BTC,london,2.3,2026-08-13 19:35:00+00:00,long,-29.455506909066557,-1.5976410537130425,stop_loss
BTC,london,2.3,2026-08-14 18:25:00+00:00,short,16.96747528180994,0.9506779309147093,take_profit
BTC,london,2.3,2026-08-14 20:10:00+00:00,short,-36.85731039405928,-2.026561858212102,stop_loss
BTC,london,2.3,2026-08-15 08:00:00+00:00,short,4.865852210170662,0.2788459225985699,take_profit
BTC,london,2.3,2026-08-19 01:30:00+00:00,short,-29.41095337490919,-1.676097162597569,stop_loss
BTC,london,2.3,2026-08-22 16:50:00+00:00,short,-3.8174258781623616,-0.22509647983297632,time_exit
BTC,newyork,1.0,2026-07-08 18:10:00+00:00,long,1.8354436760979185,0.09177218380489592,time_exit
BTC,newyork,1.0,2026-07-12 00:00:00+00:00,long,11.840234815468143,0.590927127314543,take_profit
BTC,newyork,1.0,2026-07-12 07:00:00+00:00,long,-0.22477214491288144,-0.011086985200599916,take_profit
BTC,newyork,1.0,2026-07-12 10:30:00+00:00,long,9.823054571230958,0.4846339625192934,take_profit
BTC,newyork,1.0,2026-07-13 01:00:00+00:00,short,16.93608753477784,0.8275441466128017,take_profit
BTC,newyork,1.0,2026-07-15 23:00:00+00:00,long,-28.424474532022316,-1.366285327386734,stop_loss
BTC,newyork,1.0,2026-07-19 08:00:00+00:00,short,-2.658058689504845,-0.1313548422718138,take_profit
BTC,newyork,1.0,2026-07-19 17:25:00+00:00,short,7.317107814421201,0.3625462443537306,take_profit
BTC,newyork,1.0,2026-07-19 22:30:00+00:00,short,-30.20140786887916,-1.4856396100747318,stop_loss
BTC,newyork,1.0,2026-07-20 01:40:00+00:00,short,13.900400643540396,0.7047146398391323,take_profit
BTC,newyork,1.0,2026-07-27 14:40:00+00:00,short,18.186654056481686,0.9092021270148697,take_profit
BTC,newyork,1.0,2026-07-29 00:10:00+00:00,short,11.595760560094348,0.5693516584505722,take_profit
BTC,newyork,1.0,2026-07-29 02:15:00+00:00,short,-25.036085311981655,-1.2154312335111974,stop_loss
BTC,newyork,1.0,2026-07-29 21:20:00+00:00,long,13.756786294282966,0.6844921854887459,take_profit
BTC,newyork,1.0,2026-08-04 05:45:00+00:00,short,-11.478452869355277,-0.5634167624218673,time_exit
BTC,newyork,1.0,2026-08-05 12:30:00+00:00,short,10.177373403774201,0.505246919533099,take_profit
BTC,newyork,1.0,2026-08-05 15:40:00+00:00,short,-28.42704961588268,-1.3971185487104052,stop_loss
BTC,newyork,1.0,2026-08-06 13:35:00+00:00,long,10.362549834618136,0.5239334061530887,take_profit
BTC,newyork,1.0,2026-08-07 08:10:00+00:00,long,1.9580623538575175,0.09797354576342497,take_profit
BTC,newyork,1.0,2026-08-08 21:30:00+00:00,long,-40.24963582619923,-2.0099909812886056,stop_loss
BTC,newyork,1.0,2026-08-10 07:45:00+00:00,short,4.48123861450695,0.23315750315260841,take_profit
BTC,newyork,1.0,2026-08-10 11:25:00+00:00,long,6.372282775492609,0.3300090826783331,take_profit
BTC,newyork,1.0,2026-08-13 19:35:00+00:00,long,7.7933837073661145,0.40095894628696416,take_profit
BTC,newyork,1.0,2026-08-14 08:45:00+00:00,long,-26.872555224350748,-1.3715574944793387,stop_loss
BTC,newyork,1.0,2026-08-14 16:00:00+00:00,long,-0.5150382788646701,-0.02702864074819192,time_exit
BTC,newyork,1.0,2026-08-15 23:45:00+00:00,short,-5.6174800601564865,-0.2949586036493983,take_profit
BTC,newyork,1.0,2026-08-16 04:05:00+00:00,short,-6.893983834821239,-0.36413242579378485,take_profit
BTC,newyork,1.0,2026-08-16 19:40:00+00:00,short,2.711346135192553,0.14426083600724446,take_profit
BTC,newyork,1.0,2026-08-22 10:25:00+00:00,long,14.307116373606796,0.7590394719881982,take_profit
BTC,newyork,1.5,2026-07-08 18:10:00+00:00,long,1.8354436760979185,0.09177218380489592,time_exit
BTC,newyork,1.5,2026-07-12 00:00:00+00:00,long,21.851576404123744,1.0905771273145606,take_profit
BTC,newyork,1.5,2026-07-12 07:00:00+00:00,long,10.002712334828349,0.48856301479941017,take_profit
BTC,newyork,1.5,2026-07-12 10:30:00+00:00,long,20.34888451673947,0.9842839625192741,take_profit
BTC,newyork,1.5,2026-07-13 01:00:00+00:00,short,27.993034194551704,1.32789414661281,take_profit
BTC,newyork,1.5,2026-07-15 23:00:00+00:00,long,-29.567279374039227,-1.366285327386734,stop_loss
BTC,newyork,1.5,2026-07-19 08:00:00+00:00,short,6.903487156953487,0.32796773659233314,take_profit
BTC,newyork,1.5,2026-07-19 17:25:00+00:00,short,18.282490936838467,0.8628962443538003,take_profit
BTC,newyork,1.5,2026-07-19 22:30:00+00:00,short,-32.02000091084499,-1.485639610074732,stop_loss
BTC,newyork,1.5,2026-07-20 01:40:00+00:00,short,25.20104319689023,1.205064639839122,take_profit
BTC,newyork,1.5,2026-07-27 14:40:00+00:00,short,27.309213453770887,1.2751406829508118,time_exit
BTC,newyork,1.5,2026-07-29 00:10:00+00:00,short,23.493656540143874,1.0697016584505996,take_profit
BTC,newyork,1.5,2026-07-29 02:15:00+00:00,short,-27.265386295285822,-1.2154312335111972,stop_loss
BTC,newyork,1.5,2026-07-29 21:20:00+00:00,long,25.917767047141904,1.1841421854887348,take_profit
BTC,newyork,1.5,2026-08-04 05:45:00+00:00,short,-12.623765466294692,-0.5634167624218673,time_exit
BTC,newyork,1.5,2026-08-05 12:30:00+00:00,short,22.277247548125136,1.00559691953307,take_profit
BTC,newyork,1.5,2026-08-05 15:40:00+00:00,short,-31.57320615026812,-1.3971185487104052,stop_loss
BTC,newyork,1.5,2026-08-06 13:35:00+00:00,long,22.485403039217047,1.0235834061530704,take_profit
BTC,newyork,1.5,2026-08-07 08:10:00+00:00,long,13.396954777207396,0.5976235457634148,take_profit
BTC,newyork,1.5,2026-08-08 21:30:00+00:00,long,-45.59661633102354,-2.0099909812886056,stop_loss
BTC,newyork,1.5,2026-08-10 07:45:00+00:00,short,15.97069789306601,0.7335075031525748,take_profit
BTC,newyork,1.5,2026-08-10 11:25:00+00:00,long,-36.86329005067523,-1.6685909173216744,stop_loss
BTC,newyork,1.5,2026-08-13 19:35:00+00:00,long,-34.117946407430566,-1.5976410537130428,stop_loss
BTC,newyork,1.5,2026-08-14 08:45:00+00:00,long,-28.353991973361556,-1.371557494479339,stop_loss
BTC,newyork,1.5,2026-08-14 16:00:00+00:00,long,-0.543431434152188,-0.0270286407481919,time_exit
BTC,newyork,1.5,2026-08-15 23:45:00+00:00,short,1.6590765351461698,0.08256209452592415,take_profit
BTC,newyork,1.5,2026-08-16 19:40:00+00:00,short,12.97477557343382,0.6446108360072181,take_profit
BTC,newyork,1.5,2026-08-22 10:25:00+00:00,long,11.250003084211283,0.5518069356793811,time_exit
BTC,newyork,2.0,2026-07-08 18:10:00+00:00,long,1.8354436760979185,0.09177218380489592,time_exit
BTC,newyork,2.0,2026-07-12 00:00:00+00:00,long,-28.20513153915224,-1.4076728726854268,stop_loss
BTC,newyork,2.0,2026-07-12 07:00:00+00:00,long,19.243082921137436,0.9882130147993381,take_profit
BTC,newyork,2.0,2026-07-12 10:30:00+00:00,long,29.46717102817057,1.4839339625192967,take_profit
BTC,newyork,2.0,2026-07-13 01:00:00+00:00,short,37.38176311584028,1.8282441466128039,take_profit
BTC,newyork,2.0,2026-07-15 23:00:00+00:00,long,-28.957661389858302,-1.3662853273867337,stop_loss
BTC,newyork,2.0,2026-07-19 08:00:00+00:00,short,16.230220809665777,0.7872903154564799,take_profit
BTC,newyork,2.0,2026-07-19 17:25:00+00:00,short,28.54623699542796,1.3632462443537672,take_profit
BTC,newyork,2.0,2026-07-19 22:30:00+00:00,short,-31.957329969629356,-1.485639610074732,stop_loss
BTC,newyork,2.0,2026-07-20 01:40:00+00:00,short,35.594861659929606,1.7054146398391354,take_profit
BTC,newyork,2.0,2026-07-27 14:40:00+00:00,short,27.522092202103817,1.2751406829508116,time_exit
BTC,newyork,2.0,2026-07-29 00:10:00+00:00,short,34.751546943525405,1.5700516584505921,take_profit
BTC,newyork,2.0,2026-07-29 21:20:00+00:00,long,38.439369137523684,1.683792185488749,take_profit
BTC,newyork,2.0,2026-08-04 05:45:00+00:00,short,-13.295414844714067,-0.5634167624218673,time_exit
BTC,newyork,2.0,2026-08-05 12:30:00+00:00,short,35.13664060299861,1.5059469195331212,take_profit
BTC,newyork,2.0,2026-08-05 15:40:00+00:00,short,-33.579266261983356,-1.3971185487104052,stop_loss
BTC,newyork,2.0,2026-08-06 13:35:00+00:00,long,35.587412505029576,1.5232334061530903,take_profit
BTC,newyork,2.0,2026-08-07 08:10:00+00:00,long,26.416663929994115,1.0972735457634775,take_profit
BTC,newyork,2.0,2026-08-08 21:30:00+00:00,long,-49.45211771244311,-2.009990981288605,stop_loss
BTC,newyork,2.0,2026-08-10 07:45:00+00:00,short,29.136448871954563,1.2338575031526025,take_profit
BTC,newyork,2.0,2026-08-10 11:25:00+00:00,long,-40.37462854253082,-1.6685909173216742,stop_loss
BTC,newyork,2.0,2026-08-13 19:35:00+00:00,long,-37.367782716636576,-1.5976410537130423,stop_loss
BTC,newyork,2.0,2026-08-14 08:45:00+00:00,long,-31.054794405183706,-1.371557494479339,stop_loss
BTC,newyork,2.0,2026-08-14 16:00:00+00:00,long,-0.5951949015420963,-0.027028640748191897,time_exit
BTC,newyork,2.0,2026-08-15 23:45:00+00:00,short,10.125958799417244,0.4600827927012464,take_profit
BTC,newyork,2.0,2026-08-16 19:40:00+00:00,short,25.43131114046922,1.144960836007262,take_profit
BTC,newyork,2.0,2026-08-22 10:25:00+00:00,long,12.537129750678686,0.5518069356793812,time_exit
BTC,newyork,2.3,2026-07-08 18:10:00+00:00,long,1.8354436760979185,0.09177218380489592,time_exit
BTC,newyork,2.3,2026-07-12 00:00:00+00:00,long,-28.20513153915224,-1.4076728726854268,stop_loss
BTC,newyork,2.3,2026-07-12 07:00:00+00:00,long,25.08077554664921,1.2880030147993933,take_profit
BTC,newyork,2.3,2026-07-12 10:30:00+00:00,long,-30.24029336016769,-1.5139660374807125,stop_loss
BTC,newyork,2.3,2026-07-13 01:00:00+00:00,short,41.226913561021775,2.128454146612798,take_profit
BTC,newyork,2.3,2026-07-15 23:00:00+00:00,long,-27.59070326757078,-1.366285327386734,stop_loss
BTC,newyork,2.3,2026-07-19 08:00:00+00:00,short,20.87731373451016,1.0628838627749346,take_profit
BTC,newyork,2.3,2026-07-19 17:25:00+00:00,short,33.368410547010285,1.663456244353758,take_profit
BTC,newyork,2.3,2026-07-19 22:30:00+00:00,short,-30.792933281210026,-1.4856396100747318,stop_loss
BTC,newyork,2.3,2026-07-20 01:40:00+00:00,short,40.33551005842856,2.005624639839125,take_profit
BTC,newyork,2.3,2026-07-27 14:40:00+00:00,short,26.673273087485086,1.2751406829508114,time_exit
BTC,newyork,2.3,2026-07-29 00:10:00+00:00,short,-30.719401088314644,-1.432048341549432,stop_loss
BTC,newyork,2.3,2026-07-29 21:20:00+00:00,long,41.33186937603608,1.983582185488742,take_profit
BTC,newyork,2.3,2026-08-04 05:45:00+00:00,short,-12.205647172922069,-0.5634167624218673,time_exit
BTC,newyork,2.3,2026-08-05 12:30:00+00:00,short,38.6869925827841,1.8061569195331038,take_profit
BTC,newyork,2.3,2026-08-05 15:40:00+00:00,short,-31.00659822626379,-1.3971185487104052,stop_loss
BTC,newyork,2.3,2026-08-06 13:35:00+00:00,long,39.328295201440326,1.8230234061531025,take_profit
BTC,newyork,2.3,2026-08-07 08:10:00+00:00,long,31.237896321888236,1.3970635457634712,take_profit
BTC,newyork,2.3,2026-08-08 21:30:00+00:00,long,-46.19851653743322,-2.0099909812886056,stop_loss
BTC,newyork,2.3,2026-08-10 07:45:00+00:00,short,33.84224918691049,1.5340675031525943,take_profit
BTC,newyork,2.3,2026-08-10 11:25:00+00:00,long,-37.939276238973605,-1.668590917321674,stop_loss
BTC,newyork,2.3,2026-08-13 19:35:00+00:00,long,-35.113799980376285,-1.5976410537130423,stop_loss
BTC,newyork,2.3,2026-08-14 08:45:00+00:00,long,-29.181604042293024,-1.371557494479339,stop_loss
BTC,newyork,2.3,2026-08-14 16:00:00+00:00,long,-0.5592934127393172,-0.027028640748191914,time_exit
BTC,newyork,2.3,2026-08-15 23:45:00+00:00,short,8.209709383943325,0.3969603378953324,time_exit
BTC,newyork,2.3,2026-08-16 19:40:00+00:00,short,30.12549520801616,1.4451708360072464,take_profit
BTC,newyork,2.3,2026-08-22 10:25:00+00:00,long,11.83523185016388,0.5518069356793811,time_exit
BTC,prevday,1.0,2026-07-08 18:10:00+00:00,long,1.8354436760979185,0.09177218380489592,time_exit
BTC,prevday,1.0,2026-07-12 00:00:00+00:00,long,11.840234815468143,0.590927127314543,take_profit
BTC,prevday,1.0,2026-07-12 07:00:00+00:00,long,-0.22477214491288144,-0.011086985200599916,take_profit
BTC,prevday,1.0,2026-07-12 10:30:00+00:00,long,9.823054571230958,0.4846339625192934,take_profit
BTC,prevday,1.0,2026-07-13 01:00:00+00:00,short,16.93608753477784,0.8275441466128017,take_profit
BTC,prevday,1.0,2026-07-16 01:45:00+00:00,long,-25.22775001574313,-1.2126276829026035,stop_loss
BTC,prevday,1.0,2026-07-19 22:30:00+00:00,short,-30.15795812165159,-1.485639610074732,stop_loss
BTC,prevday,1.0,2026-07-20 01:40:00+00:00,short,13.88040260580169,0.7047146398391322,take_profit
BTC,prevday,1.0,2026-07-27 13:20:00+00:00,short,17.698983413323234,0.8860968939406572,take_profit
BTC,prevday,1.0,2026-07-28 23:25:00+00:00,long,4.6890078808128735,0.23066660222328872,take_profit
BTC,prevday,1.0,2026-07-29 00:10:00+00:00,short,11.627216833145127,0.5693516584505722,take_profit
BTC,prevday,1.0,2026-07-29 02:15:00+00:00,short,-25.10400167948639,-1.2154312335111974,stop_loss
BTC,prevday,1.0,2026-07-29 22:20:00+00:00,short,9.184996683128233,0.4557786470570162,take_profit
BTC,prevday,1.0,2026-08-01 18:05:00+00:00,long,16.698479219561534,0.8211282298859944,take_profit
BTC,prevday,1.0,2026-08-03 03:30:00+00:00,long,-26.117817470152723,-1.2635622638730653,stop_loss
BTC,prevday,1.0,2026-08-03 16:50:00+00:00,short,-26.915406724562416,-1.3359091786133062,stop_loss
BTC,prevday,1.0,2026-08-04 05:45:00+00:00,short,-11.048221853495596,-0.5634167624218673,time_exit
BTC,prevday,1.0,2026-08-05 12:30:00+00:00,short,9.79590895485191,0.5052469195330989,take_profit
BTC,prevday,1.0,2026-08-05 14:20:00+00:00,short,-26.825167182923998,-1.369729714150175,stop_loss
BTC,prevday,1.0,2026-08-05 15:40:00+00:00,short,-26.61199895370143,-1.3971185487104052,stop_loss
BTC,prevday,1.0,2026-08-07 04:30:00+00:00,long,10.188247931407247,0.5502540563419879,take_profit
BTC,prevday,1.0,2026-08-07 21:15:00+00:00,short,-33.490023591864514,-1.7890639428968937,stop_loss
BTC,prevday,1.0,2026-08-13 19:35:00+00:00,long,7.237108071027098,0.400958946286964,take_profit
BTC,prevday,1.0,2026-08-14 08:45:00+00:00,long,-24.95444772204055,-1.371557494479339,stop_loss
BTC,prevday,1.0,2026-08-14 16:00:00+00:00,long,-0.4782759100307583,-0.02702864074819194,time_exit
BTC,prevday,1.0,2026-08-16 17:25:00+00:00,short,4.089671056822683,0.23124316685260426,take_profit
BTC,prevday,1.5,2026-07-08 18:10:00+00:00,long,1.8354436760979185,0.09177218380489592,time_exit
BTC,prevday,1.5,2026-07-12 00:00:00+00:00,long,21.851576404123744,1.0905771273145606,take_profit
BTC,prevday,1.5,2026-07-12 07:00:00+00:00,long,10.002712334828349,0.48856301479941017,take_profit
BTC,prevday,1.5,2026-07-12 10:30:00+00:00,long,20.34888451673947,0.9842839625192741,take_profit
BTC,prevday,1.5,2026-07-13 01:00:00+00:00,short,27.993034194551704,1.32789414661281,take_profit
BTC,prevday,1.5,2026-07-16 01:45:00+00:00,long,-26.242030678652263,-1.2126276829026033,stop_loss
BTC,prevday,1.5,2026-07-19 22:30:00+00:00,short,-31.370457600857073,-1.485639610074732,stop_loss
BTC,prevday,1.5,2026-07-20 01:40:00+00:00,short,24.689826190406244,1.205064639839122,take_profit
BTC,prevday,1.5,2026-07-27 13:20:00+00:00,short,29.09067798511796,1.3864468939406538,take_profit
BTC,prevday,1.5,2026-07-28 23:25:00+00:00,long,15.748542346760974,0.7303166022232891,take_profit
BTC,prevday,1.5,2026-07-29 00:10:00+00:00,short,23.40396427642417,1.0697016584505998,take_profit
BTC,prevday,1.5,2026-07-29 02:15:00+00:00,short,-27.161294613608348,-1.2154312335111972,stop_loss
BTC,prevday,1.5,2026-07-29 22:20:00+00:00,short,20.847254604053955,0.9561286470570131,take_profit
BTC,prevday,1.5,2026-08-01 18:05:00+00:00,long,29.34869958959178,1.320778229886005,take_profit
BTC,prevday,1.5,2026-08-03 03:30:00+00:00,long,-28.81899537363096,-1.2635622638730653,stop_loss
BTC,prevday,1.5,2026-08-03 16:50:00+00:00,short,-29.699073544755276,-1.335909178613306,stop_loss
BTC,prevday,1.5,2026-08-04 05:45:00+00:00,short,-12.190859931026091,-0.5634167624218673,time_exit
BTC,prevday,1.5,2026-08-05 12:30:00+00:00,short,21.51329611066525,1.00559691953307,take_profit
BTC,prevday,1.5,2026-08-05 14:20:00+00:00,short,-29.89274022252028,-1.369729714150175,stop_loss
BTC,prevday,1.5,2026-08-05 15:40:00+00:00,short,-29.655195291061236,-1.397118548710405,stop_loss
BTC,prevday,1.5,2026-08-07 04:30:00+00:00,long,21.662528971866273,1.049904056341994,take_profit
BTC,prevday,1.5,2026-08-07 21:15:00+00:00,short,-37.68862833583185,-1.7890639428968937,stop_loss
BTC,prevday,1.5,2026-08-13 19:35:00+00:00,long,-32.451833572661414,-1.5976410537130423,stop_loss
BTC,prevday,1.5,2026-08-14 08:45:00+00:00,long,-26.96935558934196,-1.3715574944793387,stop_loss
BTC,prevday,1.5,2026-08-14 16:00:00+00:00,long,-0.5168935506452024,-0.027028640748191897,time_exit
BTC,prevday,1.5,2026-08-16 17:25:00+00:00,short,13.9833657350235,0.7315931668526385,take_profit
BTC,prevday,2.0,2026-07-08 18:10:00+00:00,long,1.8354436760979185,0.09177218380489592,time_exit
BTC,prevday,2.0,2026-07-12 00:00:00+00:00,long,-28.20513153915224,-1.4076728726854268,stop_loss
BTC,prevday,2.0,2026-07-12 07:00:00+00:00,long,19.243082921137436,0.9882130147993381,take_profit
BTC,prevday,2.0,2026-07-12 10:30:00+00:00,long,29.46717102817057,1.4839339625192967,take_profit
BTC,prevday,2.0,2026-07-13 01:00:00+00:00,short,37.38176311584028,1.8282441466128039,take_profit
BTC,prevday,2.0,2026-07-16 01:45:00+00:00,long,-25.700972651609703,-1.2126276829026035,stop_loss
BTC,prevday,2.0,2026-07-19 22:30:00+00:00,short,-30.723661699092133,-1.4856396100747318,stop_loss
BTC,prevday,2.0,2026-07-20 01:40:00+00:00,short,34.220771538328435,1.7054146398391354,take_profit
BTC,prevday,2.0,2026-07-27 13:20:00+00:00,short,39.15173239580403,1.88679689394066,take_profit
BTC,prevday,2.0,2026-07-28 23:25:00+00:00,long,26.48536772230611,1.2299666022232898,take_profit
BTC,prevday,2.0,2026-07-29 00:10:00+00:00,short,34.64022453449243,1.570051658450592,take_profit
BTC,prevday,2.0,2026-07-29 22:20:00+00:00,short,33.14350548728966,1.4564786470570097,take_profit
BTC,prevday,2.0,2026-08-01 18:05:00+00:00,long,30.086364016181342,1.2847106637103312,time_exit
BTC,prevday,2.0,2026-08-03 03:30:00+00:00,long,-30.351414052177745,-1.2635622638730653,stop_loss
BTC,prevday,2.0,2026-08-03 16:50:00+00:00,short,-31.278289421140766,-1.3359091786133062,stop_loss
BTC,prevday,2.0,2026-08-04 05:45:00+00:00,short,-12.839095625006786,-0.5634167624218673,time_exit
BTC,prevday,2.0,2026-08-05 12:30:00+00:00,short,33.93069670351434,1.5059469195331212,take_profit
BTC,prevday,2.0,2026-08-05 14:20:00+00:00,short,-31.791085826019618,-1.369729714150175,stop_loss
BTC,prevday,2.0,2026-08-05 15:40:00+00:00,short,-31.538455546984146,-1.3971185487104052,stop_loss
BTC,prevday,2.0,2026-08-07 04:30:00+00:00,long,34.00211310692845,1.5495540563419634,take_profit
BTC,prevday,2.0,2026-08-07 21:15:00+00:00,short,-40.47435604039312,-1.7890639428968937,stop_loss
BTC,prevday,2.0,2026-08-13 19:35:00+00:00,long,-34.85048737989552,-1.5976410537130425,stop_loss
BTC,prevday,2.0,2026-08-14 08:45:00+00:00,long,-28.962776001725764,-1.3715574944793387,stop_loss
BTC,prevday,2.0,2026-08-14 16:00:00+00:00,long,-0.5550993635899095,-0.027028640748191897,time_exit
BTC,prevday,2.0,2026-08-16 17:25:00+00:00,short,25.287294432512947,1.2319431668526093,take_profit
BTC,prevday,2.3,2026-07-08 18:10:00+00:00,long,1.8354436760979185,0.09177218380489592,time_exit
BTC,prevday,2.3,2026-07-12 00:00:00+00:00,long,-28.20513153915224,-1.4076728726854268,stop_loss
BTC,prevday,2.3,2026-07-12 07:00:00+00:00,long,25.08077554664921,1.2880030147993933,take_profit
BTC,prevday,2.3,2026-07-12 10:30:00+00:00,long,-30.24029336016769,-1.5139660374807125,stop_loss
BTC,prevday,2.3,2026-07-13 01:00:00+00:00,short,41.226913561021775,2.128454146612798,take_profit
BTC,prevday,2.3,2026-07-16 01:45:00+00:00,long,-24.48774783887978,-1.2126276829026035,stop_loss
BTC,prevday,2.3,2026-07-19 22:30:00+00:00,short,-29.273338817676837,-1.485639610074732,stop_loss
BTC,prevday,2.3,2026-07-20 01:40:00+00:00,short,38.34500083318443,2.005624639839125,take_profit
BTC,prevday,2.3,2026-07-27 13:20:00+00:00,short,43.490015239321544,2.18700689394066,take_profit
BTC,prevday,2.3,2026-07-28 23:25:00+00:00,long,31.750760275206638,1.5297566022232647,take_profit
BTC,prevday,2.3,2026-07-29 00:10:00+00:00,short,-30.632155513962356,-1.4320483415494323,stop_loss
BTC,prevday,2.3,2026-07-29 22:20:00+00:00,short,36.500133875360454,1.7566886470570346,take_profit
BTC,prevday,2.3,2026-08-01 18:05:00+00:00,long,27.631309672354597,1.284710663710331,time_exit
BTC,prevday,2.3,2026-08-03 03:30:00+00:00,long,-27.87473156339289,-1.2635622638730653,stop_loss
BTC,prevday,2.3,2026-08-03 16:50:00+00:00,short,-28.72597368536286,-1.3359091786133062,stop_loss
BTC,prevday,2.3,2026-08-04 05:45:00+00:00,short,-11.791422417701739,-0.5634167624218674,time_exit
BTC,prevday,2.3,2026-08-05 12:30:00+00:00,short,37.37406670464091,1.8061569195331038,take_profit
BTC,prevday,2.3,2026-08-05 14:20:00+00:00,short,-29.367104367128558,-1.369729714150175,stop_loss
BTC,prevday,2.3,2026-08-05 15:40:00+00:00,short,-29.133736440932736,-1.3971185487104052,stop_loss
BTC,prevday,2.3,2026-08-07 04:30:00+00:00,long,37.48630698759159,1.8493440563419672,take_profit
BTC,prevday,2.3,2026-08-07 21:15:00+00:00,short,-37.60573373553404,-1.7890639428968937,stop_loss
BTC,prevday,2.3,2026-08-13 19:35:00+00:00,long,-32.38045708877968,-1.5976410537130423,stop_loss
BTC,prevday,2.3,2026-08-14 08:45:00+00:00,long,-26.91003759209495,-1.3715574944793387,stop_loss
BTC,prevday,2.3,2026-08-14 16:00:00+00:00,long,-0.515756664370238,-0.027028640748191918,time_exit
BTC,prevday,2.3,2026-08-16 17:25:00+00:00,short,29.220523648146695,1.5321531668526172,take_profit
